date,"1호선
설화명곡
(1_1_total_kwh)","1호선
월배기지
(1_2_total_kwh)","1호선
서부정류장
(1_3_total_kwh)","1호선
반월당
(1_4_total_kwh)","1호선
신천
(1_5_total_kwh)","1호선
방촌
(1_6_total_kwh)","1호선
안심
(1_7_total_kwh)","2호선
문양기지
(2_1_total_kwh)","2호선
대실
(2_2_total_kwh)","2호선
성서산단
(2_3_total_kwh)","2호선
죽전
(2_4_total_kwh)","2호선
반고개
(2_5_total_kwh)","2호선
대구은행
(2_6_total_kwh)","2호선
만촌
(2_7_total_kwh)","2호선
대공원
(2_8_total_kwh)","2호선
사월
(2_9_total_kwh)","2호선
영남대
(2_10_total_kwh)","3호선
칠곡기지
(3_1_total_kwh)","3호선
팔달시장
(3_2_total_kwh)","3호선
남산
(3_3_total_kwh)","3호선
범물기지
(3_4_total_kwh)","1호선
설화명곡
(1_1_peak_kw)","1호선
월배기지
(1_2_peak_kw)","1호선
서부정류장
(1_3_peak_kw)","1호선
반월당
(1_4_peak_kw)","1호선
신천
(1_5_peak_kw)","1호선
방촌
(1_6_peak_kw)","1호선
안심
(1_7_peak_kw)","2호선
문양기지
(2_1_peak_kw)","2호선
대실
(2_2_peak_kw)","2호선
성서산단
(2_3_peak_kw)","2호선
죽전
(2_4_peak_kw)","2호선
반고개
(2_5_peak_kw)","2호선
대구은행
(2_6_peak_kw)","2호선
만촌
(2_7_peak_kw)","2호선
대공원
(2_8_peak_kw)","2호선
사월
(2_9_peak_kw)","2호선
영남대
(2_10_peak_kw)","3호선
칠곡기지
(3_1_peak_kw)","3호선
팔달시장
(3_2_peak_kw)","3호선
남산
(3_3_peak_kw)","3호선
범물기지
(3_4_peak_kw)","휴일
(is_holiday)","승객수
(passengers)"
2023-01-01,15798,60298,39472,22312,42158,27115,52331,33035,8492,30691,27084,28461,23953,19016,29480,19912,19378,28443,26734,30154,21646,1167,3192,2424,1438,2621,1832,2723,1711,532,1932,1754,1817,1448,1390,1771,1261,1241,1518,1619,1774,1227,1,98575
2023-01-02,16056,64659,35744,24079,38870,28626,54948,35044,9207,29608,30021,31760,22951,19198,29698,19318,20571,31720,26026,32354,22023,1171,3703,2988,1636,2586,1809,3009,1814,664,2054,2167,2021,1839,1294,2119,1442,1320,1786,1872,2232,1460,0,161021
2023-01-03,14918,67000,38263,24173,42381,28132,53310,36238,9359,31726,28947,32266,22093,20364,28153,21308,20200,32877,25754,33450,21209,1052,4018,2916,1674,2769,1864,3060,1889,570,2172,1846,2206,1766,1483,1908,1551,1370,1757,1737,2134,1431,0,163226
2023-01-04,15309,65770,38286,25013,36947,28748,56472,36054,9246,33214,26759,31873,22343,22194,30142,18428,20871,33666,24694,32094,21482,1020,3842,2969,1701,2517,2204,3139,1872,618,2230,1934,2141,1590,1584,1956,1371,1459,1786,1794,2195,1374,0,165058
2023-01-05,16666,68174,43539,30059,35282,33496,60111,36556,10079,34918,31451,35408,25411,23336,32042,21275,22327,33665,24425,32025,22028,1258,3962,3382,2039,2275,2277,3661,1956,666,2333,2081,2503,1634,1495,2306,1432,1493,1846,1794,2131,1403,0,165119
2023-01-06,17042,66956,45145,28885,33656,35470,57115,34874,10371,35092,30154,36379,24517,22511,32040,20208,22812,32114,24549,31887,22019,1336,4166,2962,2262,2519,2373,3345,1846,668,2285,2340,2237,1932,1663,2287,1582,1620,1748,1837,1993,1411,0,181210
2023-01-07,16372,60068,43454,27522,32046,34911,55263,32728,10071,34976,26052,35368,24132,22065,32426,20072,22021,30185,22711,31283,19837,1064,3540,3079,1743,2162,2317,3082,1685,626,2203,1656,2222,1619,1474,2047,1415,1536,1555,1498,1921,1164,1,155568
2023-01-08,17078,56523,39660,27691,30254,30954,53260,34855,9096,29595,24353,33910,19136,23370,27532,19673,19222,30723,21478,32302,19353,1296,3437,2762,1699,2112,1962,3120,1728,588,2011,1630,2033,1450,1618,1810,1467,1238,1521,1475,1866,1218,1,116164
2023-01-09,18268,63890,43910,27568,32175,31443,56886,35067,9636,32648,27810,35228,23172,23444,30684,39862,171,31922,24229,31630,20858,1288,4138,3242,1980,2271,2319,3312,1889,651,2354,1817,2359,1601,1682,2134,2809,386,1820,1872,2177,1388,0,167114
2023-01-10,16596,63532,43661,26796,31750,32584,54135,33222,9451,33052,27062,34514,21844,21709,31355,40344,0,30746,24286,31018,21333,1029,3706,3058,1983,2020,2216,2949,1714,591,2174,2042,2232,1609,1426,2184,2734,0,1820,1740,2033,1377,0,170751
2023-01-11,18091,60142,45320,44220,158,42604,55796,33107,9444,33286,26733,35618,21379,23230,27058,20090,20587,30892,24429,30650,20928,1244,3859,3538,3243,355,2709,3093,1786,622,2294,1862,2302,1511,1666,1858,1430,1454,1757,1693,2134,1319,0,174958
2023-01-12,18424,64109,38542,51285,0,43856,56229,32534,9540,33053,27593,38092,23467,22741,28516,19543,22582,29604,23681,32688,18575,1427,3974,2674,3567,0,2930,3012,1898,603,2066,2105,2364,1638,1601,1990,1465,1565,1780,1760,2088,1161,0,172018
2023-01-13,17397,58575,41031,28930,30724,32434,50230,29019,10127,31628,27345,36159,24277,19435,30815,18169,20885,25990,24130,28419,19860,1188,3864,2702,1981,2024,2116,3014,1622,649,2362,1891,2525,1897,1354,1982,1419,1392,1593,1763,2025,1198,0,168367
2023-01-14,18092,48476,36830,25032,28476,28659,47511,24813,8710,30379,22842,30659,18464,19359,29842,18966,18196,25086,21714,29234,17870,1087,2904,2393,1684,1826,1914,2813,1409,555,2095,1402,1805,1158,1409,1805,1548,1246,1351,1630,1786,1215,1,155277
2023-01-15,13244,55469,33767,25715,29757,29511,47233,32379,8402,24725,25033,30331,18080,19190,29287,15997,19795,27989,22753,31688,18207,852,3041,2249,1578,1899,2087,2513,1615,515,1740,1548,1889,1116,1246,1843,1154,1378,1460,1472,1863,1161,1,110085
2023-01-16,16416,61393,41449,26748,30763,31696,54966,34489,8741,32241,24862,32645,21206,20849,29255,18708,20225,31650,25939,32222,22113,1150,3883,2762,1878,2087,2400,3272,1788,566,2357,1663,2126,1576,1454,2026,1302,1498,1716,1794,2111,1446,0,176984
2023-01-17,18641,62152,38801,27308,32714,29212,58240,35930,8804,33455,24593,32170,23351,19320,30045,18398,22031,33261,26687,32440,22056,1212,3638,2995,2068,2333,1981,3195,1894,538,2244,1800,2282,1699,1361,2093,1373,1464,1797,1826,2186,1408,0,173712
2023-01-18,17804,62801,40565,26141,32963,31470,55404,34537,9105,33327,25928,34090,21935,21130,29089,19668,20509,32862,25322,32135,22661,1231,4082,2695,1908,2431,2158,2997,1764,576,2472,1644,2285,1684,1442,2023,1524,1610,1812,1780,2220,1452,0,176584
2023-01-19,17472,63670,42221,26883,33026,31362,57064,34417,9250,34463,26508,32545,24799,19297,30638,19853,19831,33199,25452,31181,23023,1231,3905,2806,1895,2241,2052,3162,1750,586,2338,2026,2302,1668,1445,2059,1599,1344,1817,1737,2091,1423,0,177644
2023-01-20,18029,61046,39695,26627,31516,30217,56352,34181,8684,34367,23609,33854,22494,20729,28508,19623,20473,32381,26361,32787,22021,1267,3655,2690,1880,2196,2041,3189,1723,532,2076,1742,2328,1617,1632,1944,1634,1366,1725,1849,2174,1391,0,188911
2023-01-21,15723,58432,41163,25473,31287,27830,58402,35146,8439,31645,23921,31899,21072,19637,30735,19436,18764,31647,25749,33340,21655,1023,3151,2820,1576,2181,1955,3084,1910,486,1860,1517,1942,1392,1325,1901,1306,1284,1596,1616,1918,1227,1,104710
2023-01-22,17431,58638,38116,26876,29088,28032,57280,32137,8376,33292,22964,31516,20314,18503,31340,18753,19079,30749,24337,33191,21465,1173,3238,2530,1601,1855,2037,3060,1642,478,1939,1483,1894,1304,1174,1951,1204,1145,1544,1541,1987,1126,1,65314
2023-01-23,17464,55955,37805,25485,30066,30441,50564,33280,8451,29612,23245,32341,19968,18726,29741,17868,20005,29277,24081,29893,21257,1083,2918,2611,1724,2168,2141,2732,1834,563,1795,1646,1884,1375,1303,1934,1267,1294,1555,1552,1757,1112,1,108185
2023-01-24,15489,65689,37664,26854,32967,30308,59336,36793,8306,34057,22612,32342,22145,17570,29958,18562,19813,33828,25348,34534,20390,1043,3576,2772,1839,2262,1885,3498,2014,488,2076,1519,2081,1507,1097,1874,1386,1298,1659,1760,2128,1290,1,101443
2023-01-25,18425,70933,42593,26663,34706,30141,66210,40589,8931,35197,26531,32365,25213,31233,218,35970,20923,36677,29232,32710,25070,1319,4229,3132,1845,2511,2346,3414,2098,563,2338,1867,2028,1922,1968,528,2663,1286,1863,2028,2085,1480,0,151941
2023-01-26,18915,65419,42496,26074,34641,29347,63255,38593,9336,35232,26695,32486,26578,30224,0,37566,21501,34297,28527,31742,24922,1323,3876,2930,1786,2302,2350,3396,1982,607,2417,1898,2110,1872,1920,0,2759,1423,1958,2022,2143,1460,0,166158
2023-01-27,17343,64708,42939,26435,34093,31667,57856,36778,9567,34969,26801,32441,25617,19178,29234,20470,20646,34522,28091,34320,22315,1139,3919,3026,1818,2325,2229,3268,1824,557,2290,1915,2220,1780,1361,1915,1373,1418,1742,1996,2174,1480,0,177502
2023-01-28,15883,62662,39012,26291,33239,29843,60256,38075,9045,31901,25267,33321,20993,20360,30985,17892,21028,32793,25752,32532,22841,1085,3528,2491,1607,2118,2129,3037,1826,530,1937,1603,2004,1496,1411,2021,1354,1481,1668,1650,1993,1299,1,154870
2023-01-29,14905,60611,37531,26095,30321,26129,59660,34720,8808,34228,20010,32487,21323,20269,28745,15913,21330,30792,24694,33240,20176,914,3106,2429,1749,2129,1655,3281,1738,515,2201,1260,1997,1392,1356,1747,998,1411,1567,1552,1930,1210,1,118212
2023-01-30,15494,66884,38263,26561,32752,29480,59147,34439,9062,34457,25305,31877,23797,19344,30351,18844,20824,31459,27752,31835,22162,1217,4111,3005,1857,2358,2083,3235,1848,540,2446,1949,2220,1793,1301,1999,1432,1430,1745,1840,2192,1411,0,171841
2023-01-31,17690,62882,41834,26412,33635,29795,57287,35450,9550,31708,26917,34909,22233,21344,28774,20230,20523,32445,25433,32963,21241,1164,4051,3031,1937,2200,1976,3241,1781,612,2110,1862,2364,1517,1634,2066,1417,1373,1777,1763,2180,1345,0,171102
2023-02-01,17702,62026,41176,27555,33135,30840,55364,34207,9474,30575,27932,33739,22609,19501,31203,19453,20344,30885,26198,32530,20063,1146,3682,2942,1980,2189,2054,3036,1735,611,2042,2047,2354,1546,1411,2038,1371,1421,1644,1814,2143,1178,0,185204
2023-02-02,16826,61268,44300,25407,31907,29968,55739,34483,9326,30916,27878,33729,22472,19529,31032,19029,20386,32225,25116,33222,21423,1083,3948,3067,1774,2479,2043,3001,1778,628,2059,1937,2179,1636,1346,2035,1515,1514,1765,1742,2212,1408,0,171530
2023-02-03,16390,63878,42683,25420,33020,30208,55513,34378,9269,30074,29222,34316,21113,21101,28681,19759,20426,33097,24160,32531,20706,1025,3876,3168,1849,2225,2337,3101,1730,559,1997,2021,2196,1538,1574,1927,1459,1474,1711,1734,2079,1368,0,185902
2023-02-04,15682,60136,38868,26667,31036,28595,59145,34369,9034,30005,28241,32112,22093,20597,29237,20195,20999,30885,24543,30747,20578,1006,3254,2482,1667,2031,1960,3233,1704,574,1913,1762,2107,1511,1358,1975,1551,1387,1549,1682,1915,1189,1,161411
2023-02-05,18882,54986,41101,25827,30620,30339,57408,33284,9105,30709,26738,33640,19816,20455,30403,19040,19498,30833,22530,30493,21015,1250,3298,2573,1596,2062,2127,3295,1745,564,1896,1687,1961,1238,1306,1954,1292,1354,1518,1593,1863,1192,1,122628
2023-02-06,17093,63212,50821,140,55252,32792,56885,33983,9736,33176,29170,35802,23484,21548,30782,20686,21212,31530,24200,31350,20971,1150,4310,3310,403,4040,2239,3024,1838,582,2143,2134,2448,1676,1512,2165,1559,1459,1725,1765,2186,1359,0,170798
2023-02-07,19028,59484,49133,0,55356,33281,55592,31630,10070,34792,27293,34346,22330,22680,32234,18987,21451,30604,23694,29989,20789,1235,3917,3718,0,3836,2644,3410,1747,634,2328,1894,2261,1672,1673,2100,1486,1423,1708,1745,1979,1397,0,172629
2023-02-08,18552,60130,42473,26554,31317,33035,54692,31695,9694,32534,27350,35162,21591,21615,32270,19909,21038,30828,23538,30576,20395,1332,4003,3139,1753,2135,2469,3149,1706,614,2297,2014,2460,1981,1757,2196,1517,1512,1711,1791,1976,1400,0,175715
2023-02-09,17024,61540,40526,26909,32234,32775,55300,33227,9974,30794,27463,34683,21506,21017,31064,19209,21273,31069,23902,30267,21463,1127,3823,2995,2102,2221,2312,3051,1826,622,2174,1925,2520,1757,1726,2153,1402,1538,1731,1794,2192,1356,0,174117
2023-02-10,18646,56156,40075,25138,29638,29186,51627,31739,9171,31104,24790,33922,21337,20726,27625,19089,20147,30667,23799,32553,20296,1183,3634,2801,1958,2135,2294,3028,1752,616,2263,1666,2208,1436,1375,2062,1461,1382,1722,1829,2045,1411,0,182994
2023-02-11,15972,57375,39759,28457,33640,28916,58171,30557,9562,34106,23360,38769,22969,20405,28219,22053,20666,30969,20503,32802,17874,989,3115,2484,1839,2145,1980,3059,1507,601,2126,1490,2282,1432,1296,1685,1599,1330,1590,1411,1904,1132,1,170091
2023-02-12,20915,49574,42510,27434,32165,31626,52547,29501,11529,30188,23819,35267,22088,21897,28166,20484,18795,28184,22459,30365,20103,1319,2635,2566,1897,1953,2081,3051,1433,666,2119,1536,2244,1384,1390,1812,1298,1279,1503,1472,1835,1230,1,122935
2023-02-13,17764,55992,40248,24974,30911,30645,50424,26084,11146,31519,26163,32409,22110,20314,31073,17220,20107,29470,23931,30586,19770,1194,3552,2885,1799,2317,2404,3126,1613,724,2098,1726,2496,1609,1387,2095,1423,1375,1685,1682,1889,1316,0,170669
2023-02-14,17374,58573,39652,25230,29094,28544,55363,29115,10433,30805,23853,33041,21588,19558,30504,18389,19586,30291,22982,30200,20733,1068,3778,3178,1801,2143,2028,3316,1567,595,2042,1699,2208,1484,1663,2026,1352,1366,1679,1751,2094,1339,0,178882
2023-02-15,17641,59936,39747,25659,30877,30690,54415,31154,9207,31951,25031,33943,21177,20008,29261,17610,20499,30647,24271,32631,20454,1094,3710,2911,1740,1960,2216,2970,1682,536,2038,1723,2194,1467,1406,2086,1371,1318,1653,1803,2094,1351,0,177671
2023-02-16,17985,56818,40986,25540,30306,29986,53068,31090,9206,30623,24971,33640,21307,19702,30286,18512,20041,30328,23240,30881,20571,1256,3732,3108,1816,2300,2074,3124,1654,622,2086,1726,2191,1501,1502,1978,1315,1270,1630,1679,2062,1351,0,177435
2023-02-17,17094,61178,41656,26160,33111,31905,55344,31954,9668,32691,26632,34952,24119,21248,31854,20173,20391,31985,22680,30223,21548,1177,3794,3338,1818,2317,2200,3103,1776,586,2177,1872,2352,1634,1550,2045,1524,1426,1693,1820,2016,1345,0,189387
2023-02-18,18346,51134,39139,26831,32185,28795,52767,26623,10061,30853,26098,33987,22743,21796,31671,19089,20141,27594,22157,29113,19355,1158,2983,2606,1611,1981,2208,3039,1512,622,2134,1670,2208,1582,1608,2232,1644,1289,1411,1610,1817,1166,1,164364
2023-02-19,20179,41776,38986,24157,27387,25617,50956,24667,8800,29596,23350,31119,21821,19120,28105,18469,18498,26869,22206,28767,19215,1332,2489,2275,1701,1859,1999,2878,1462,584,1910,1404,1980,1415,1152,1589,1164,1159,1524,1515,1809,1117,1,125299
2023-02-20,16444,57696,39754,25760,30785,29016,54632,34262,85,37975,25884,30637,22410,19578,29044,18681,20171,31183,25244,29977,21817,1160,3636,2983,1828,2085,1956,3059,1754,202,2654,1776,2230,1611,1320,2066,1592,1354,1754,1860,2111,1351,0,177341
2023-02-21,16443,60600,40708,25372,31378,29317,54838,35069,0,37830,27154,32065,21505,20271,30242,17479,20680,31405,25074,31769,21094,1041,3979,3002,1670,2248,2129,2924,1836,0,2616,1795,2194,1419,1685,2018,1427,1435,1786,1884,2117,1293,0,179214
2023-02-22,16638,59930,37846,25264,30855,28289,54948,33296,9133,30299,26967,33671,20987,20624,30209,17513,20620,30147,24330,31968,20354,1131,3770,2729,1686,2173,2029,3014,1848,568,2184,2054,2354,1457,1766,1882,1442,1418,1705,1941,2117,1469,0,179691
2023-02-23,18107,56486,38511,27468,30856,29869,53576,30490,9374,32072,25107,34049,22641,21011,27530,20151,20380,28654,22943,29513,20106,1317,3559,2954,2237,2183,2189,3120,1843,641,2434,1786,2177,1642,1582,1901,1452,1522,1624,1728,1881,1328,0,178447
2023-02-24,15214,56584,41986,27616,31569,30688,51624,30908,9495,32543,25103,35768,22541,22731,28323,18767,21200,28344,23858,30273,19466,1119,3607,3046,2124,2193,2340,3105,1800,651,2218,1927,2342,1678,1728,2045,1392,1582,1598,1714,1912,1331,0,189472
2023-02-25,19540,47854,37553,26662,29892,27803,51281,32218,8838,29942,24644,31584,20623,20458,27780,17915,20411,30051,22587,29010,20375,1194,2503,2724,1874,2172,2008,2805,1759,589,1982,1574,2026,1390,1267,1790,1584,1303,1552,1541,1806,1212,1,167914
2023-02-26,15401,51846,36284,24878,30825,26979,51585,32379,8524,27281,22573,33379,19260,19374,28213,17642,19622,29871,21292,31733,18679,1023,2974,2479,1624,2104,1755,2834,1759,534,1745,1442,2028,1350,1279,1771,1254,1226,1541,1388,1947,1138,1,128343
2023-02-27,14720,61217,38447,26733,31185,29193,55486,32006,9918,30671,26768,33346,22333,21154,28980,17404,21020,29680,24057,30456,19644,1008,3689,2842,1780,2145,1981,3203,1802,632,1961,1862,2410,1878,1514,1980,1246,1646,1788,1858,2114,1276,0,177003
2023-02-28,15583,58405,38516,27505,30214,30145,54478,30719,10738,30078,26636,32229,21252,21502,28110,17669,20909,28921,23393,29284,19776,1046,3962,2606,1987,2254,2077,3114,1831,682,2093,1867,2474,1559,1435,2146,1354,1642,1682,1627,2036,1187,0,184789
2023-03-01,14143,53729,33490,25076,28602,27770,48431,25312,8415,30173,22909,31345,19546,18235,28333,16899,19419,26677,21171,28387,18680,989,3120,2246,1548,1928,2051,2734,1428,582,1906,1510,2021,1317,1207,1757,1162,1378,1532,1420,1803,1175,1,138054
2023-03-02,16795,54375,39811,24943,29870,28041,54585,30824,8363,28943,29019,32861,20679,20237,28736,18359,20566,30571,22742,30797,20218,1185,3530,2801,1764,2031,1920,2959,1608,564,2218,2131,2333,1457,1586,1985,1519,1438,1699,1860,2013,1302,0,181377
2023-03-03,18686,54524,39561,26892,29836,30194,53392,31589,8683,28498,30203,33283,23379,17757,30921,18775,19300,30408,21609,29603,19393,1338,3576,2796,1784,2016,2152,3022,1769,551,2047,2090,2311,1699,1435,2172,1279,1450,1702,1693,1981,1244,0,192467
2023-03-04,18084,46371,36737,27280,29414,28641,49950,28660,8828,29251,24055,30895,21366,19251,30439,15583,21007,26976,20514,27588,17908,1200,2897,2544,1991,2014,1976,2778,1543,572,1908,1613,1920,1442,1231,2083,1119,1421,1480,1348,1826,1040,1,166461
2023-03-05,14322,49868,32728,26328,27500,26483,45296,28152,7944,28040,21954,28394,21086,18144,26977,16221,19425,25681,20551,26734,18585,916,2868,2424,1820,1887,2058,2623,1474,557,1711,1514,1766,1421,1260,1829,1204,1378,1428,1316,1590,1037,1,123550
2023-03-06,16003,53029,37859,27158,30927,30796,47577,29003,8591,27776,25640,33112,21629,17643,29423,17372,19900,27343,21872,28428,18281,1035,3703,2652,1847,2106,2091,2634,1606,589,1802,1754,2489,1599,1241,2038,1405,1337,1578,1472,2025,1123,0,184286
2023-03-07,15150,53246,40195,26856,29125,29495,48233,26078,8898,27875,28916,32523,21021,18781,29261,18641,20338,26488,21081,27490,18590,1021,3422,2976,1903,1956,1955,3026,1630,561,1896,1932,2386,1494,1399,1922,1356,1464,1518,1702,1826,1189,0,183160
2023-03-08,14419,52268,36506,26570,28672,28880,49517,24292,8572,30514,25247,33859,21969,18414,30139,17916,20000,22869,20950,27068,17303,1108,3398,2820,2004,2022,2028,2928,1601,557,2323,1776,2366,1722,1409,2117,1329,1392,1492,1547,1742,1166,0,184131
2023-03-09,15600,48330,37799,26597,27024,28920,48083,23406,7979,29820,23234,38417,18845,18653,29691,17224,19729,22391,20580,26312,17793,1117,3137,2818,1805,1859,1981,2909,1354,536,2074,1826,2446,1371,1351,2033,1386,1380,1489,1526,1696,1138,0,182155
2023-03-10,15877,49046,38535,26398,28982,31983,44127,24152,8582,28952,22690,36018,19844,19153,30365,16711,20004,22900,20686,26955,17327,1048,3509,2645,1866,2100,2193,2742,1526,540,1994,1778,2321,1517,1418,2054,1206,1416,1414,1403,1889,1149,0,197487
2023-03-11,14902,44534,38807,25240,28175,29645,43236,22380,7980,29835,22349,30970,19166,20453,28789,17199,19852,20090,20238,25351,17226,962,2794,2419,1703,1828,2256,2663,1310,528,1958,1567,1908,1236,1471,1838,1256,1349,1207,1466,1477,1025,1,173921
2023-03-12,15393,41305,40007,23684,24952,25962,43981,22537,7997,27757,19764,30568,18809,18585,25166,18244,17948,20128,19912,27600,17999,1096,2638,2429,1480,1834,1678,2532,1373,584,1745,1294,1798,1246,1246,1766,1279,1150,1374,1212,1575,1086,1,112888
2023-03-13,16995,52729,37570,27115,28099,30885,51026,29021,8115,27935,24590,30317,19989,20752,27961,17407,20470,29717,21501,48532,372,1112,3110,2760,2001,1958,2062,2844,1656,559,2107,1795,2369,1500,1567,2131,1440,1387,1673,1696,3070,518,0,179614
2023-03-14,15037,51854,38396,26200,28181,30590,46405,27234,8275,29735,22415,31958,25748,19817,220,42254,21049,27287,19096,28626,19098,1077,3362,2885,1832,2026,2143,2801,1474,538,1925,1735,2400,1878,1579,535,3051,1426,1633,1417,1866,1333,0,183024
2023-03-15,14902,50493,37453,26199,28213,31902,43368,24455,7971,28399,23087,29496,23259,177,49069,19283,18668,22402,21594,26175,18804,1023,3182,2753,1903,1882,2195,2494,1500,524,1915,1608,2136,1567,370,3334,1248,1418,1446,1549,1791,1233,0,185227
2023-03-16,16194,50400,37703,25366,29083,31495,43727,23876,8066,28933,22574,30147,18519,19645,28124,19093,18680,24277,22056,27091,18819,1154,3086,2614,1809,2076,1930,2602,1555,524,2194,1702,1994,1319,1416,1985,1421,1334,1426,1558,1774,1198,0,186022
2023-03-17,17131,49054,37400,25967,28305,31456,44314,24715,8412,28829,23668,30336,21032,17854,27912,18576,17597,24480,21885,26671,19287,1187,3118,2681,1922,2001,2100,2690,1514,541,2258,1644,2035,1607,1334,2064,1386,1363,1420,1598,1691,1282,0,197105
2023-03-18,14537,45746,36477,25742,27650,29201,44848,22070,7953,29887,20425,30272,18905,18762,27134,17703,18463,21597,18670,26580,16973,1077,2899,2282,1768,1899,2045,2650,1337,538,1968,1490,1834,1210,1320,1862,1478,1212,1328,1270,1581,1109,1,174352
2023-03-19,14170,44606,38042,24336,26683,27218,44557,22968,7713,28016,21385,29819,17416,19079,27100,16206,18496,23693,19151,26581,17579,958,2686,2666,1613,1891,1851,2571,1306,555,1754,1435,1853,1116,1332,1752,985,1315,1305,1273,1630,1083,1,131745
2023-03-20,13826,51775,38347,25837,29118,31935,44591,24110,8969,29701,23014,32405,19750,20834,35834,108,27440,24572,20765,25765,20183,929,3319,3026,1916,2020,2202,2730,1601,574,2191,1750,2256,1476,1541,2429,246,2234,1403,1627,1780,1264,0,182974
2023-03-21,14027,51804,35111,28487,28386,32618,41745,23731,8475,30374,23363,29231,20095,23084,33251,0,29097,22455,20103,24030,19937,973,3154,2582,1918,2085,2085,2504,1428,559,2136,1814,2155,1409,1642,2290,0,1999,1561,1524,1532,1261,0,186600
2023-03-22,16522,44008,43733,25568,28069,32037,41733,22787,8309,29500,23289,30245,22507,20653,29438,17617,18122,21401,21423,26364,17584,1098,3343,3197,1759,2114,2097,2523,1447,538,2100,1709,2218,1434,1570,2105,1359,1428,1296,1564,1820,1172,0,183028
2023-03-23,17088,45967,38343,25352,29187,31263,40520,22259,8116,29504,22538,30516,19510,19249,33132,17976,17931,21466,21203,27128,17096,1117,2981,2844,1857,1908,2029,2419,1392,566,2302,1661,1920,1336,1368,2206,1315,1306,1411,1452,1662,1120,0,168796
2023-03-24,16480,49876,36508,27311,28886,31575,42000,23879,8552,28925,23096,29501,19026,17663,32591,17829,17942,22470,20251,26668,17444,1171,3245,2388,1932,2024,2052,2469,1385,555,1805,1757,2018,1273,1382,2076,1288,1346,1503,1532,1650,1172,0,198154
2023-03-25,14239,47288,38014,23862,28354,29401,43052,22421,7816,29796,20994,29189,17890,18318,26787,16602,17387,20754,18876,27424,15915,954,2818,2371,1699,2052,2168,2565,1334,563,1990,1514,1879,1177,1291,1843,1231,1147,1382,1270,1587,1132,1,174703
2023-03-26,17188,40988,35501,24987,25981,25751,42445,21643,7737,28506,20067,28100,16779,18963,26044,16567,16958,20218,18840,25764,17767,1079,2448,2114,1745,1880,1740,2500,1246,589,1858,1414,1790,1106,1176,1598,1190,1178,1284,1175,1621,1172,1,138042
2023-03-27,18168,46197,38090,27811,23830,30676,48206,24493,7923,28805,22436,30913,18035,19012,27739,16929,18496,25654,20966,28039,17981,1233,2993,2666,2120,1778,2145,2922,1462,612,2234,1594,2210,1344,1387,1810,1225,1476,1498,1570,1797,1178,0,186331
2023-03-28,14944,51893,37827,29174,24216,32102,47162,23785,8656,29502,24278,32358,19213,19786,28271,17947,18269,24761,20681,29262,16375,933,3185,2808,1920,1843,2444,2742,1543,622,2074,1759,2153,1557,1488,1939,1206,1438,1449,1403,1814,1066,0,186891
2023-03-29,13169,54626,36678,28296,29251,31333,48301,23900,8670,31008,23444,31603,20869,19672,27798,17526,19360,22248,20822,28778,15029,962,3730,2486,2022,2131,2166,2878,1584,632,2208,1798,2458,1622,1351,2059,1357,1414,1377,1526,1938,1034,0,184941
2023-03-30,14879,50456,37132,28210,29028,32572,43652,24060,8684,30164,23794,30536,19746,19972,29457,17415,18851,22094,20650,27516,16158,1006,3218,2544,2029,2045,2091,2602,1435,609,2026,1802,2203,1511,1481,2088,1327,1351,1469,1529,1909,1020,0,184098
2023-03-31,13629,51695,36650,29173,28551,32919,42196,23185,8819,29978,22985,32132,18946,20720,27820,17595,19051,21377,21390,28379,15407,972,3365,2676,2043,2097,2216,2538,1390,607,2141,1742,2282,1457,1428,1949,1317,1277,1362,1408,1731,1005,0,198951
2023-04-01,15966,42393,39065,26215,27536,29380,42953,21103,8946,30977,20842,30367,18196,19853,28502,16495,18674,20070,19643,27798,15024,1150,2400,2558,1837,1983,2072,2609,1380,597,2201,1330,1879,1275,1270,1807,1164,1399,1270,1354,1812,1192,1,179131
2023-04-02,18406,38645,37738,24587,25995,28685,40222,20893,8227,26889,19598,30187,17371,18600,27945,14060,18749,19539,18499,28906,14208,1156,2237,2352,1603,1772,1878,2425,1332,574,1750,1222,1882,1188,1262,1754,1006,1284,1192,1201,1768,890,1,143733
2023-04-03,14157,48527,39107,26024,27176,29559,45207,23102,8912,28401,22315,30925,19071,18689,27271,17515,18356,21201,20732,26808,17419,972,3043,2738,1699,1832,2179,2650,1399,586,1949,1649,2150,1448,1327,1973,1290,1327,1377,1503,1716,1221,0,184946
2023-04-04,13130,49642,38102,25694,27158,28894,45322,22199,8533,29100,21520,30116,17488,20515,26941,17366,17923,21257,21241,27576,15662,912,3475,3166,1724,2110,1997,2895,1450,597,2100,1507,2158,1313,1411,1759,1242,1445,1273,1506,1832,1120,0,182523
2023-04-05,13693,47483,41819,22801,27723,28935,44570,21529,9498,27041,23822,29827,17741,20038,24572,18839,17610,21606,21285,28300,16637,933,3240,3058,1745,1839,2039,2774,1310,588,2095,1675,1949,1304,1531,1966,1294,1361,1400,1544,1630,1178,0,167027
2023-04-06,12684,48422,40340,24943,27230,27879,44651,23117,7942,27583,23990,28579,17412,20755,26328,17770,18362,21866,20462,26649,16064,910,3082,3086,1768,1864,2145,2698,1411,586,1954,1649,2002,1311,1610,1831,1365,1255,1417,1475,1904,1054,0,185920
2023-04-07,13164,51648,36718,27289,27653,30173,47326,23006,9841,29504,22985,31623,18236,20660,27851,17430,19312,21614,21222,28945,15225,912,3437,2638,2143,2166,2139,2868,1418,751,2059,1812,2474,1379,1630,2263,1183,1582,1356,1578,1932,1031,0,196953
2023-04-08,15001,45865,35847,24850,27672,28730,43307,23121,7975,27718,21100,29594,17305,18799,26654,17281,17746,23924,19392,27770,16592,993,2736,2455,1697,2089,1939,2709,1375,599,1908,1548,1826,1127,1310,1711,1298,1178,1325,1405,1855,1109,1,171260
2023-04-09,17774,39595,35522,24542,25632,27717,41802,23612,8079,26485,21550,28510,16254,19071,26596,16138,17034,22735,19257,27132,16917,1156,2359,2374,1707,1860,1945,2611,1414,591,1903,1387,1735,1058,1260,1709,1035,1133,1241,1244,1610,1097,1,126437
2023-04-10,14800,49723,36784,26436,28099,31674,41468,22444,8551,28996,22910,29712,18354,19381,27783,17123,18160,24188,20661,26083,18727,1033,3257,2806,1843,1805,2139,2701,1430,584,2148,1675,2018,1386,1618,1807,1409,1339,1388,1526,1624,1282,0,183376
2023-04-11,15344,48015,38119,24291,27522,30798,42637,21730,9216,28362,21863,29950,18607,19627,25979,19127,17293,20519,21092,28037,15311,1098,3130,2899,1747,1816,2312,2638,1366,674,1968,1642,2054,1332,1498,1831,1363,1238,1305,1486,1722,1031,0,178538
2023-04-12,13776,49490,36812,24825,27186,28826,45545,21086,8644,29156,21700,30566,18804,19099,26923,16634,18854,20861,20392,27158,16531,889,3425,2539,1814,1837,1849,2907,1303,637,2018,1721,2203,1421,1526,1985,1476,1478,1296,1498,1650,1092,0,185363
2023-04-13,13232,52010,37412,24182,29102,31047,43164,22664,9513,29635,22660,30826,19583,19928,27687,18006,19052,21809,19080,27591,16874,1002,3293,2714,1805,1978,1980,2571,1409,616,1975,1750,2218,1486,1639,1855,1315,1421,1469,1512,1757,1282,0,184293
2023-04-14,14025,49814,38026,25351,28173,28982,44640,22613,8552,28340,22652,30436,18338,19021,27478,17871,18428,21253,20092,27619,15998,1043,3221,2741,1985,1966,2016,2863,1380,578,2059,1639,1961,1365,1282,2006,1332,1380,1299,1454,1691,1126,0,192583
2023-04-15,12773,47380,34581,25209,28442,30103,38971,21970,8748,27709,22088,27833,17131,19664,26964,16433,17835,18643,20573,26182,15252,852,2782,2194,1678,2097,2285,2285,1327,612,1942,1500,1709,1106,1373,1630,1077,1195,1129,1256,1555,904,1,158986
2023-04-16,14207,41777,38167,22407,25680,26551,40895,20212,8429,28843,19603,29650,17423,18515,24505,18144,17507,19721,18310,26811,15948,883,2556,2429,1571,1747,1807,2385,1181,597,1776,1351,1862,1152,1301,1591,1261,1229,1195,1305,1558,1129,1,128595
2023-04-17,15414,47530,41745,23336,27617,29749,44178,22828,9385,29929,21670,30793,18720,19270,26291,18620,18349,20895,20786,27023,16815,1075,3010,2957,1751,1972,2400,2661,1370,593,1958,1613,2237,1415,1476,1819,1279,1279,1397,1431,1737,1236,0,180309
2023-04-18,16743,49917,41336,21611,29301,30233,42794,21404,9297,28082,24948,28150,17519,21479,26171,17603,18382,21076,20850,25226,17412,1077,3185,2993,1588,2116,2241,2627,1370,607,1992,1704,1925,1348,1459,1685,1363,1354,1397,1506,1593,1210,0,171140
2023-04-19,18534,50661,40083,23174,28401,29913,45594,21101,9108,28566,23092,30623,18948,20234,25762,17924,18282,21966,19997,27308,16348,1173,3617,2705,1611,2003,2147,2719,1330,611,2218,1714,2098,1309,1493,1750,1206,1375,1532,1345,1624,1115,0,182675
2023-04-20,15438,50324,43663,23253,29184,29819,44148,21178,9691,28673,22780,30814,18536,20528,25489,18344,18449,23009,19808,27275,16935,1117,3403,2976,1676,1891,2070,2723,1375,682,2045,1481,2258,1428,1474,1697,1482,1382,1515,1552,1659,1172,0,185169
2023-04-21,15848,50815,41032,23952,29869,30418,42608,21767,9710,28595,23231,31053,18597,20408,26743,18556,18212,22027,20136,26618,15953,1083,3230,2950,1724,2085,2045,2749,1291,626,2155,1649,2050,1444,1582,1762,1444,1385,1411,1489,1676,1014,0,196229
2023-04-22,13239,46016,40349,22465,29078,28894,39558,21620,9427,29447,21887,31543,17180,20460,27496,17937,18839,20025,19133,26564,15460,920,2736,2434,1459,1857,2012,2396,1356,695,2129,1409,2026,1196,1354,1927,1369,1289,1273,1299,1549,996,1,166052
2023-04-23,15460,41806,38693,20874,27462,25867,41520,20800,8777,25928,20617,29450,15522,18722,25032,16957,17058,21029,16852,27410,14995,1043,2410,2450,1394,1849,1811,2540,1188,643,1740,1387,1934,1048,1315,1579,1142,1135,1178,1112,1593,1017,1,121796
2023-04-24,14184,45999,44498,22639,29205,31064,39953,20459,9766,27536,23077,29973,17994,18464,27686,18152,17938,23627,18097,27041,15728,948,3024,3211,1699,1887,1966,2421,1231,628,1891,1584,1992,1309,1546,1860,1448,1327,1535,1420,1682,1204,0,179261
2023-04-25,15735,46266,44386,22441,29668,28918,45209,20826,8476,29042,22677,29281,18838,19255,25204,19049,17164,24083,19431,27230,17058,1200,2942,3118,1780,1868,2168,2715,1214,614,2006,1555,1966,1325,1354,1860,1513,1325,1463,1359,1728,1115,0,170527
2023-04-26,17473,45406,44491,23136,30221,31601,41211,22329,8577,28728,21873,30238,18469,19216,26890,17784,17827,22838,19670,27724,15764,1131,2921,2909,1701,2091,2047,2488,1332,591,1918,1668,2057,1369,1447,2076,1448,1219,1483,1463,1676,1106,0,191911
2023-04-27,16123,49741,40230,25703,28872,29788,46030,22253,8917,28241,23099,29929,18435,20554,25196,18927,18199,24165,18639,27557,16280,1041,3233,3005,1738,1985,2431,2761,1286,634,2138,1718,2114,1438,1510,1685,1384,1404,1500,1411,1892,1020,0,189379
2023-04-28,13591,48389,41293,26838,28500,29674,45093,22589,8913,28075,22648,29819,19345,19694,26906,17657,17942,23481,18716,27675,15501,935,2983,3046,1801,1928,2116,2734,1402,605,1922,1766,1970,1334,1366,1970,1185,1423,1538,1434,1817,1074,0,204854
2023-04-29,14675,43686,39940,23469,28465,31163,39298,20353,8599,28211,21214,29095,17771,18308,28360,16282,17950,21321,18157,28111,13734,1123,2760,2606,1471,2022,2160,2419,1234,563,1898,1354,1908,1271,1296,1829,1154,1128,1308,1319,1722,979,1,156401
2023-04-30,13687,45946,35597,23163,27481,27669,41697,20974,8315,25716,21694,28346,16153,18851,24445,16286,18062,19931,18520,26373,15515,939,2714,2513,1655,1930,1868,2596,1272,568,1754,1356,1915,1079,1296,1606,1137,1330,1253,1264,1734,1080,1,136211
2023-05-01,14302,47920,39326,23768,28630,29151,43206,21415,8431,26501,22895,30655,17897,18993,27652,16603,18548,21812,18881,26664,16703,1075,3204,2789,1718,1983,2340,2713,1368,591,1925,1622,2270,1386,1394,1836,1248,1339,1319,1431,1656,1135,0,168238
2023-05-02,16098,48044,39730,24594,28740,29916,44465,25413,8381,28480,22316,30826,18564,20035,27875,16957,18544,22888,19350,26385,17137,1146,3118,2918,1774,1932,2083,2799,1538,561,2062,1620,2150,1448,1558,1954,1261,1327,1420,1428,1636,1192,0,189706
2023-05-03,17134,46743,40708,24254,29508,29646,44669,23747,9964,30845,22406,32133,19057,19448,29706,17713,19012,22516,19608,27193,16032,1248,3010,3192,1780,2076,2077,2742,1442,668,2172,1625,2196,1352,1442,2033,1298,1318,1500,1532,1676,1117,0,191085
2023-05-04,17990,46750,41105,24713,29136,29898,47695,21907,11613,30310,22658,32386,18228,20621,27621,18492,18856,23235,18505,27618,15719,1188,3158,2741,1745,2091,1932,2886,1308,751,2047,1586,2088,1248,1488,2035,1290,1195,1498,1472,1797,971,0,205029
2023-05-05,13685,47083,35616,22523,28210,28011,39765,20089,10566,29099,19357,29255,17564,16726,26743,15625,17664,20220,18541,27141,15238,862,2866,2316,1475,2122,1997,2360,1207,607,1846,1291,1968,1131,1116,1570,1018,1106,1169,1368,1806,948,1,129684
2023-05-06,12575,47279,37085,22310,28208,29059,41482,22022,8730,24644,22255,29755,17187,18298,26635,17597,17936,20396,19210,27779,14741,854,2842,2537,1438,2079,2095,2698,1284,530,1697,1445,1879,1060,1238,1750,1400,1142,1204,1313,1803,901,1,139010
2023-05-07,15980,43513,35321,22547,27067,27373,40928,21067,8304,24728,22228,27994,16884,17915,26298,16650,17576,19482,19946,26484,15179,1156,2441,2170,1553,1797,1930,2427,1238,559,1603,1524,1682,1010,1102,1562,1043,1097,1273,1279,1547,1071,1,123254
2023-05-08,14175,49805,38245,24622,28831,28564,45757,22541,9543,30343,22231,40283,145,29220,24387,18564,19833,22517,19299,27526,15898,943,3242,2686,1799,2031,2029,2776,1358,666,2225,1522,2674,301,2095,2054,1346,1361,1454,1492,1791,1086,0,189770
2023-05-09,13935,51303,37202,24891,29205,29076,47635,23000,9010,29228,24335,39256,0,35399,20344,21400,19045,23695,19484,27554,15885,1006,3317,2503,1695,2089,2064,2792,1378,666,1910,1697,2638,0,2712,1464,1565,1238,1477,1503,1981,991,0,188668
2023-05-10,14877,48727,41679,22704,29258,29314,45405,21476,9798,31174,23667,32332,18760,23584,19843,21060,19306,22930,19716,26356,17554,1004,3319,2796,1707,2062,2054,3043,1356,670,2081,1666,2191,1365,1632,1423,1382,1411,1483,1454,1745,1236,0,189627
2023-05-11,19517,48791,43715,23596,27919,29001,46393,21376,10047,30403,27027,30967,20030,20756,21567,21270,18768,22172,20449,26736,16428,1271,3101,3206,1789,1836,2056,2790,1255,682,2078,1843,1980,1382,1438,1536,1559,1318,1454,1506,1613,1146,0,191828
2023-05-12,20329,48827,44550,32533,13729,35418,44247,21677,9144,29368,25540,33043,18835,21904,141,41196,19642,22023,20841,27473,15839,1240,3108,3413,2682,1876,2563,2799,1363,582,2086,1771,2112,1428,1519,300,2836,1351,1532,1503,1685,1077,0,204197
2023-05-13,15509,46056,39717,23934,28201,30439,43037,21778,8920,29629,20771,30145,18716,20339,26358,16474,19370,21594,19369,25181,16793,1064,2664,2482,1559,1958,1955,2724,1378,639,1954,1358,1843,1146,1457,1766,1144,1222,1328,1302,1627,1149,1,193377
2023-05-14,15979,39785,43440,22806,28829,29548,39069,20306,8385,29162,19021,31478,17261,20310,25648,16261,18789,21023,18248,27737,15226,1091,2618,2806,1626,1872,2106,2331,1195,578,1961,1267,1966,1181,1351,1608,1308,1164,1279,1371,1619,907,1,146181
2023-05-15,15819,49053,42419,25076,27407,31386,44281,21619,9970,32008,22805,32706,20217,19958,27449,17461,19913,23464,20564,26773,16831,1202,3043,3074,1789,2029,2252,2851,1409,693,2227,1615,2078,1492,1512,1795,1411,1356,1532,1596,1644,1264,0,186807
2023-05-16,15709,51829,42975,26031,30403,32480,46635,23642,9866,30742,24538,36318,19647,23004,26962,19349,19815,24190,20781,27522,17518,1056,3326,2947,1882,2093,2195,2943,1690,660,2100,1716,2563,1357,1678,2050,1432,1399,1656,1538,1875,1187,0,186638
2023-05-17,17470,49275,45147,25765,29269,31378,46050,23927,9788,31087,22815,36553,20027,21886,27053,18863,19394,23459,21304,27852,17160,1169,3192,3005,2039,1947,2091,2872,1498,657,2266,1742,2450,1356,1526,1903,1319,1366,1521,1806,1812,1140,0,185047
2023-05-18,15400,52540,38950,27223,29691,30953,45209,21111,9581,31072,22732,36117,17969,21584,25218,19584,18491,22498,20417,26648,16929,1054,3223,2899,2047,2099,2354,2892,1291,699,2045,1750,2340,1194,1618,1954,1405,1310,1477,1529,1765,1256,0,175121
2023-05-19,15928,48502,41636,27714,27700,30478,44979,22411,9448,28573,22512,33998,19210,21178,26285,18831,18559,22884,19906,26614,16618,1012,3166,2806,1786,2085,2246,2838,1351,664,2026,1546,2196,1309,1512,1711,1526,1310,1437,1483,1688,1259,0,198362
2023-05-20,14674,46412,40507,25799,28327,31224,41199,23053,9327,27688,21762,31048,19640,19643,27493,17441,19005,19830,21260,27202,15756,968,2990,2659,1738,2095,2148,2483,1565,695,2042,1430,2105,1164,1414,1846,1350,1248,1221,1469,1679,953,1,179908
2023-05-21,13949,46593,37159,27009,26664,29099,41880,23195,8362,27707,20707,29057,17513,19994,25810,16509,19278,19706,20694,24277,18011,956,2986,2419,1741,1812,2010,2613,1570,492,1754,1361,1795,1075,1289,1622,1091,1224,1238,1331,1486,1143,1,133240
2023-05-22,15968,48343,41732,25136,28762,29985,44199,22494,9000,30272,22096,32304,19172,21996,25715,19484,18354,22007,19559,26798,16673,1169,3276,3024,1899,1857,2129,2719,1375,566,2028,1464,2198,1323,1536,1771,1329,1272,1443,1452,1624,1178,0,176596
2023-05-23,15497,48968,41242,28549,30075,30236,45283,23064,10054,28604,22700,30544,23792,24559,25410,19390,19122,21677,20400,25928,17943,1169,3245,2983,1870,2108,1966,2682,1447,641,1978,1507,2083,1776,1610,1788,1425,1394,1564,1564,1777,1212,0,183619
2023-05-24,15804,49713,41567,27562,31539,32692,43162,22499,9624,30116,22542,29242,23008,22084,28408,18316,19654,21517,19665,25459,16300,1164,3139,3019,2091,2018,2312,2865,1406,680,2141,1618,2237,1851,1548,2006,1256,1282,1391,1426,1639,1115,0,184968
2023-05-25,16475,49376,41746,25338,31374,36067,46960,23534,9905,28429,23679,30625,22452,19057,30178,19000,19867,22776,20753,26562,17104,1188,3305,2818,1878,2218,2143,2865,1510,703,1865,1543,2179,1594,1442,2002,1392,1349,1440,1555,1737,1103,0,186171
2023-05-26,16649,49747,41095,25995,30127,35499,44200,22915,9346,29168,22612,30982,22655,19875,26940,21655,19320,22787,21061,26338,17130,1321,3182,2957,1845,1999,2383,3020,1478,645,2105,1507,2054,1605,1445,1925,1392,1397,1431,1558,1688,1290,0,201354
2023-05-27,15565,48674,36538,25569,28582,26927,46525,21649,8619,29316,19840,28748,22106,18131,24978,21919,17176,21426,19534,25553,17180,1133,2794,2532,1676,1914,1807,2700,1339,599,1898,1274,1894,1523,1128,1608,1277,1128,1282,1405,1627,1172,1,158955
2023-05-28,14428,45095,39322,26109,27804,28788,40649,21346,8085,26262,21413,28110,21744,17881,25628,16664,17632,19299,21675,25232,16553,1025,2705,2604,1720,1930,1999,2440,1286,515,1769,1327,1788,1455,1140,1709,1091,1330,1198,1333,1524,1123,1,121311
2023-05-29,13216,48286,38819,23489,29019,27512,43649,21080,8405,26627,20810,29920,19990,18162,24178,16152,19469,20396,20853,28158,15012,908,2890,2482,1613,1855,1713,2559,1246,589,1829,1397,1865,1294,1318,1550,1227,1334,1287,1567,1788,1066,1,114596
2023-05-30,16295,50296,42614,24694,30267,28121,47722,24320,18322,232,36876,33919,20897,20854,27034,17371,22375,23113,19880,27061,16923,1156,3326,3108,2150,1928,1951,3060,1526,1181,660,2770,2138,1642,1553,1882,1206,1500,1411,1440,1627,1273,0,182947
2023-05-31,15676,49586,42898,25110,29044,29280,46221,24305,18424,0,40683,33755,20561,21262,26450,18700,23702,23705,20713,28462,16426,1167,3240,3353,1912,1985,2083,2913,1526,1202,0,2657,2153,1421,1529,1949,1294,1534,1480,1480,1659,1158,0,184067
2023-06-01,15785,49648,47657,27143,31758,30423,48190,22691,9837,31210,22747,33745,21957,19711,27790,20613,21252,22396,20640,27218,16101,1083,3197,3523,2081,2216,2277,2986,1378,622,2083,1596,2282,1515,1570,1798,1644,1452,1440,1463,1702,1063,0,181513
2023-06-02,16789,52639,45553,28250,31984,32182,46678,24977,9761,30730,23230,35274,22893,20954,27352,18616,21339,24391,20590,28261,17485,1171,3259,3293,2168,2168,2400,3193,1646,655,1930,1632,2294,1620,1500,1759,1336,1397,1558,1593,1817,1106,0,195471
2023-06-03,16983,47956,43982,26572,32073,30194,47347,24050,9417,30463,21943,33441,20524,20645,28431,18289,21270,21792,20073,28317,15565,1133,2858,2938,1772,2191,2152,2997,1536,632,2011,1500,2186,1317,1325,1949,1409,1286,1374,1477,1740,1135,1,167017
2023-06-04,14472,46484,44968,26357,30696,28787,45346,21975,9390,30407,20083,34165,19911,19466,26360,18194,19637,22498,17547,28880,15862,1096,2998,2798,1707,2068,1820,2853,1354,611,1865,1320,2018,1296,1210,1740,1227,1313,1299,1308,1679,1097,1,125571
2023-06-05,16042,52341,45506,30013,33627,31730,47612,27155,19720,260,39737,36331,21336,21127,28231,18743,20849,23523,20898,29400,16024,1190,3410,3082,2221,2296,2252,3051,1706,1261,727,2827,2287,1605,1586,1891,1315,1368,1529,1532,1875,1189,0,185890
2023-06-06,16041,46565,44990,28890,30805,31034,43875,23294,9641,29092,21662,32123,21102,19768,27944,16548,21049,20820,18396,25374,16817,1119,3043,3055,1763,2041,1949,2588,1363,584,1841,1397,1999,1452,1270,1781,1114,1426,1362,1333,1601,1152,1,135237
2023-06-07,16634,53837,44206,28317,32577,33148,44740,23522,10597,31925,23059,35161,29172,142,43724,36897,216,24155,20605,28851,16806,1164,3418,3151,1968,2335,2532,2719,1469,808,2410,1718,2491,2279,302,3209,2577,458,1731,1572,1829,1210,0,183176
2023-06-08,16611,55000,45544,28978,33197,34516,47374,28351,94,38666,23119,35206,24451,19509,37897,383,30680,24792,20577,28299,17484,1171,3624,3098,2137,2177,2556,2986,1817,190,2609,1507,2270,1832,1438,2390,655,2191,1607,1524,1820,1192,0,179627
2023-06-09,16730,56408,47015,29020,35087,33313,51084,25852,10445,35141,31772,229,49389,31553,335,35760,21254,24651,20958,29112,17207,1177,3691,3288,2183,2260,2415,3222,1630,697,2198,2083,480,3473,2088,662,2584,1514,1699,1561,1984,1172,0,189610
2023-06-10,16276,52217,47043,27996,35354,32896,48629,24766,10760,31246,23777,35711,24249,22458,20681,23124,21836,22518,21129,30597,14646,1073,3163,3034,1922,2162,2448,2882,1598,722,1903,1637,2186,1667,1572,1502,1768,1459,1400,1544,1938,904,1,167392
2023-06-11,14692,53092,43536,27958,31188,31327,46268,26683,10271,28791,24563,33602,21254,21205,22466,20911,21452,21882,22085,27040,16636,931,2926,2746,1828,1945,1920,2705,1622,599,1704,1606,2035,1379,1373,1430,1423,1392,1374,1463,1644,1126,1,119020
2023-06-12,17628,56812,47986,28460,33019,34639,51726,25292,11144,53102,187,51280,199,34069,23113,23576,20898,25623,20501,27968,18598,1133,3698,3278,2147,2271,2483,3224,1750,1029,3710,408,3415,359,2395,1709,1711,1382,1596,1659,1907,1175,0,174706
2023-06-13,18255,54617,46706,30124,34302,36130,50475,470,34061,33519,24056,37677,24584,21821,21655,23441,21372,24367,20954,30036,16580,1269,3499,3134,2097,2327,2454,3130,540,2106,2112,1685,2465,1715,1562,1481,1749,1356,1509,1570,1930,1189,0,178418
2023-06-14,17509,51584,50508,28223,33076,36477,48547,23581,10978,33050,24442,35098,25106,21151,22681,22725,21120,24188,20343,28615,17834,1117,3360,3470,2028,2216,2550,3122,1594,883,2309,1838,2309,1945,1706,1651,1680,1486,1564,1544,1837,1290,0,176164
2023-06-15,15888,77390,254,52892,34420,34829,49912,24926,10742,33262,23957,36343,22557,22702,23188,22782,20742,24527,20406,28899,16538,1202,4978,619,3360,2172,2306,3130,1507,666,2316,1646,2364,1584,1711,1572,1786,1454,1532,1449,1895,1117,0,179638
2023-06-16,17539,56687,41559,34129,34508,33982,52570,26005,11596,32569,25808,36740,24235,22532,21757,23182,22411,25215,21972,28770,17869,1225,3458,2834,2248,2306,2241,3235,1766,772,2177,1663,2422,1572,1625,1687,1682,1498,1670,1601,1849,1215,0,193414
2023-06-17,16543,52381,46231,28588,33685,33272,50265,25686,11367,33521,23066,33776,25312,21498,22665,23206,21603,25318,20932,29336,17752,1133,3211,2899,1895,2099,2162,2959,1903,948,2148,1411,2261,1670,1464,1546,1661,1351,1639,1483,1881,1236,1,167930
2023-06-18,16594,49636,45499,28446,32344,31884,48602,26288,10326,29881,23844,33581,23406,21189,21844,21315,21737,24227,20465,27987,18642,1056,3019,2842,1841,2212,1972,2790,1584,664,1795,1404,2203,1492,1572,1481,1394,1406,1679,1483,1765,1284,1,119051
2023-06-19,18780,55653,50056,31222,34454,43128,40909,27798,11184,33905,25001,36391,25677,20990,21299,25964,20654,26107,20991,29820,17130,1290,3446,3466,2041,2367,2840,2621,2141,808,2412,1774,2347,1836,1716,1502,1776,1603,1679,1584,1967,1175,0,175306
2023-06-20,19134,930,79378,51077,34864,40294,45391,26472,11172,34067,23710,37262,23876,21282,22531,27059,19118,24561,20549,27479,18398,1300,1169,5138,3598,2319,2630,2870,1817,691,2093,1594,2448,1599,1774,1596,1870,1315,1547,1604,1852,1221,0,180891
2023-06-21,15663,57710,48055,49782,143,47218,47479,24325,10761,33271,24310,35539,23855,21254,22861,28459,17558,24256,20960,44739,184,1121,3586,3684,3460,298,3147,3045,1464,668,2136,1603,2419,1647,1445,1548,1839,1159,1740,1515,2906,351,0,175007
2023-06-22,16284,58939,53268,361,57172,34192,50090,27678,20819,274,44324,36126,24878,21167,22706,28123,18040,24566,21457,29935,16339,1114,3744,3355,597,3921,2419,2980,1886,1221,746,2974,2299,1630,1745,1541,1972,1217,1526,1541,1981,1138,0,180551
2023-06-23,16985,56550,46694,29349,43206,26128,50001,27596,20799,0,45148,36269,25092,21202,23092,29173,17784,27028,20634,29224,17952,1269,3437,3206,2162,2838,1922,3155,1798,1263,0,2868,2489,1665,1800,1577,2081,1181,1832,1549,1950,1287,0,191910
2023-06-24,17545,52456,44764,29353,34218,31884,49134,25484,11134,32057,23969,34232,22849,20243,23903,28206,18015,25694,21211,28687,16419,1246,3091,2978,2012,2262,2006,3147,1608,666,2057,1505,2114,1465,1447,1591,1857,1164,1702,1587,1860,1164,1,165230
2023-06-25,17648,47850,47030,26304,34008,31939,44635,24279,9568,30071,22127,35059,22517,18192,22750,27973,16773,24221,19492,31071,14006,1375,2770,2822,1772,2020,2125,2511,1478,563,1838,1390,2069,1405,1255,1442,1763,1133,1405,1342,1725,890,1,120162
2023-06-26,17436,56000,47551,29328,63939,348,62449,25276,12638,33366,25542,39328,25642,20615,22709,29087,18019,26911,20577,30467,17100,1263,3298,3276,2077,5090,522,4573,1543,1169,2119,1711,2760,1644,1589,1596,2097,1133,1846,1538,1993,1192,0,163749
2023-06-27,20927,59948,55727,35705,68426,68879,439,28073,10985,34379,27266,38965,26394,21245,22724,30168,18219,27369,22114,31923,18446,1463,4109,4306,2851,5320,5169,872,1942,678,2494,1978,2441,1784,1735,1596,2110,1157,1961,1544,2114,1256,0,172650
2023-06-28,16752,57076,48492,29217,37211,35281,51747,26625,10750,33380,24465,38134,25324,20493,24538,28330,19070,24786,21923,31702,16265,1121,3650,3638,2377,3124,3285,3396,1754,728,2292,1704,2402,1995,1548,1714,1993,1279,1754,1506,1930,1284,0,174414
2023-06-29,18031,61576,53038,32683,38850,35980,56889,26788,10944,31828,26309,37528,27937,21098,23681,29519,18719,26656,20656,31298,16708,1256,3910,3907,2394,2826,2421,3425,1630,743,2074,1822,2484,2056,1690,1802,1999,1162,1892,1607,2148,1164,0,165747
2023-06-30,18467,61648,51370,33765,37521,39297,54385,26609,10884,33107,25967,37071,25434,22202,22766,32298,18365,24718,23021,29567,17724,1356,3826,3917,2870,3176,3132,3886,1714,749,2066,1735,2443,1768,1567,1769,2139,1210,1452,1575,1970,1126,0,174681
2023-07-01,19997,57976,55251,40450,42461,39553,58190,25119,10476,31450,23282,38351,22649,20453,23560,27258,17986,25605,21286,31204,16260,1298,3641,3694,2907,3174,3070,3746,1649,818,2215,1560,2510,1749,1481,1661,1930,1171,1751,1549,1901,1215,1,162103
2023-07-02,18976,57247,56220,39312,41056,39876,58224,25078,10818,30349,23516,38125,23025,20696,21181,28497,17637,24790,22134,30903,17466,1160,3864,3557,2836,3128,2970,3832,1562,756,2117,1486,2458,1820,1622,1534,1922,1150,1544,1627,1947,1236,1,117141
2023-07-03,20727,67612,57580,41099,43351,41924,63250,27938,10269,33219,26548,39761,25579,20899,23522,27706,19317,26676,23724,32506,17828,1455,4541,4150,2991,3057,3030,4270,1884,647,2234,1882,2666,1772,1610,1601,1859,1397,1763,1771,2137,1224,0,172829
2023-07-04,20776,65831,58622,38575,46012,44449,61575,25825,9868,31262,25063,39868,24145,20645,21428,28657,17933,26572,21631,32960,16541,1357,4123,4008,2636,3160,3178,3694,1709,743,2184,1750,2746,1738,1670,1478,2006,1176,1693,1688,2051,1138,0,166791
2023-07-05,20048,67943,56401,40716,44308,43006,62140,27228,9910,32385,25618,38774,23896,21049,20762,30405,17659,27272,21854,32455,19074,1484,4260,4505,2686,3416,2938,4020,1858,641,2371,1956,2573,1761,1493,1519,2068,1219,1837,1590,2100,1261,0,174049
2023-07-06,21015,66254,60020,41104,45030,45133,60509,26939,10619,34271,26207,38922,24138,22886,21536,29688,18329,27743,21619,31555,18677,1371,4284,4150,2807,3277,3191,4068,1680,774,2230,1762,2558,1665,1608,1390,2202,1238,1832,1518,2053,1290,0,177693
2023-07-07,19286,62827,52322,36594,41028,37382,55245,24142,10416,31851,24552,38347,22331,20789,22732,27722,16577,25926,20366,29539,16838,1411,4464,3624,2803,3149,3251,3562,1418,778,2030,1637,2638,1638,1466,1565,1789,1054,1575,1596,1976,1187,0,174508
2023-07-08,18630,58355,49905,36931,42160,37103,52775,23876,9794,31288,22874,38232,22524,20174,23169,26466,17748,25088,19628,30390,15096,1260,3600,3653,2809,2820,2686,3642,1406,730,2270,1548,2594,1584,1411,1699,1822,1193,1547,1391,1852,1158,1,163295
2023-07-09,19188,59630,52666,40166,43882,41998,55543,25134,9801,29368,23521,37757,22800,21314,21062,27459,17487,24694,21335,30963,16689,1215,3840,3643,2870,2997,2918,3454,1541,666,1841,1601,2633,1728,1433,1457,1845,1154,1564,1549,1956,1140,1,120431
2023-07-10,19937,69021,58223,41553,45513,45096,63351,28047,10919,33837,27233,40202,26415,23095,23144,30307,19474,28407,22081,32273,19323,1325,4488,3917,2934,3051,3352,3915,1997,737,2184,1848,2935,1901,1690,1529,2083,1330,1915,1619,2163,1267,0,171799
2023-07-11,19939,65544,54718,38844,43390,41479,60975,26735,10645,32888,25918,39094,24360,22451,22707,29567,18133,28423,20778,31821,17726,1404,4217,3732,2713,3193,2851,3907,1646,770,2246,1882,2674,1843,1644,1670,2074,1284,1708,1624,1996,1302,0,162825
2023-07-12,20187,64725,55765,38838,45315,42390,61144,26963,10587,34867,28175,38011,26764,22893,21869,30002,18523,27101,22468,31113,19441,1507,4090,4260,2780,3135,2828,3878,1778,810,2412,1930,2664,2062,1682,1423,2106,1370,1823,1590,2019,1475,0,172875
2023-07-13,20523,62548,56138,38113,43605,41124,60141,25450,10242,33982,27269,36912,25800,20956,21418,28596,17317,27978,21185,30725,18159,1546,4135,3919,2753,3155,2968,3907,1661,812,2405,2194,2650,1993,1625,1426,1864,1145,1728,1607,2036,1227,0,165797
2023-07-14,21376,63979,55420,39062,43681,42577,60449,25358,10157,31250,26563,39439,24640,21284,21055,29245,17339,28713,20763,33026,17085,1515,4090,4135,2590,2974,2928,3896,1668,643,2098,1678,2462,1766,1646,1433,2010,1128,1783,1630,1950,1359,0,167147
2023-07-15,18544,60529,54554,36520,43106,42664,57781,24781,10316,31438,26507,38251,23840,21189,23675,27967,18035,26441,20371,31175,17283,1200,3638,3578,2701,3078,3191,3596,1543,789,2275,1666,2398,1726,1450,1642,2087,1145,1578,1449,1846,1221,1,148950
2023-07-16,18808,55768,51785,37905,43175,40752,54048,24205,9146,27977,24072,37513,22953,19340,20180,26932,16634,22512,21672,30692,15446,1179,3331,3283,2698,3014,2822,3285,1418,572,1970,1704,2436,1590,1255,1349,1703,1183,1328,1529,1846,991,1,109832
2023-07-17,20559,65621,54945,39802,43793,43098,61364,26765,10634,33184,26830,39184,25066,22936,22790,28784,18605,27847,22037,31481,18374,1452,4234,3665,2698,3256,2986,3955,1704,829,2345,1997,2470,1716,1747,1752,1983,1310,1794,1575,2048,1319,0,167258
2023-07-18,19152,65141,53491,39588,41413,42035,58385,24384,9817,32027,25844,36795,25635,20798,20537,29302,17612,25374,21573,30776,16914,1304,3958,3845,2721,3135,2895,3784,1574,664,2174,1903,2393,1686,1553,1390,2035,1176,1696,1549,2076,1195,0,148759
2023-07-19,19393,63746,55115,36691,41016,40137,60314,27945,10746,31724,25197,38519,25144,21009,22399,28721,18585,26373,22676,30772,18224,1267,3998,4205,2667,2949,2980,3903,1742,816,2318,1658,2486,1778,1582,1546,2022,1310,1656,1567,1884,1420,0,176916
2023-07-20,22321,65266,55309,39999,45248,42491,60492,27248,10818,34969,26941,39869,26073,23962,23287,30417,19471,28172,22061,32956,18090,1507,4080,3754,2711,3085,2892,3798,1666,781,2530,1843,2722,1860,1697,1726,2060,1296,1768,1705,2059,1212,0,175149
2023-07-21,20709,67750,56769,40081,45538,43103,62537,27799,11947,34903,27931,42040,27126,23701,24149,29946,19535,28242,22028,32119,18091,1559,4435,4142,2659,3224,2953,3871,1690,831,2520,1867,2820,2054,1649,1627,2068,1246,1786,1668,2033,1356,0,183575
2023-07-22,20368,60818,49999,38386,41895,39372,57351,25648,10145,30647,25314,38345,24299,20400,24726,25868,19048,23568,21693,32080,15537,1371,3737,3235,2778,3020,2941,3673,1584,687,2126,1810,2484,1676,1632,1759,1722,1426,1578,1679,1976,959,1,154569
2023-07-23,18122,57366,56308,36898,39942,40383,58591,26112,10106,31696,24695,36547,22931,21548,20744,29181,17935,26549,19989,31150,16460,1236,3528,3662,2703,3114,2980,3719,1560,720,2119,1718,2326,1496,1574,1426,1935,1195,1552,1524,1794,1212,1,113372
2023-07-24,21345,67385,58297,39271,45192,43903,62577,26334,10461,33871,25959,39584,25680,21671,22558,27884,19754,26329,22497,31291,19207,1500,4255,3859,2815,3195,2982,4078,1838,758,2210,1723,2614,1826,1531,1560,1797,1440,1668,1650,2039,1342,0,162492
2023-07-25,23311,64789,56331,39230,45321,42384,62460,26878,11091,34331,25435,41049,26645,22225,22151,30852,18898,26893,22378,32325,18642,1603,4186,3869,2749,3099,3051,3984,1694,920,2357,1860,2738,1891,1711,1651,2028,1193,1765,1693,2019,1322,0,169353
2023-07-26,19185,67605,56062,39970,45120,42231,61683,27493,11203,33217,27632,38420,25999,23531,22096,30464,19618,26898,23041,31951,19076,1352,4294,4150,2734,3216,2897,3951,1831,879,2297,1920,2654,2060,1783,1692,2056,1385,1780,1621,2071,1377,0,170459
2023-07-27,19813,68925,57485,39720,44699,43483,62980,28639,11271,34238,27538,42273,25572,23819,23254,29905,19988,28397,22203,33691,18542,1430,4243,3641,2709,3231,3118,3882,1822,781,2438,2016,2755,1887,1841,1788,2158,1339,1858,1552,2148,1282,0,168650
2023-07-28,22322,65243,58780,39311,45756,43401,68014,28368,10962,34169,28609,42164,26568,25025,23954,30978,19788,28625,23097,34258,20012,1390,4164,4294,2713,3126,2905,4097,1915,730,2590,1927,2933,1935,1800,1682,1943,1387,1858,1656,2192,1331,0,176415
2023-07-29,19560,65510,54008,38772,44359,41727,62852,29074,11502,33726,27220,41120,26628,23687,24009,30316,19987,28421,22644,32183,19838,1315,4250,3535,2801,3143,3066,3838,1987,797,2302,1668,2638,2008,1690,1690,2269,1358,1863,1587,1938,1374,1,144637
2023-07-30,18238,62758,54830,37478,43565,39390,61646,27055,11840,32503,26213,39886,24017,23167,22310,30312,18257,26641,23920,32620,17520,1181,3857,3662,2634,3068,2803,3878,1769,737,2170,1728,2520,1826,1829,1462,2056,1082,1685,1691,1863,1184,1,111316
2023-07-31,20149,66658,57821,40761,44984,42865,64196,29330,12227,37217,27838,42934,26834,23975,25603,28694,20645,29216,24485,33007,20062,1300,4339,4046,2797,3324,2867,3951,1970,912,2525,1934,2729,1914,1795,1788,1912,1279,1826,1901,2068,1518,0,159181
2023-08-01,20471,68942,58090,39058,43404,42627,61564,30535,12845,35999,29194,42351,27161,23704,24815,30433,20806,29394,24412,34314,19131,1404,4229,3773,2753,2993,3011,3882,2040,995,2460,1975,2686,1895,1682,1589,2166,1344,1984,1866,2238,1305,0,159680
2023-08-02,18793,68732,55964,39713,45180,42107,63973,29434,11614,33742,29824,42121,25688,25430,22045,31950,18765,28423,25584,33271,20279,1308,4366,4058,2724,3178,2872,3907,1930,795,2242,2057,2782,1876,1723,1368,2172,1150,1884,1702,2123,1403,0,160901
2023-08-03,19797,71098,52888,41252,47215,42436,63281,29822,12968,34948,29882,43368,27312,24773,23819,30822,19687,29733,25060,33229,21119,1336,4512,3691,2748,3189,2826,3846,1970,996,2354,2206,3046,2145,1668,1858,2122,1286,1924,1711,2111,1552,0,156854
2023-08-04,19636,73270,50930,40809,46316,42463,65209,30721,11871,35134,29674,41952,25784,26083,22275,32113,19424,29390,26118,33633,20268,1267,4334,3626,2913,3145,3014,4038,2059,883,2582,1994,2827,1981,1817,1826,2248,1205,1786,1935,2166,1575,0,164791
2023-08-05,19060,67986,50560,39837,46292,43611,63027,29723,11870,35248,28241,42132,26467,24865,24135,31085,19408,28930,23905,32827,19734,1233,4342,3257,2738,3222,3105,3923,2026,818,2388,1982,2803,1932,1838,1742,2256,1202,1809,1552,1950,1400,1,140311
2023-08-06,19108,65843,46835,40081,44639,41423,59949,30178,11369,32596,28803,39891,25985,23489,23699,28625,19628,27781,24449,31090,20044,1304,4140,3432,2748,3112,3108,3832,1949,780,2191,1915,2698,1857,1752,1728,1930,1234,1722,1673,1895,1371,1,110846
2023-08-07,21401,69455,53267,40787,45348,43207,64336,30307,12675,36193,29480,42992,26532,24303,23641,30964,20337,29108,24657,32600,20007,1425,4471,3895,2738,3208,3028,3921,1956,920,2429,1982,2743,1876,1759,1730,2079,1330,1932,1763,2102,1417,0,159945
2023-08-08,21067,70262,52533,41034,45934,43523,63489,29843,12582,35152,29167,42301,26124,24766,23504,30834,19838,30348,23236,32072,19976,1482,4502,3924,2774,3132,3084,3880,1922,914,2321,2045,2839,1868,1788,1637,1991,1409,1840,1662,2042,1345,0,162496
2023-08-09,21274,67140,49772,41050,45079,42622,62690,26790,11837,35034,28807,42538,24965,23815,23530,28581,19793,25767,23655,30444,18942,1482,4267,3662,2838,3210,2924,3898,1656,920,2328,1944,2827,1722,1812,1680,2033,1284,1616,1601,2004,1405,0,145981
2023-08-10,21049,65705,48759,39687,43286,40888,60179,24809,10929,21838,26138,39883,24362,21070,22149,26278,19677,24592,21294,30753,17848,1523,4277,3127,2634,3078,2876,3761,1618,735,2136,1802,2626,1661,1646,1567,1828,1291,1621,1682,1886,1215,0,104339
2023-08-11,19826,70004,50336,40089,44697,42527,61943,28428,12005,34801,28313,40718,26784,23921,23438,29323,20918,26787,23640,30787,19268,1417,4238,3778,2755,3160,2878,4030,1733,922,2554,2011,2664,2164,1752,1620,2152,1346,1826,1699,1875,1423,0,181979
2023-08-12,21135,62530,48501,39188,44768,41139,61184,26524,10916,32845,27548,40419,24433,24337,23854,28400,20433,25886,21588,30463,17717,1363,3948,3197,2732,3191,3185,3892,1726,826,2246,1814,2626,1682,1934,1733,2079,1361,1572,1578,1860,1293,1,151077
2023-08-13,19428,61428,47381,40197,43466,40515,57492,26363,11587,31846,25642,41573,25042,23429,22808,26527,19859,24889,22554,31887,16289,1144,3785,3422,2724,3074,2876,3510,2009,860,2021,1766,2882,1855,1718,1620,1793,1334,1581,1515,1901,1175,1,115351
2023-08-14,20421,69537,50536,40033,44197,42609,62111,28541,11969,35246,27330,42004,27247,24310,22960,26698,21814,25479,24245,31810,18303,1419,4250,3838,2659,3210,2922,3842,1841,877,2578,1877,2806,2110,1891,1495,1849,1438,1650,1593,2025,1472,0,167385
2023-08-15,19847,62404,48716,37694,43954,39979,58012,27455,10777,33661,25600,39790,24667,23336,22252,27412,19810,24759,22924,31369,18232,1292,3912,3192,2619,3120,2726,3798,1718,837,2330,1738,2597,1970,1790,1562,1795,1301,1619,1587,1889,1331,1,128717
2023-08-16,20603,70999,49794,40480,44887,42508,62989,28364,11463,35342,28643,42311,25786,24445,23474,28697,21114,27083,23197,31601,19288,1459,4464,3600,2682,3122,2949,3884,1886,950,2582,2057,2772,2081,1728,1680,1935,1459,1843,1665,2068,1339,0,172630
2023-08-17,19138,71014,53899,38981,43978,41121,62886,27188,11806,34451,27748,39690,26864,23702,22404,28956,20123,24897,23508,30520,18478,1336,4289,3732,2755,3110,2874,3909,1752,864,2347,2052,2652,2106,1790,1442,1899,1349,1555,1613,2036,1189,0,170873
2023-08-18,21854,66159,55159,39539,44292,42384,62277,26714,11790,33564,28541,40886,25326,24358,23377,28903,19612,27321,21954,30238,18664,1536,4368,3905,2676,3220,3095,3786,1759,860,2388,2112,2748,1943,1843,1690,2041,1267,1788,1555,1915,1305,0,180921
2023-08-19,18516,65361,51806,38933,46295,42210,61563,27468,11287,34003,27523,38987,26695,23636,25189,27742,20782,27030,21506,30044,18849,1223,4008,3305,2652,3108,3016,3880,1781,810,2638,1910,2659,1972,1639,1786,1826,1356,1642,1593,1941,1342,1,156029
2023-08-20,20704,63654,50297,38989,44832,40371,60830,26369,11888,33292,26094,40912,24490,24204,22074,27622,20428,26145,21961,30141,19139,1254,4068,3466,2711,3145,2938,3842,1733,845,2278,1694,2659,1836,1824,1522,1849,1373,1567,1590,1855,1319,1,114214
2023-08-21,21225,70430,53450,39933,46086,41751,64711,29310,12070,35828,29425,41788,26726,24355,23351,28408,21017,28367,23759,31218,20962,1442,4315,3672,2799,3153,2819,4055,1805,993,2506,1985,2678,1895,1764,1625,1895,1510,1912,1757,2143,1385,0,167310
2023-08-22,19548,72670,53528,40284,47461,43181,62249,30729,12224,34173,28667,43295,26338,25299,23345,29001,20871,27420,23883,32299,19925,1271,4543,4030,2701,3220,3037,3878,1927,872,2515,1932,2750,2051,1781,1594,1920,1402,1878,1693,2105,1532,0,168981
2023-08-23,20208,72350,53545,39996,46047,41778,65169,30322,12353,35040,29607,42271,25946,25258,22884,28474,20803,27094,24567,31103,20750,1423,4308,3934,2721,3168,2865,4134,2011,781,2484,2182,3012,2114,1954,1666,1928,1483,1760,1647,1956,1587,0,168043
2023-08-24,22566,67750,54098,39324,46527,41412,62494,26423,12018,34247,28997,40574,25392,23680,24440,27361,18998,26770,22933,29228,19078,1682,4248,3653,2534,3208,2955,4019,1670,900,2275,2074,2714,1841,1922,1783,1926,1159,1719,1691,1814,1397,0,160125
2023-08-25,20658,68256,52902,39055,45127,39795,63453,28607,12123,35837,28356,40158,24917,24372,23915,27418,19780,28525,22050,30760,19007,1411,4303,3434,2834,3059,2991,3901,1898,968,2455,2069,2834,1891,1853,1642,1788,1445,1938,1636,2036,1273,0,185104
2023-08-26,19024,65376,50039,38172,43554,38764,59331,26695,11207,32666,27370,40144,25008,24048,22124,28783,19046,25838,21615,30991,17265,1229,4200,3559,2753,2924,2784,3780,1754,799,2256,1922,2791,1841,1997,1610,2120,1354,1740,1596,1869,1284,1,162285
2023-08-27,20026,55060,53461,37389,41666,37121,57064,26244,12218,30936,26242,38001,23654,21496,22697,26117,17780,23861,22753,28639,17404,1354,3449,3581,2575,2978,2652,3761,1747,958,1987,1740,2556,1766,1620,1483,1759,1169,1446,1584,1794,1109,1,117120
2023-08-28,19179,67905,52479,37415,44141,39704,61388,26065,12137,33974,28612,38793,26010,21785,24123,25015,20243,25231,22895,29238,18668,1315,4152,3840,2834,3001,2847,3994,1709,941,2513,2213,2671,1809,1649,1618,1582,1445,1564,1624,1774,1331,0,171443
2023-08-29,21748,66289,52976,37177,45779,41635,61214,25440,11418,35875,28693,40841,25058,23866,22911,27724,19293,27690,21128,30902,17929,1494,4121,3768,2642,3164,2928,3880,1668,847,2640,2088,2815,1889,1930,1526,1933,1236,1699,1699,2010,1356,0,164435
2023-08-30,20090,65141,52932,35813,44190,41390,59257,25336,10726,33785,29047,37826,24055,22661,22404,25488,19376,25877,22393,28938,18908,1279,4150,3737,2486,3072,2940,3823,1517,791,2266,2136,2803,1795,1562,1579,1647,1315,1558,1624,1996,1276,0,156194
2023-08-31,20523,68027,51601,38056,44849,43619,58870,27179,10957,33335,28722,37261,24508,22406,22087,28486,19032,25439,21928,28700,17526,1665,4219,3821,2759,3193,2907,3757,1757,804,2693,1855,2698,1638,1572,1481,1943,1277,1619,1584,1740,1287,0,168033
2023-09-01,19802,61145,49465,37074,41876,35818,52815,26428,11724,33354,28775,39727,26664,22363,24365,47841,227,27079,21671,29676,18799,1325,3938,3636,2692,2940,2419,3143,1620,803,2098,2009,2726,1659,1781,1567,3024,480,1705,1498,1927,1331,0,190954
2023-09-02,17462,57463,46420,36765,41637,32965,52780,24592,11212,31985,26149,39163,25106,21843,24557,26972,19003,23996,21911,29653,16227,1210,3530,3142,2590,2767,2321,3099,1618,705,2146,1682,2578,1803,1402,1769,1799,1222,1624,1544,1800,1210,1,162055
2023-09-03,17805,53980,47032,36508,40604,33381,49870,27782,10872,28497,27928,38450,24521,20533,24673,24564,19063,25385,20917,30593,15909,1332,3163,3389,2463,2680,2022,2916,1738,641,1745,1726,2554,1592,1486,1598,1513,1224,1587,1434,1814,1149,1,120564
2023-09-04,17931,58716,54597,36432,40404,37556,53182,28089,12219,32846,30805,39225,26665,22123,24688,26256,20417,27951,21969,29055,20267,1212,3866,3715,2711,2970,2820,3441,1822,806,2148,1870,2604,1964,1658,1704,1724,1423,1803,1619,1875,1411,0,174942
2023-09-05,19777,58542,55307,33087,40280,34925,54452,28566,11906,33307,28646,39576,26192,22120,23419,26216,20554,26835,22052,30089,18585,1398,3581,3720,2650,2734,2390,3260,1673,816,2227,1949,2599,1745,1675,1730,2068,1243,1676,1642,1869,1319,0,175017
2023-09-06,18018,61831,45306,34949,41689,33799,54432,26786,12149,33796,28726,37292,26267,21320,23351,28922,19342,26752,22000,29884,18181,1233,4044,3530,2577,2847,2425,3362,1795,874,2030,1970,2544,1711,1829,1577,2035,1229,1705,1555,1803,1351,0,181094
2023-09-07,18907,57953,49918,33117,39211,32544,55368,27485,11425,32986,28606,36526,26523,21008,23482,27861,19594,26269,21774,27588,18627,1332,3576,3473,2229,2734,2285,3510,1706,810,2381,1836,2599,1864,1858,1663,1884,1183,1610,1636,1748,1302,0,178169
2023-09-08,17308,59652,59237,171,57803,33086,54660,27442,11177,32161,28400,36929,24627,21776,24354,27625,19057,24726,22381,27412,18896,1229,3646,3888,478,4157,2406,3322,1711,730,2076,1958,2462,1611,1577,1536,1855,1265,1613,1601,1944,1339,0,191265
2023-09-09,18280,53328,46604,28870,35214,33708,50537,25424,11467,31870,25628,36210,24755,21046,23840,24447,19910,23815,20710,29675,16116,1273,3259,3365,1857,2221,2173,2989,1615,708,1980,1690,2122,1576,1457,1661,1557,1238,1477,1506,1780,1143,1,166607
2023-09-10,15948,54670,44705,28478,32866,32343,49607,24125,11665,30860,25705,34384,22409,21203,21724,25250,19178,21282,22481,28000,16887,1035,3245,2923,1880,2076,2047,2905,1426,876,1843,1565,2170,1404,1447,1514,1567,1214,1342,1515,1711,1115,1,122920
2023-09-11,17494,62312,42676,36005,36910,36078,51128,27773,11414,32690,28343,36017,26395,21689,23368,27164,19455,25927,23846,28554,17496,1269,3914,3324,2367,2369,2367,3130,1670,670,2292,1867,2376,1703,1745,1670,1882,1313,1711,1757,1806,1279,0,180606
2023-09-12,17306,61120,45360,34073,37574,36203,51760,28087,11348,34126,28231,37451,25805,22111,23818,27609,20158,26234,22513,29904,18069,1169,3775,3413,2438,2657,2352,3139,1771,685,2359,2160,2342,1761,1812,1723,1910,1406,1763,1581,1904,1331,0,178139
2023-09-13,17983,58344,51653,30832,35996,34272,54717,26638,10883,33726,29086,36044,25822,22232,23212,28200,20056,26603,21707,28529,18289,1187,3662,3727,2258,2388,2477,3360,1704,710,2402,1982,2551,1749,1822,1543,1868,1248,1676,1475,1898,1270,0,176484
2023-09-14,18745,59005,46919,32465,37517,34317,52666,24577,11268,17810,27583,35915,25803,21542,24409,27047,20085,24494,21929,28166,17897,1254,3878,3518,2143,2557,2500,3187,1457,732,1860,1862,2616,1776,1608,1519,1907,1272,1524,1535,1993,1094,0,173361
2023-09-15,17746,57664,48351,31611,36016,34474,52446,23909,11695,0,27365,36656,24835,22127,23271,27689,19322,23360,22915,28565,17515,1210,3713,3250,2093,2529,2383,3203,1505,755,0,1884,2359,1730,1620,1622,1970,1277,1532,1598,1967,1161,0,184205
2023-09-16,18757,54002,46158,32218,36548,33103,51277,23580,11286,0,26006,35278,24576,19835,24678,27620,18664,23214,21185,28314,16348,1286,3226,3118,2076,2300,2106,2980,1471,760,0,1721,2215,1668,1313,1730,1799,1186,1449,1541,1794,1109,1,149043
2023-09-17,16801,53721,44114,29946,35710,30890,51309,26005,10724,20674,25660,36307,24372,20284,21837,27952,18514,22866,21157,30024,15045,1046,3187,2952,2018,2304,2125,3327,1541,655,1704,1699,2345,1619,1433,1505,1859,1152,1489,1434,1794,1057,1,119644
2023-09-18,19192,58368,51214,31810,35818,33703,54695,27709,11402,35231,37634,305,49919,22581,24539,27424,20269,26262,22516,30720,17966,1442,3506,3478,2243,2427,2369,3404,1805,724,2448,2434,691,3441,1666,1658,1847,1318,1587,1590,1924,1336,0,176369
2023-09-19,18551,58925,49981,31796,36561,34347,54337,26662,11956,33961,35165,0,52920,22082,23841,27598,19922,26230,21172,29383,18316,1323,3648,3408,2383,2571,2392,3312,1702,803,2292,2477,0,3487,1870,1579,1749,1409,1711,1578,1958,1305,0,178689
2023-09-20,20626,55222,50605,31629,37344,34752,51156,24216,11308,33335,29348,0,59426,20963,24491,27340,19396,24846,21282,28732,17070,1415,3655,3250,2083,2600,2431,3099,1510,780,2107,2057,0,3907,1711,1500,1730,1462,1722,1446,2025,1138,0,173087
2023-09-21,17778,56068,49618,29923,36353,32151,51824,23933,10886,30447,26874,35418,25980,21333,22904,25362,19633,23297,20429,29728,15150,1158,3480,3310,1908,2508,2087,3212,1430,720,2134,1697,2436,1751,1550,1474,1868,1253,1538,1472,1996,950,0,175899
2023-09-22,18399,54496,48973,28479,34208,32688,52966,24200,11116,31005,27158,36476,25808,21325,22203,27688,18926,23870,20966,30218,15485,1260,3346,3269,2004,2250,2154,3208,1531,724,2237,1877,2506,1674,1726,1474,1857,1214,1486,1463,1976,1106,0,195256
2023-09-23,15595,53860,43565,29280,35557,31540,50215,21937,10596,32164,25068,33359,25210,19012,22873,25354,18189,23110,19886,27542,15790,1048,3264,2746,1901,2387,2198,3070,1442,695,2028,1637,2093,1688,1342,1478,1747,1188,1460,1498,1768,1045,1,166362
2023-09-24,16222,48548,44827,26631,33397,29485,47112,23459,10423,28800,24796,32746,23184,18390,22676,22504,20142,20425,21754,26369,16152,1119,2916,2678,1759,2141,1889,2700,1428,718,1706,1560,1963,1390,1118,1332,1365,1243,1250,1362,1596,1040,1,125236
2023-09-25,17795,54826,47622,28685,35736,33734,49304,24229,11205,30605,27382,36268,24859,20573,24320,25425,19082,23376,20895,29414,15030,1152,3456,3312,2183,2556,2358,2893,1457,695,2189,1891,2405,1843,1872,1675,1763,1277,1558,1541,1832,1181,0,183836
2023-09-26,18834,53975,49415,28368,35018,33471,50666,24351,10941,30662,27376,36167,23328,22060,23747,26502,19085,23964,21104,28184,16327,1242,3374,3427,2200,2521,2321,3164,1498,707,1968,1762,2186,1534,1730,1711,1753,1392,1570,1457,1670,1172,0,179134
2023-09-27,18597,56454,47446,29444,36864,34588,49008,24819,11519,30759,27544,38173,23664,22666,23216,24975,20221,24362,21576,30113,16145,1162,3581,3286,2237,2444,2446,3089,1615,820,1858,1829,2364,1607,1728,1687,1759,1258,1699,1619,1878,1143,0,209410
2023-09-28,15496,54708,41541,29490,33074,32982,44450,23860,11462,26187,26360,36412,21500,20948,23180,22479,20435,20259,22229,28154,16286,1014,3096,2599,1843,2089,2070,2515,1351,699,1560,1694,2321,1398,1296,1471,1377,1394,1207,1365,1716,1123,1,110054
2023-09-29,18205,50066,40314,28282,33998,27964,48280,22663,10170,28198,25461,33147,21548,20182,24790,19220,20967,21282,20625,28395,14477,1198,2882,2664,1757,2162,1989,2820,1313,616,1682,1706,1982,1304,1255,1610,1185,1315,1322,1342,1647,838,1,71177
2023-09-30,15835,50355,43325,28796,32149,28657,48174,22574,10543,25736,26309,34290,21688,19461,22412,23832,19039,20724,19997,26791,15673,979,3125,2662,1899,2162,1935,2744,1327,680,1529,1702,2105,1313,1435,1334,1442,1327,1238,1331,1662,1043,1,117697
2023-10-01,14130,50350,38893,26200,29239,26101,49390,21156,8660,26553,23236,32427,19851,16998,24201,21051,16589,22710,18553,27441,15547,933,2875,2674,1686,2003,1661,2895,1265,536,1682,1507,2081,1260,1198,1570,1308,1152,1423,1408,1679,1083,1,130420
2023-10-02,15233,49110,39916,25613,30795,26887,46661,20407,9429,27808,21588,33406,19491,17350,21547,23601,15930,22681,17279,28065,15576,1021,3010,2690,1753,1981,2028,2684,1277,693,1879,1546,2047,1436,1238,1517,1438,1118,1377,1397,1705,1054,1,147531
2023-10-03,14784,47044,40008,23259,31635,26616,45381,20304,9005,26068,24259,31028,18919,17538,21546,24744,15416,20027,18647,27392,15445,935,2734,2575,1634,2158,1851,2740,1219,607,1699,1594,2035,1260,1310,1498,1524,1118,1333,1374,1636,1020,1,128085
2023-10-04,18396,49002,42514,26583,30744,28184,50325,22948,9639,27880,24954,33865,21617,19892,23223,22066,18554,22982,20377,26892,17253,1260,3314,3247,2003,1987,2029,3039,1510,655,1855,1644,2234,1630,1622,1586,1592,1265,1495,1613,1676,1336,0,182783
2023-10-05,19314,50608,38905,27122,32964,31146,45396,22207,9298,28789,24714,32995,20833,20475,22041,23592,17237,21808,20529,25659,17559,1263,3154,2642,1887,2329,2166,2763,1397,641,2218,1728,2196,1509,1574,1534,1572,1102,1636,1495,1630,1290,0,180789
2023-10-06,15182,53359,40159,26019,34037,30390,47328,22347,9912,27278,24914,32842,21862,19202,21962,23912,16109,22975,20398,26705,17238,1010,3199,2870,1716,2285,2045,2928,1356,649,1754,1668,2114,1505,1495,1536,1636,1133,1495,1509,1774,1100,0,197255
2023-10-07,16697,47616,38635,25677,31181,28320,46171,22270,9900,27508,23148,31192,20709,18594,21281,24762,16630,21635,19371,25710,16302,1035,2698,2635,1692,2100,1897,2949,1382,647,1841,1536,1894,1369,1334,1390,1862,1085,1420,1394,1653,1112,1,164098
2023-10-08,20743,38071,43815,22966,29453,26942,46328,19637,9716,27134,22218,30308,19706,17477,19540,25310,16010,20429,19380,26267,15751,1213,2203,2645,1500,2060,1801,2678,1102,597,1747,1409,1922,1382,1236,1358,1596,1039,1250,1296,1555,1025,1,129848
2023-10-09,15025,46190,40400,24877,30743,28065,43425,20965,9064,26040,22151,32237,20401,17594,21934,21741,16552,21264,18030,27673,15535,1058,3005,2611,1676,2081,1859,2632,1212,660,1654,1481,2054,1405,1291,1454,1365,1178,1325,1391,1693,1074,1,133103
2023-10-10,18041,49912,45001,24841,31613,29549,48108,23036,9803,28603,23602,32338,22043,18365,21252,25691,16153,23418,19043,25849,18428,1290,3151,3302,1711,2143,2145,2838,1447,634,2136,1711,2102,1584,1217,1603,1801,1078,1656,1454,1691,1261,0,185625
2023-10-11,18396,48834,46373,24402,29516,29093,49700,22828,9770,27656,23905,33211,22503,18418,19190,27513,16068,25202,18247,26248,17748,1298,3187,2995,1836,2216,1958,3059,1414,651,1822,1716,2158,1473,1382,1306,1920,1075,1593,1201,1754,1236,0,186703
2023-10-12,17193,50452,42217,25506,30808,31337,44518,22568,10631,27424,24500,33050,20361,19974,21406,23340,15809,22753,20022,26776,17554,1260,2969,3065,1868,1960,2133,2820,1478,728,1980,1850,2038,1503,1558,1486,1536,1126,1564,1515,1575,1259,0,181206
2023-10-13,18469,49170,42947,26806,31776,30837,45562,22585,10933,28065,24619,33418,21035,19236,22139,21648,17918,23333,20200,26778,16414,1265,3406,2873,1855,2298,2166,2888,1397,872,1826,1639,2136,1532,1476,1486,1526,1267,1598,1351,1728,1048,0,191986
2023-10-14,15170,49105,39173,26434,30370,28762,45679,23068,9808,24868,24851,31576,20259,19474,21097,25459,16687,20272,20226,25050,17147,1010,2981,2431,1749,2087,2093,2632,1442,636,1673,1843,2064,1275,1447,1382,1695,1061,1233,1322,1596,1106,1,171390
2023-10-15,16077,41876,43868,23227,27780,27375,44823,21011,8452,29216,19484,31452,19990,16723,21617,22118,15232,22314,17427,27079,15105,1014,2587,2669,1461,2041,1834,2546,1190,526,1865,1255,1954,1367,1164,1370,1434,1085,1316,1210,1665,1028,1,130559
2023-10-16,14761,54472,38683,26487,31274,29448,48388,22043,10258,29040,23159,32411,21141,18200,22031,25558,15260,23212,19829,26595,17104,1048,3300,2710,1811,2198,1953,2842,1385,793,2047,1656,2124,1542,1327,1440,1672,1092,1596,1426,1699,1356,0,177345
2023-10-17,15097,52882,39790,26757,32276,30298,45587,22334,9919,27226,24287,32839,21802,18272,21431,23560,16204,22705,19761,29265,15522,991,3379,2789,1772,2087,2102,2757,1320,680,1810,1591,2155,1549,1418,1462,1772,1027,1452,1385,1751,996,0,180123
2023-10-18,14571,53331,41835,26108,30448,28267,49970,22918,10432,27177,24524,32345,21564,18880,21767,23675,16820,24005,20331,24168,19351,1050,3259,3475,2037,2029,2102,3007,1354,733,2112,1601,2206,1542,1310,1514,1628,1130,1604,1526,1731,1273,0,183042
2023-10-19,14438,55033,37059,26834,30840,28608,48514,22045,9644,29821,22721,32690,21220,18379,21518,23179,16745,23523,18988,26223,17660,952,3504,2674,1891,2317,1880,2993,1308,622,2138,1582,2074,1482,1450,1536,1801,1214,1630,1394,1751,1270,0,177910
2023-10-20,14780,54017,38208,26648,31521,27649,47652,23009,9594,25154,23995,31373,21620,17464,21398,22804,15967,21946,20336,25531,18296,962,3415,2633,1893,2218,2064,2903,1351,655,1814,1608,2028,1432,1421,1486,1400,1114,1472,1388,1757,1264,0,191637
2023-10-21,13825,49311,39834,25195,28099,27675,46535,22986,9004,25880,21447,31382,21317,16348,21632,23033,15676,22362,17785,27482,15831,876,2741,2563,1718,1980,1860,2922,1346,674,1870,1476,1925,1427,1262,1476,1536,1166,1388,1238,1656,1086,1,176398
2023-10-22,14837,47000,33819,25784,28271,26815,46232,21340,8476,26162,21788,29252,18944,16603,20102,22764,14402,21291,19480,26834,14937,948,2878,2117,1649,2074,1766,2824,1178,534,1634,1354,1730,1190,1212,1318,1455,919,1279,1241,1584,959,1,126492
2023-10-23,14971,52475,38545,25578,31844,26837,47521,22310,9455,27289,23740,32150,21381,17425,21588,23338,14973,24262,18828,28200,15048,1066,3259,2693,1851,2231,1736,2872,1452,707,1805,1615,2093,1465,1248,1490,1561,1082,1544,1434,1716,1051,0,175456
2023-10-24,14655,54789,37370,26819,30568,30087,44182,22997,8817,28543,22912,31070,20526,19772,21439,23063,16175,24591,19119,25559,16983,964,3434,2602,1916,2018,2097,2703,1346,582,1987,1663,2112,1448,1529,1399,1668,1142,1506,1434,1696,1250,0,176803
2023-10-25,14857,51984,39626,25832,30697,28540,45012,22410,9153,27976,23388,32424,30124,146,30110,22997,16158,24998,18459,28068,15799,1073,3175,2873,1718,2271,2122,2732,1380,678,1942,1711,2114,2016,283,2484,1582,1162,1676,1452,1722,1057,0,182848
2023-10-26,15271,51688,38249,26451,31737,30390,44923,22711,9176,28145,23615,31755,27604,0,35479,21338,16745,24452,18584,24902,18437,1183,3139,2678,1805,2329,2112,2701,1327,735,2088,1642,2098,1945,0,2484,1450,1162,1619,1385,1630,1299,0,184200
2023-10-27,13939,53165,40291,25423,32781,28031,46439,22657,9591,26420,23626,31807,22284,17924,22109,22099,16748,24680,18204,26430,17212,1000,3134,2801,1542,2229,2020,2826,1346,674,1886,1706,2105,1619,1416,1704,1448,1150,1541,1426,1714,1080,0,193042
2023-10-28,14823,47303,39670,25638,28237,27133,45071,22570,8952,26074,21499,32069,18088,18347,19910,23216,16592,20453,20244,26511,15587,1027,3091,2510,1747,1926,1981,2653,1342,584,1702,1438,2076,1265,1392,1397,1542,1126,1221,1371,1596,1077,1,174203
2023-10-29,15777,46847,34988,25655,26710,26399,45067,21503,8790,23969,20386,31788,20227,15616,21076,22208,14743,22257,16890,28416,14602,1200,3007,2582,1605,1972,1663,2673,1260,564,1550,1279,1850,1238,1003,1382,1453,1006,1336,1261,1598,844,1,132042
2023-10-30,14781,51846,38992,25836,30940,28985,46185,23582,8830,25356,23225,32784,21150,17329,23392,22452,15903,24986,18216,27140,16667,1117,3223,2998,1836,2118,1991,2868,1385,622,1930,1742,2287,1484,1375,1555,1701,1195,1601,1385,1725,1230,0,179508
2023-10-31,15081,53689,40946,26239,32205,30140,47706,22762,9459,28175,23577,32312,22577,18073,19796,23840,16713,24489,18690,26616,16409,1194,3372,2899,1803,2233,1884,3011,1337,712,2083,1644,2107,1645,1394,1505,1741,1188,1535,1440,1699,1074,0,180579
2023-11-01,15397,51384,40925,27326,31692,29158,46880,23173,9623,27682,23732,33379,21963,18835,20878,24257,16259,24221,19004,26528,16455,1144,3384,2870,1834,2183,1893,2893,1354,622,1692,1685,2292,1659,1442,1550,1745,1186,1518,1495,1676,1077,0,183648
2023-11-02,14492,51911,43406,25255,31530,29498,46313,22488,9556,27536,23875,33832,21227,20119,20386,25164,15913,23582,18953,25703,17595,1139,3151,3372,1741,2333,2016,2792,1366,687,2045,1730,2462,1659,1438,1517,1799,1102,1466,1449,1587,1339,0,180795
2023-11-03,13955,54810,38743,25946,31844,28980,46670,23138,9231,26786,23654,32556,21057,18317,21686,23572,16472,23925,19776,26241,17258,962,3307,2918,1753,2275,1935,2916,1390,563,2076,1680,2119,1590,1342,1450,1768,1217,1529,1342,1578,1322,0,196306
2023-11-04,14260,50526,39852,23068,31235,28379,44941,21226,9851,25877,22550,30518,19861,17654,20951,23645,15876,19732,20725,26109,15397,1041,2983,2758,1517,2037,1922,2604,1298,707,1781,1445,1889,1277,1186,1397,1530,1106,1276,1342,1619,1149,1,167104
2023-11-05,15247,44848,42412,23144,28222,26345,43604,21883,8977,23866,22219,29512,19126,17209,19833,22663,15479,20596,18943,25223,16266,935,2496,2640,1561,1972,1745,2490,1274,588,1406,1478,1831,1248,1260,1490,1473,1006,1218,1267,1584,1040,1,127098
2023-11-06,17155,50912,39869,24943,30722,29220,44765,21940,8972,33364,160,47716,20605,17926,20204,23884,15860,21396,20709,27440,16431,1127,3355,2695,1603,2148,2131,2799,1394,664,2222,358,3374,1551,1416,1553,1866,1042,1377,1420,1693,1068,0,171538
2023-11-07,15744,52021,39938,24324,31336,27188,47030,23729,8764,29386,0,50636,20680,17480,21574,23397,15808,21786,20959,27374,16665,970,3182,2981,1670,2131,1955,2826,1500,655,2028,0,3346,1457,1404,1603,1933,1106,1328,1503,1725,1060,0,179516
2023-11-08,13905,53678,37694,25118,27690,28446,48763,23912,9070,26312,23672,32148,21660,18673,19407,25810,14852,25408,21178,27303,18147,950,3096,2849,1791,2070,1912,2851,1529,612,1769,1589,2148,1461,1430,1253,1797,1056,1572,1526,1722,1256,0,182167
2023-11-09,13638,54365,38385,25611,31139,27339,48539,22803,9917,25885,24314,31753,21729,18219,20405,25565,15106,25110,18436,26016,17497,941,3223,2866,1657,2181,1908,2882,1426,737,1798,1680,2018,1519,1397,1582,1770,991,1535,1472,1676,1120,0,181541
2023-11-10,14293,51487,38458,24629,29787,27863,46237,22961,8831,25470,22608,31900,21885,16279,22261,24040,14629,23587,20668,28701,16055,968,2947,2827,1738,2150,1960,2824,1373,607,1718,1495,2081,1484,1378,1558,1774,1090,1483,1492,1786,1043,0,192513
2023-11-11,16092,51526,35558,25040,28580,26540,51193,24950,8260,26928,20489,31535,19404,17069,20168,25115,14576,27148,21114,27768,18029,960,2926,2398,1688,2074,1908,2769,1459,526,1682,1464,1918,1273,1306,1423,1647,1063,1431,1480,1656,1166,1,175696
2023-11-12,15138,49709,32783,24657,27940,25290,51324,24606,8460,23926,21061,30914,19986,15466,20911,22703,14957,29371,19536,28143,17987,1031,2914,2033,1565,1989,1818,2915,1543,541,1438,1649,1838,1258,1042,1373,1396,1025,1541,1408,1714,1115,1,128763
2023-11-13,13891,57108,37878,25311,28858,28150,51737,26741,8731,27221,23999,29758,22716,17709,21490,22867,16093,29799,22486,26403,21655,1020,3422,3218,1692,2035,2022,2945,1565,609,1891,1586,2009,1490,1411,1452,1918,1176,1679,1587,1849,1408,0,177589
2023-11-14,13454,57104,38671,22547,29280,28494,46594,26330,8933,25213,23364,31289,21773,17650,19832,21580,15667,29055,21606,28494,19500,935,3432,3161,1818,2114,1980,2796,1531,716,2054,2021,2088,1862,1445,1478,1542,1238,1627,1607,1901,1348,0,179314
2023-11-15,16273,54425,36548,23736,30219,26883,50100,26111,9981,27322,24178,31039,21887,20257,20833,22700,17164,31375,20022,25681,20978,1135,3629,2671,1647,2029,1766,3036,1675,684,2201,1723,2357,1584,1658,1358,1663,1325,1797,1725,1812,1299,0,185877
2023-11-16,15076,57248,42596,23228,31577,27929,52121,27764,10490,28402,26168,34219,24230,20816,22376,22834,18832,30495,22365,26888,21284,1010,3482,3130,1686,2049,2137,2943,1514,739,1860,1728,2196,1811,1615,1495,1645,1229,1826,1751,1837,1371,0,176519
2023-11-17,16230,52301,41037,24359,24672,31447,46932,26417,9484,25951,24782,30648,23921,18248,20982,23169,16877,30519,21648,27140,20925,1083,3245,3295,1676,1993,2415,2807,1493,660,1812,1682,1973,1584,1692,1522,1836,1373,1731,1613,1846,1405,0,196268
2023-11-18,16764,53543,39430,24097,22704,30165,51994,30431,9746,25688,22198,32050,21651,18014,19636,25622,16199,29544,22645,30804,18564,1179,3065,2527,1478,1567,2164,2867,1668,637,1726,1421,2016,1538,1195,1409,1859,1073,1521,1457,1693,1017,1,170240
2023-11-19,14255,52241,34565,25582,21137,28068,48264,29979,9371,22577,22428,31469,20286,17184,20096,23680,15917,29381,18500,29254,17101,912,2952,2290,1594,1352,1987,2796,1493,589,1582,1538,1841,1430,1118,1349,1511,1102,1745,1328,1688,927,1,129779
2023-11-20,14667,50657,41139,24319,24080,30669,47646,25607,9184,24752,28035,29707,22080,21768,18914,24686,16163,30407,19184,27702,19104,1021,3348,3192,1878,1674,2172,2984,1558,649,1824,2201,1858,1793,1488,1325,1741,1109,1783,1498,1768,1348,0,180330
2023-11-21,15230,56309,38720,26285,23132,29962,50568,30392,9474,25328,27079,30802,22872,22620,20423,22928,17327,31707,20123,27104,20166,1098,3775,2842,1836,1678,2244,3078,1730,580,1956,1831,2184,1596,1697,1373,1670,1258,1656,1598,1777,1385,0,185715
2023-11-22,16125,55702,37294,27457,23044,29400,50492,27029,9630,26882,29127,226,54027,18911,21941,22662,17293,29867,20217,25500,20580,1135,3523,2933,2024,1630,2141,3145,1603,705,1817,1961,523,4182,1397,1574,1745,1217,1607,1578,1786,1325,0,183842
2023-11-23,14771,54653,38447,27529,22075,31697,44993,24754,9603,26977,25987,0,52730,18422,22289,23184,16993,26217,19310,27106,16927,1094,3326,2789,1822,1682,2296,2832,1462,699,2066,1978,0,3713,1565,1582,1571,1210,1633,1624,1711,1299,0,181889
2023-11-24,15842,56204,41383,25523,22506,29333,54222,27766,9403,25575,26183,29402,24677,18250,20550,22258,17887,30998,22373,27809,20732,1062,3778,3029,1841,1672,2306,3114,1613,666,1963,1898,1978,1713,1303,1361,1538,1274,1725,1630,1835,1403,0,193141
2023-11-25,14246,58030,37946,25237,22271,31380,51927,30559,10126,26082,24598,29434,22518,18002,21040,24513,16851,30860,23262,27413,21706,922,3276,2683,1622,1572,2181,2940,1603,716,1795,1488,1970,1699,1284,1524,1592,1236,1636,1469,1731,1339,1,168524
2023-11-26,14986,54500,34136,25733,22377,28280,51291,32226,9654,23057,23152,31168,21341,17066,19735,23332,16139,30502,21333,28899,19621,1010,3120,2201,1667,1576,1795,2711,1543,599,1608,1550,1879,1340,1070,1378,1501,1142,1803,1503,1734,1227,1,129655
2023-11-27,15229,55274,40571,24439,23393,31056,48194,26040,9456,26814,25162,30698,24812,16858,20741,25904,15677,30454,21714,27040,21222,1027,3864,2654,1801,1707,2292,3060,1558,632,1925,1817,1930,1924,1238,1567,1816,1018,1662,1777,1768,1440,0,175920
2023-11-28,16268,55594,37877,26856,22623,30414,51673,27224,9123,25154,26873,30940,24200,17717,19094,27312,15766,30516,22737,28757,21455,1091,3398,2786,1824,1713,2070,3231,1546,649,1908,1728,2114,1647,1358,1375,1805,1126,1639,1610,1921,1331,0,178410
2023-11-29,15457,56858,41650,24513,23016,30730,53210,30167,9298,27424,25942,31063,23587,18140,19597,26307,15919,32017,22407,28501,22201,1110,3631,3120,1663,1588,2279,2907,1570,616,2014,1920,2047,1715,1373,1538,1728,1286,1771,1777,1866,1489,0,178140
2023-11-30,14614,60929,39297,25384,23286,30613,57542,32566,9272,25647,28695,29794,24041,18398,20573,25308,16599,33802,24764,29151,24099,993,4056,2942,1820,1555,2358,3133,1733,643,1915,1975,2074,1715,1471,1577,1705,1190,1984,1774,2030,1541,0,172245
2023-12-01,15553,62923,40155,25059,24440,31682,55647,33093,8998,26310,28831,30373,24285,17194,21313,25401,16265,34078,24078,29205,24708,1081,3761,3456,1857,1613,2379,3241,1627,526,1894,1882,2069,1728,1402,1474,1665,1231,1814,1754,2062,1535,0,188234
2023-12-02,13519,58667,38975,24739,23815,30061,53860,32230,9732,25206,25944,30698,23568,16261,22613,24324,15979,34030,20390,28473,21173,841,3346,2419,1588,1688,2191,2853,1589,636,1634,1512,1879,1572,1193,1505,1515,1214,1777,1555,1708,1302,1,165716
2023-12-03,14102,54705,33103,25218,23826,29020,52121,30269,9254,24469,24694,30790,20985,16300,20317,24024,16223,29361,22018,28974,20491,914,3043,2198,1603,1613,1824,2991,1574,580,1481,1639,1872,1463,1068,1315,1505,1099,1771,1532,1731,1305,1,124364
2023-12-04,14991,63264,39531,25510,23473,31362,55097,32659,9501,26374,27946,32658,24429,17957,23436,21481,18064,33668,22316,29491,20776,1114,3895,3276,1922,1530,2229,2922,1795,636,1978,1937,2242,1908,1430,1687,1711,1279,1944,1719,1950,1403,0,176939
2023-12-05,14215,61622,38441,24988,23814,31290,52932,30147,9036,27089,29218,31423,24189,18077,22179,22583,17393,32076,21539,27948,22127,989,3773,2878,1793,1594,2214,2974,1656,649,1958,2014,2225,1749,1411,1558,1676,1231,1840,1593,1863,1532,0,181165
2023-12-06,15348,58999,41926,26923,23639,33436,53292,30299,9998,27035,30476,33109,26322,18877,20300,25675,17574,31875,22602,28563,21502,1096,3862,3281,2035,1640,2198,2940,1606,724,1822,2078,2112,1949,1500,1495,1711,1222,1757,1653,1803,1509,0,181385
2023-12-07,15290,56182,41072,24787,23733,31782,50510,28455,8885,25842,29297,29021,24396,17542,21347,24723,16330,29739,22327,27475,21414,1050,3660,3055,1772,1603,2300,3045,1574,563,1927,2026,1980,1718,1399,1522,1709,1121,1624,1549,1886,1480,0,181696
2023-12-08,16368,58437,38281,26051,24178,30212,51702,25745,9480,25955,28003,30085,24426,17923,22419,21939,17757,30505,21220,26454,21425,1027,3689,2719,1962,1659,2425,3203,1661,659,1771,1903,1992,1805,1490,1507,1617,1277,1685,1711,1780,1518,0,195633
2023-12-09,14566,48817,39728,24604,26680,29254,45346,23629,9348,25168,25322,29614,22224,18124,22185,23163,17763,22022,21581,26094,18115,933,2726,2556,1626,1837,2004,2648,1349,680,1798,1538,1860,1407,1260,1416,1590,1294,1414,1296,1647,1189,1,173773
2023-12-10,15637,44853,39948,22460,27051,26043,46285,24738,9606,23311,22906,30436,20201,17104,21706,22690,16170,22136,21030,28013,15911,1054,2772,2525,1375,1849,1653,2650,1471,632,1536,1558,1824,1421,1162,1394,1452,1090,1374,1351,1644,985,1,129508
2023-12-11,15513,52600,38386,23887,30524,28801,46982,24335,9279,27864,24267,31182,22504,17849,20368,22812,16326,24516,22218,27590,18184,960,3410,2767,1728,2083,2072,2811,1440,651,1918,1670,2078,1665,1246,1548,1636,1145,1642,1477,1722,1423,0,163006
2023-12-12,15427,52766,40391,22782,29699,27237,49600,24155,8753,29705,23869,30056,22878,18546,20908,22257,17111,26697,22074,28259,19140,1075,3410,3084,1670,2095,1951,2949,1452,599,1946,1711,1925,1757,1567,1474,1572,1157,1812,1679,1731,1492,0,179826
2023-12-13,16445,52534,39109,24733,30393,29976,45067,25445,8690,28535,24041,30974,22885,18385,20812,22321,17580,29018,22394,27510,20421,1131,3413,2916,1682,2122,2020,2667,1488,591,1975,1728,2035,1620,1661,1529,1561,1265,1644,1745,1777,1446,0,183750
2023-12-14,15057,54589,38984,23326,29874,28050,48996,23701,9127,30333,25276,29889,22324,18085,22318,21049,16757,27731,20383,27186,19444,1069,3420,3036,1789,2081,2039,3001,1502,684,2266,1807,1822,1688,1514,1572,1505,1142,1754,1719,1829,1521,0,171311
2023-12-15,14914,53736,38329,23551,30169,26813,49303,24278,8745,30157,23431,30671,21994,18300,20644,22634,17214,26823,21886,28609,19268,1077,3530,2738,1544,2064,1981,3291,1486,660,1922,1678,1992,1688,1574,1464,1498,1150,1682,1593,1765,1521,0,178581
2023-12-16,13384,54869,36658,23457,31115,28260,46566,25718,9418,29105,22845,29995,21148,18951,22048,22657,15827,30797,22536,27091,22411,877,3163,2405,1707,1989,2047,2638,1512,657,1997,1387,1805,1304,1298,1483,1503,1152,1748,1469,1693,1443,1,176630
2023-12-17,13320,62761,37081,23101,28871,28926,52791,35651,9288,26935,23639,32316,22675,17652,22442,21903,16378,33076,24335,33154,20825,950,3432,2558,1538,1901,2028,2799,1898,622,1764,1589,2018,1663,1169,1584,1465,1104,1642,1665,1935,1264,1,120724
2023-12-18,14071,68213,39526,24243,38694,21860,58139,33858,9131,31153,28936,31010,24025,18850,20758,24724,17087,35819,25134,32450,23523,1037,3794,3185,1793,2500,1905,3498,1762,595,2196,2035,2191,1596,1476,1586,1812,1200,2007,1835,2125,1593,0,169484
2023-12-19,17193,60062,41008,23165,37209,23124,53310,32501,9135,31224,25827,31207,25236,18326,20281,24573,17047,35173,23297,30226,23841,1177,3720,3247,1912,2339,1801,2936,1690,568,2059,1877,2066,1832,1586,1447,1684,1200,2076,1691,2028,1506,0,177205
2023-12-20,14505,66053,38714,23990,32694,29220,57554,31318,9280,30262,30327,30905,24444,19546,20966,24485,17209,34788,25174,31247,24124,937,3934,2875,1661,2266,2108,3262,1678,641,2102,2026,1956,1910,1416,1610,1640,1152,2128,1800,1981,1549,0,179930
2023-12-21,15659,67828,40208,24663,33930,27482,63858,36964,9248,28811,31389,31436,25656,18617,21625,25263,17409,37468,24148,31828,24660,1031,4198,3043,1759,2256,1960,3291,1870,589,2004,2064,2162,1953,1562,1490,1905,1363,2186,1786,2209,1662,0,171461
2023-12-22,16322,69172,39952,25346,35179,30045,60494,37430,9324,27158,33449,31589,24812,18558,21806,24880,17701,36361,26559,32661,23980,1271,4169,2935,1726,2367,2125,3114,1932,634,1855,2220,2100,1889,1466,1654,1824,1159,2094,1823,2154,1547,0,186055
2023-12-23,15648,63364,34396,24894,34233,26686,61072,36454,9937,27113,29297,30577,26660,16775,21796,24977,17108,33058,25410,30673,23689,991,3305,2585,1820,2254,1688,3108,1766,684,1910,1886,1958,1778,1075,1459,1872,1212,1659,1630,1806,1394,1,168680
2023-12-24,14837,59009,40057,22875,31134,27734,54132,34681,9718,22885,30721,30778,24464,16725,22813,21573,16358,29837,26098,30589,22352,979,3029,2594,1446,2054,1916,2822,1718,641,1488,1846,1889,1715,1111,1466,1340,1015,1575,1659,1895,1365,1,149866
2023-12-25,14615,58411,37925,22694,32000,27140,56471,33696,9282,25345,28091,30052,26574,16709,22498,20034,17135,34362,22410,27579,23597,964,3468,2510,1615,1978,1747,2844,1762,660,1598,1632,1826,1647,1183,1447,1286,1210,1788,1457,1547,1351,1,159770
2023-12-26,14968,64978,40142,24195,32247,29317,56255,32768,10677,26704,33704,29918,26174,17865,21561,23484,17527,34062,24206,29390,23903,998,4039,2806,1747,2435,2079,3080,1870,699,1807,2374,1990,1859,1490,1457,1720,1241,1973,1780,2102,1575,0,182871
2023-12-27,15657,59140,41512,22982,32088,29335,53417,31073,9898,26401,32073,32905,25328,19427,23620,23676,18118,33620,23027,30412,22342,1102,3641,2993,1843,2225,2033,3047,1742,622,2026,2138,2220,1899,1361,1531,1645,1202,1941,1765,2033,1503,0,183114
2023-12-28,16943,59161,43322,23820,34241,30073,53046,31435,9809,27040,35432,34217,24035,20594,23792,23751,19022,30923,24869,29742,22971,1144,3768,3538,1782,2258,2196,3155,1814,580,1874,2290,2254,1845,1512,1574,1692,1277,1685,1754,2039,1538,0,180998
2023-12-29,17472,60991,39846,26087,33201,30739,56744,32846,10501,26640,36249,33718,25777,19802,23896,25979,18928,32293,23799,29469,22771,1135,3926,2916,1853,2440,2116,3072,1819,662,1903,2194,2383,2106,1536,1776,1843,1262,1725,1668,2039,1535,0,195432
2023-12-30,16331,56746,41906,26421,34240,30113,54113,32652,11677,28160,30456,34987,27100,20462,23291,25939,18964,32530,22485,27405,22689,995,2894,2731,1788,2235,1956,3007,1762,795,1903,1898,2287,1830,1466,1536,1983,1363,1881,1538,1840,1339,1,159740
2023-12-31,14479,53049,38132,22127,31676,26066,52218,27807,10206,21008,35651,27527,25225,17092,8582,25242,16920,32532,21814,26572,21891,952,3077,2405,1402,1964,1770,3066,1555,682,1380,2155,1661,1624,1123,1414,1567,1174,1832,1276,1650,1313,1,126818
2024-01-01,15527,53582,38765,23343,28843,27730,50178,29939,9562,24583,28877,30790,22943,16853,19046,25249,18262,31018,21583,31858,18603,943,3062,2453,1572,1857,1841,2682,1514,601,1517,1675,1910,1501,1085,1270,1501,1174,1817,1506,1765,1034,1,101092
2024-01-02,17629,55769,40078,40413,137,39995,52515,27324,10099,25754,31631,30397,23304,18050,23714,21830,17572,30798,22536,28756,21011,1261,3684,3005,2938,294,2425,3084,1721,639,1862,2081,2162,1626,1697,1706,1786,1212,1829,1630,1927,1503,0,167192
2024-01-03,16884,59374,43962,40840,0,40525,55492,589,38185,26898,29204,31700,24495,19511,21007,25442,17530,31980,23250,28959,23315,1162,3641,3422,3110,0,2870,3080,893,2244,1766,2287,2474,1703,1512,1435,1749,1243,1944,1691,1958,1380,0,166544
2024-01-04,16021,59139,42979,22625,30887,28931,54492,0,40428,27443,31225,30202,23997,18765,21766,24924,17222,31961,23265,30117,22424,1260,3974,2981,1571,2244,2114,3003,0,2185,1997,2177,2155,1753,1750,1644,1820,1162,1696,1791,2033,1313,0,171157
2024-01-05,17343,60583,38747,24806,32553,28922,56218,0,40590,27728,32290,32804,24471,20285,21028,25770,17582,32360,22851,28984,22325,1139,3792,3060,1828,2333,1891,3176,0,2294,1913,2402,2366,1895,1517,1464,1724,1294,1889,1809,1961,1449,0,181710
2024-01-06,18610,49159,37230,24256,30085,28310,54116,31443,10862,25956,27350,30100,24293,18252,22064,24360,17274,31299,21444,28448,21205,1146,3024,2246,1697,2095,1772,3001,1574,824,1759,1783,1870,1613,1289,1586,1649,1210,1636,1287,1826,1267,1,160806
2024-01-07,16668,53681,38523,24123,27838,27628,53121,31703,9372,24099,26611,31742,21889,17411,19594,24521,17783,31731,21666,32411,19026,1110,3197,2587,1584,1849,1814,2863,1586,609,1560,1906,1896,1580,1200,1358,1572,1205,1774,1590,1886,1210,1,113665
2024-01-08,15784,65926,41370,22786,32353,28253,58534,34484,9668,28069,29925,30933,24401,19053,22985,23640,17710,32690,25571,30248,24339,1331,3984,2952,1766,2129,1937,3264,1872,599,1958,2057,2237,1709,1411,1634,1778,1207,1889,1812,2134,1394,0,163570
2024-01-09,16636,64214,42103,22644,33075,28800,56906,35166,10023,29206,28495,33162,24481,19993,21604,25359,17333,33681,23992,31222,22536,1129,3931,3262,1734,2291,2020,2953,1802,722,2066,2038,2182,1745,1459,1567,1922,1212,1987,1711,2074,1521,0,167170
2024-01-10,15426,62876,38819,23312,32665,30997,48888,29246,13251,27691,29011,34101,23859,20033,22273,24437,18038,31891,24609,31846,21262,1056,3912,3173,1716,2369,2279,2951,1630,851,1949,2191,2366,1584,1606,1589,1753,1222,1788,1826,2045,1411,0,171533
2024-01-11,15953,61439,41623,23436,32866,29133,55428,30881,12598,28151,29678,31557,26416,18528,22538,24259,17325,33959,22749,30302,21526,1052,3770,2978,1826,2264,2124,3064,1579,829,1860,2009,2309,1916,1488,1649,1793,1238,1947,1869,2074,1443,0,174385
2024-01-12,16577,58982,40977,23685,31069,28816,52204,29692,13107,26914,29309,32511,25690,19240,21702,20783,19699,32232,23255,30003,21959,1104,3850,3302,1851,2193,2168,3105,1663,808,1968,2292,2306,1941,1315,1663,1394,1344,1780,1869,2025,1365,0,183869
2024-01-13,16753,55742,34465,24217,31066,29303,50144,29617,12646,25828,28138,29139,25009,17526,20996,24668,16477,31520,22469,27037,22761,1129,2954,2268,1711,2145,2018,2698,1488,753,1553,2028,2004,1644,1294,1510,1644,1092,1662,1365,1780,1287,1,164962
2024-01-14,17627,52199,38320,23570,28807,28980,50479,29160,11631,23367,29106,31233,20806,17672,23692,21828,15907,29686,21443,30519,18836,1127,2904,2635,1534,2129,1895,3064,1618,705,1558,1783,1867,1515,1243,1382,1365,1140,1788,1460,1794,1152,1,119604
2024-01-15,16593,57482,41315,23273,31745,28801,54871,28784,13205,26330,29836,30808,23970,18283,21413,24468,16393,32024,24538,30459,22419,1217,4006,3264,1642,2164,2198,3091,1543,891,1850,1927,2026,1653,1500,1483,1661,1147,1837,1800,2065,1538,0,168136
2024-01-16,16452,61468,41417,22416,32110,28482,55161,33101,10302,26704,29903,31528,24206,26898,175,36835,17428,35111,21990,30393,22335,1252,3996,3475,1651,2216,2181,2993,1786,701,2054,2074,2328,1932,2126,353,2774,1205,1941,1627,2097,1351,0,172827
2024-01-17,15918,61969,41285,26104,33595,30824,54721,32315,10251,28780,30373,33335,25177,29518,0,38668,17846,32532,24371,30074,22699,1044,3874,3401,1741,2168,2346,3043,1730,751,1970,2011,2294,1693,1939,0,2604,1265,1823,1846,2045,1371,0,167894
2024-01-18,16231,58542,39149,24156,32269,31135,49804,30179,10047,27716,29897,30884,25530,18597,21891,24914,16748,31216,23198,28009,22818,1194,3547,3276,1701,2435,2360,2964,1622,616,1896,1982,2256,1741,1567,1440,1726,1231,1780,1601,1907,1498,0,159498
2024-01-19,15103,56682,39784,22829,30770,28736,52259,28192,9379,25337,27907,31492,24251,18017,22449,21661,17332,31368,22674,30470,20983,996,3670,2818,1709,1991,2070,3055,1613,710,1814,2206,2086,1711,1394,1430,1580,1279,1679,1584,1961,1466,0,183381
2024-01-20,16552,47804,37852,22051,30650,26777,49897,26078,9134,26135,27211,28289,24430,17158,20370,21826,18906,30964,21637,27834,22069,1077,2952,2609,1655,2024,1895,2830,1505,612,1692,1774,1762,1557,1178,1426,1634,1219,1780,1446,1702,1365,1,148681
2024-01-21,18216,46131,38185,22229,26969,25899,49260,25238,8922,25847,25715,29335,20186,15874,21416,25109,16723,30624,19994,30954,18598,1069,2765,2285,1359,1960,1605,3045,1469,564,1618,1510,1702,1321,994,1284,1526,1054,1670,1296,1719,999,1,124294
2024-01-22,14185,63293,38139,24572,30897,30339,54789,32795,9357,26248,30740,30007,24449,18758,21615,41456,216,33067,25345,31023,23581,922,3751,3204,1763,2122,2104,2909,1759,616,1843,1961,1994,1722,1481,1366,2705,446,1889,1748,1979,1564,0,163127
2024-01-23,16324,67567,39913,24352,32789,30180,60316,36643,9975,26027,32536,29918,25814,19009,21070,43554,0,35467,25330,30131,25489,1091,4128,3103,1624,2381,2043,3126,1879,666,1824,2117,2076,1878,1738,1402,3168,0,2085,1964,2117,1578,0,154005
2024-01-24,16145,67487,39565,23186,32256,29478,60930,37301,9490,26564,30334,29847,28523,18032,20695,25654,16463,35096,26346,30764,25295,1033,4080,2707,1688,2024,2304,3243,1865,626,1925,2239,1932,2014,1464,1486,1716,1171,2025,1812,2212,1578,0,158718
2024-01-25,15534,68709,38511,24908,34093,28788,59685,36784,9892,27268,29554,31268,26851,18067,21275,25879,16745,35669,24349,32331,23520,1010,3878,3082,1745,2356,1930,3093,1954,622,1814,2220,2042,1958,1296,1579,1964,1198,1938,1777,2004,1552,0,164506
2024-01-26,16679,62587,41257,24168,32868,28253,56803,34353,10126,27637,29923,31529,26308,17971,23488,23070,17547,34396,23445,29912,23613,1085,4056,2894,1780,2356,2018,2989,1812,674,1822,2160,2258,1912,1421,1627,1690,1241,1932,1763,2117,1492,0,186381
2024-01-27,17188,56726,37871,24349,31859,30080,50579,32816,10427,26759,28270,30193,24887,18031,21963,23655,17345,31257,24044,28895,21912,1092,3067,2887,1638,2202,2099,2723,1709,772,1697,1963,1874,1684,1265,1517,1672,1169,1604,1518,1820,1325,1,163400
2024-01-28,17530,52556,40223,22290,30543,27318,52863,32038,9169,26077,27182,30102,22646,17325,19576,24840,17492,32617,21743,29593,21401,1233,2837,2489,1588,1884,1713,2986,1680,570,1769,1846,1913,1461,1162,1361,1544,1202,1860,1472,1832,1296,1,122645
2024-01-29,19215,61067,40337,24125,32646,29758,54520,34261,9684,27913,29295,30624,25817,18475,21565,25835,16944,35122,23314,29848,23235,1321,3977,3067,1837,2283,2264,3028,1819,591,1882,1987,2086,1872,1442,1606,1715,1183,1993,1702,2088,1515,0,169852
2024-01-30,15995,63440,41161,26970,34132,30114,56536,34278,10808,29170,32051,35932,25123,20779,23750,25828,18842,32265,24388,31588,21900,991,4082,3180,1958,2506,2062,3057,1951,730,2066,2162,2443,1832,1358,1644,1761,1363,1757,1711,2085,1564,0,171115
2024-01-31,17305,57098,38937,25239,32215,30174,52747,29873,11245,28115,29511,32164,26449,19962,21605,26515,18277,31522,21831,27585,21727,1114,3780,2981,1828,2306,2110,2989,1759,791,1786,2129,2208,2028,1560,1716,1818,1210,1809,1495,1938,1273,0,170282
2024-02-01,16048,57453,40978,24615,32350,29699,49771,30880,11335,30846,31199,31719,25704,19048,21684,25979,16847,30892,22986,28695,22078,1117,3605,3108,1668,2191,2298,2972,1913,689,2105,2225,2270,1743,1534,1562,1793,1282,1745,1621,1944,1457,0,172422
2024-02-02,15794,54683,41441,22853,30020,29823,48510,28142,9430,29999,31626,30661,23928,18498,21521,24167,17387,32566,22002,29624,21789,1075,3614,3384,1859,2323,1933,2861,1675,616,1838,2256,2110,1594,1392,1531,1715,1104,1788,1555,1924,1397,0,184164
2024-02-03,16814,49873,34271,23861,28936,26650,50186,29187,9324,26406,27439,28557,24276,17135,21229,22712,18214,31240,21038,27914,20892,1048,2904,2273,1596,1924,1816,2874,1541,680,1598,1702,1853,1622,1262,1622,1594,1150,1716,1397,1740,1319,1,158960
2024-02-04,16036,46895,40400,21896,28524,27065,46579,24517,9059,28362,25397,28552,21530,16078,20299,25655,15131,29063,20981,29550,19711,962,2801,2522,1344,2154,1757,2565,1637,553,1702,1531,1735,1298,1087,1250,1555,1018,1449,1270,1745,1230,1,121445
2024-02-05,15218,57805,38421,22872,30833,28252,51344,27372,9777,26189,32628,29658,25446,16891,21018,25369,16239,30681,24592,30546,21404,1250,3602,3096,1653,2083,2039,3084,1644,597,1858,2081,1994,1724,1428,1397,1791,1246,1711,1699,1898,1515,0,160698
2024-02-06,16241,61945,38532,23773,30947,29285,52324,30543,9694,25855,33199,32977,24494,17592,20441,24920,16811,33325,22776,29648,23227,1171,3823,3041,1705,2014,2022,2909,1603,737,1795,2338,2131,1891,1387,1428,1801,1169,1840,1843,1979,1388,0,181832
2024-02-07,17416,56451,43163,22864,30644,29430,52733,31633,9380,26664,28670,34214,23245,19697,20160,25564,16627,31550,24052,30149,22212,1100,3619,3154,1622,2033,1972,2857,1625,584,1841,1927,2174,1588,1469,1438,1761,1154,1696,1740,1973,1405,0,185452
2024-02-08,16518,60053,38383,25344,31788,28885,53861,33004,9708,26595,30149,33614,24141,19819,22247,24343,18695,30619,24350,29447,21905,1210,3586,3144,1916,2198,1981,3043,1764,680,1781,2114,2340,1628,1483,1613,1668,1222,1653,1754,2010,1437,0,192292
2024-02-09,18459,52057,37236,23526,29962,26536,51310,31420,10205,23967,28348,30892,22595,17099,21726,24945,17529,29573,22297,29517,19650,1363,3034,2458,1524,2004,1738,3155,1603,674,1562,1831,1949,1561,1109,1394,1649,1090,1809,1535,1794,1238,1,107462
2024-02-10,17339,53829,36100,22095,30674,24933,52151,30340,9507,25027,26635,31054,24155,17216,22987,21911,18121,29496,21803,29286,19822,1112,2988,2263,1490,2033,1724,2957,1685,634,1646,1819,2083,1686,1171,1771,1411,1378,1783,1549,1791,1215,1,71240
2024-02-11,18143,53582,37679,22820,31224,24868,55569,33014,9666,24438,29670,31088,26189,17179,25017,22821,19817,31269,21610,26296,22615,1183,2827,2309,1561,1918,1549,3024,1716,614,1752,1721,2018,1622,1171,1663,1446,1337,1760,1276,1771,1296,1,116255
2024-02-12,17018,53524,41570,23182,31168,28183,48430,31016,9530,24797,28296,33766,23396,17952,24069,24035,16669,30254,20562,29420,20189,1221,3019,2688,1707,2060,1878,2918,1709,593,1697,1872,2064,1640,1178,1666,1444,1236,1532,1397,1858,1204,1,129403
2024-02-13,17881,56708,35320,25877,31648,28274,53367,33978,486,32210,29164,35473,24327,18278,22477,24595,17581,29997,22334,29164,20948,1160,3535,2614,1782,2433,2116,2932,1848,209,2182,2189,2462,1830,1507,1565,1834,1178,1884,1763,1860,1434,0,176914
2024-02-14,17570,53162,38400,24207,31885,29966,48515,30944,0,31161,29075,34345,24151,19049,21806,25450,17366,29025,20976,27279,20157,1102,3494,2618,1707,2122,2039,2840,1764,0,2172,2105,2129,1772,1469,1418,1699,1330,1676,1624,1740,1299,0,175762
2024-02-15,13680,56567,36001,25257,30413,29556,48510,26672,8883,25873,28247,29780,27957,18338,23722,22304,17535,25929,22428,27646,19323,947,3838,2568,1928,2016,1995,2922,1546,595,1870,2054,2030,1843,1406,1656,1674,1246,1665,1610,1964,1397,0,173952
2024-02-16,16504,56661,39362,23705,30610,27168,54258,30577,9214,25204,28451,30764,26520,19196,21911,23045,17999,31266,22748,29707,20477,1077,3622,2741,1755,1999,2145,3068,1613,657,1692,1956,2018,1724,1558,1435,1548,1289,1688,1708,1843,1351,0,191842
2024-02-17,16703,54457,35501,24011,30437,28740,48577,30340,9997,24410,27100,31373,21692,18166,23339,23326,17797,28835,22060,28142,19490,1119,2974,2347,1809,2091,1983,2665,1507,697,1639,1718,2086,1475,1445,1524,1632,1253,1535,1411,1644,1149,1,177736
2024-02-18,17268,48708,37225,24359,28228,27570,50074,28732,9378,23317,23687,33442,22435,17969,19462,24389,17446,29735,18831,29776,18747,1117,2676,2422,1692,1720,1755,2794,1500,586,1562,1639,1963,1463,1154,1253,1661,1258,1731,1143,1719,1045,1,129021
2024-02-19,14987,54257,44560,127,49613,31957,43620,25379,9407,24218,28109,30010,23756,19211,21454,22505,17893,24959,21632,28606,17895,970,3437,3185,369,3494,2364,2640,1560,628,1639,1949,1889,1659,1618,1481,1734,1325,1561,1584,1999,1189,0,168518
2024-02-20,15727,54122,45218,0,49321,28980,47854,25931,9632,26449,27329,29143,22514,21512,22540,24429,16273,27877,22483,29467,19453,1110,3607,3307,0,3274,1932,2928,1522,614,1903,1901,1906,1597,1673,1555,1841,1061,1748,1532,1840,1296,0,169199
2024-02-21,15860,55489,41286,21531,30378,28497,51635,27050,9046,25396,28540,28477,24530,21688,24511,24382,16809,31140,23419,27456,23909,1068,3540,3379,1617,2029,1955,3022,1514,557,1956,2016,2045,1682,1562,1778,1670,1202,1783,1670,1858,1506,0,170329
2024-02-22,16481,55771,40081,23083,31051,28672,54334,28468,9382,26479,28738,29528,24679,18269,24821,26610,16617,34206,22191,30347,21977,1110,3434,2914,1657,2127,2072,2980,1634,760,1834,1999,2078,1638,1476,1764,1870,1171,1947,1682,2022,1411,0,172012
2024-02-23,14733,59702,40550,22166,31922,29184,55615,31963,9712,26026,28423,30953,24773,18264,22715,28503,16594,32609,23641,30119,22211,1012,3835,3391,1580,2047,2118,3272,1764,589,1726,2021,2170,1715,1498,1562,1751,1157,1823,1699,1958,1509,0,189936
2024-02-24,13861,55491,36050,23641,31136,28717,49418,29570,9305,25952,27537,29589,22947,17641,23110,22984,16939,29865,23203,29228,21352,925,3158,2376,1615,2210,1941,3003,1558,612,1675,1762,1822,1601,1147,1519,1782,1034,1731,1532,1788,1342,1,169141
2024-02-25,13570,56102,35438,23264,29225,27616,46600,30643,9065,23704,26594,28980,22420,17231,22063,19215,19074,26045,25551,27747,21632,991,3132,2333,1490,1895,1880,2721,1603,564,1423,1841,1795,1469,1106,1469,1246,1178,1431,1552,1699,1284,1,125993
2024-02-26,15638,57421,39300,23682,31383,28292,52886,29851,9839,25728,29227,29626,24443,18156,22761,23048,16947,30596,23431,28693,22049,1091,3660,3029,1715,2367,1951,3116,1596,780,1788,1975,2189,1644,1483,1505,1603,1097,1757,1765,1950,1489,0,178278
2024-02-27,15725,60656,40648,23743,31405,29392,55283,31079,9952,26064,29099,29686,23123,19827,21269,25261,16959,31329,23160,29386,22482,1002,3545,2911,1928,2302,2122,3084,1714,708,1730,1980,2093,1571,1596,1447,1816,1109,1647,1725,1944,1328,0,177755
2024-02-28,17748,54760,44728,22062,30022,28072,56404,27008,9823,26290,29053,30404,24332,20938,19361,25224,17114,30707,22970,28744,22147,1202,3559,3319,1452,2143,1855,3118,1790,687,1798,1970,2167,1613,1488,1303,1788,1159,1636,1630,2013,1446,0,181626
2024-02-29,15440,57254,39007,23325,31250,28647,53883,27405,9460,26365,29233,30284,22686,21205,19746,24197,17033,32234,23637,29727,22129,1177,3610,2748,1611,2029,2158,3122,1620,622,1690,2009,2148,1586,1577,1414,1680,1140,1814,1696,2016,1382,0,172437
2024-03-01,14868,54938,37417,22172,29979,26431,52704,28637,8942,25151,26759,29912,20334,19589,21139,22838,16517,30196,23895,31358,20624,1131,3247,2270,1680,2072,1705,2774,1786,591,1805,1829,1793,1436,1358,1399,1478,1109,1570,1469,1872,1287,1,149926
2024-03-02,15880,57154,37133,23547,29371,28710,55070,33573,9355,24178,27365,30678,23125,19004,21877,22629,17218,30634,23995,31975,20853,1133,3221,2455,1605,2091,2079,2986,1786,636,1526,1978,1822,1651,1337,1586,1676,1166,1607,1613,1907,1342,1,159901
2024-03-03,16329,49642,37817,22116,29132,26932,48388,28792,8967,24884,26518,31593,22459,19931,20380,23531,16885,29987,21390,29074,19598,1079,2803,2575,1515,2049,1832,2715,1440,580,1584,1812,2105,1626,1284,1330,1459,1130,1596,1446,1728,1264,1,125970
2024-03-04,15413,59811,38844,23710,32569,29928,51879,29645,10175,26890,31229,31885,25495,21459,21319,25134,17558,30789,21633,26603,22633,1102,3516,2606,1755,2081,2152,2966,1646,745,1968,2280,2299,1795,1589,1658,1799,1212,1656,1693,1895,1477,0,180129
2024-03-05,14276,55895,38777,23448,28885,29646,49307,25514,8783,25750,28937,30175,22257,19853,20022,23810,16487,29231,21704,29098,20874,924,3540,2794,1574,2051,2229,2780,1517,637,1757,2026,2052,1770,1452,1534,1805,1193,1814,1630,1944,1322,0,168464
2024-03-06,14306,55310,39260,22984,28317,28687,48474,25472,9274,26551,30456,27554,23870,19630,19813,24301,16730,31430,20968,26723,22082,902,3319,2717,1640,2010,1893,2890,1582,707,1766,2028,1867,1738,1394,1507,1676,1140,1699,1500,1866,1460,0,184151
2024-03-07,15522,53006,40820,22432,28182,28177,50039,26187,8913,26357,28061,30076,23147,19390,20752,24528,16578,29498,22192,29448,20048,1041,3504,2837,1609,1955,1922,2893,1646,570,1973,2014,2124,1651,1488,1474,1918,1202,1642,1558,1886,1426,0,180074
2024-03-08,16761,52952,42886,22380,30828,28066,52225,30697,9400,26357,28226,30694,25464,20053,21896,21276,18002,32167,21576,29313,20762,1252,3545,2971,1763,2108,1933,3001,1589,741,1906,2009,2018,1791,1618,1601,1467,1277,1812,1538,1956,1460,0,194136
2024-03-09,16125,53519,37488,24346,30372,28014,50556,30370,9131,26037,26411,29905,23008,19293,20806,24024,16378,30393,21288,29666,18480,1046,3113,2614,1707,2125,2020,2678,1517,670,1742,1879,2076,1657,1344,1440,1588,1121,1630,1495,1760,1143,1,171969
2024-03-10,13333,52898,35995,23169,28146,26340,50980,29696,8641,23213,25778,30112,21417,18316,20719,22344,17016,31405,18215,27802,19469,981,2878,2350,1548,1981,1732,2784,1454,551,1510,1738,1855,1469,1193,1459,1482,1224,1740,1092,1673,1233,1,130724
2024-03-11,17301,49174,45939,23291,32040,28648,48042,29270,9142,26965,28059,31057,21738,20578,21091,23442,16762,30262,20782,29320,18966,1185,3305,3238,1832,2206,1899,2867,1514,643,1834,1802,2362,1711,1414,1423,1832,1205,1924,1604,1878,1212,0,181722
2024-03-12,15812,49436,45626,22339,29735,28411,50779,26393,9165,25964,28932,30421,22204,20443,21194,22590,16969,29916,21056,28892,19215,1010,3161,3305,1626,2221,2241,2861,1687,678,1834,2009,2198,1651,1409,1500,1565,1150,1650,1428,1878,1388,0,177736
2024-03-13,16514,52121,42660,22982,26393,32088,51400,28528,9863,24681,29555,33093,19825,23002,31773,150,27780,29807,19884,29794,17281,1060,3482,2878,1615,2127,2089,2978,1589,707,1855,2076,2220,1730,1613,2134,401,2153,1665,1604,1970,1195,0,184941
2024-03-14,17094,53149,43382,23514,29777,33158,48594,29052,9300,27292,29275,31754,20501,23676,29877,0,30658,29329,19302,27628,18415,1139,3679,3036,1636,2162,2308,2974,1651,653,1925,2131,2282,1540,1812,2112,0,2153,1685,1541,1999,1164,0,186363
2024-03-15,15270,51972,43946,24228,28722,31157,46513,25841,9378,24881,29527,33083,18512,23934,20615,23079,17401,28067,19889,28774,17073,1127,3173,3622,1809,1970,2156,2817,1567,645,1678,2158,2400,1331,1706,1459,1711,1291,1619,1362,2131,1138,0,197999
2024-03-16,15911,45440,41425,24966,23265,31519,44388,24531,9046,25176,25780,33197,16750,23420,21218,23343,17593,26571,17423,26546,17994,1039,2882,2815,1793,1703,2208,2554,1488,637,1704,1752,2285,1119,1548,1457,1505,1162,1397,1486,1607,1129,1,180520
2024-03-17,14839,45673,36563,23496,22986,29136,41848,21689,8277,26294,24647,28532,16957,21802,20995,20136,16978,21982,19055,26168,15250,998,2657,2465,1674,1536,2022,2373,1224,513,1745,1920,1870,1094,1411,1430,1275,1200,1339,1247,1575,919,1,129982
2024-03-18,14317,51703,42745,25078,23999,31050,47434,27397,8875,26461,28237,30415,17705,24698,21031,23080,17217,28688,19675,26772,18102,968,3497,2928,1972,1716,2483,2851,1517,680,1963,2167,2052,1288,1831,1438,1657,1260,1587,1492,1716,1120,0,181323
2024-03-19,13917,53714,39450,24352,24391,30912,46985,24368,8979,26655,28531,31154,18807,22493,19526,25366,16557,26299,19237,27484,16993,1035,3367,2630,1851,1713,2141,2876,1529,668,1951,2002,2119,1334,1618,1342,1903,1210,1621,1308,1754,1120,0,178369
2024-03-20,17018,52112,39857,23820,25601,28728,50638,27227,8869,26591,28361,30656,19745,21358,20933,24069,16754,30735,19623,27721,19458,1281,3422,2892,1605,1699,2066,2882,1529,589,1800,2018,2040,1530,1639,1536,1807,1342,1656,1426,1817,1175,0,184067
2024-03-21,16322,53503,44101,22600,24225,32531,51393,28369,8896,26329,28456,31263,18553,23472,18779,24760,16819,29324,20322,28187,18644,1098,3420,3278,1538,1678,2244,2736,1577,670,1930,2016,2095,1365,1807,1524,1874,1181,1601,1584,1814,1149,0,186265
2024-03-22,14853,53307,39800,24423,26245,28554,49986,27619,9278,25938,27263,31683,19681,22954,20808,21592,18002,29490,18635,28079,17857,948,3497,3017,1732,1826,2079,3151,1498,645,1932,1966,2146,1501,1750,1498,1730,1262,1711,1558,1737,1172,0,195470
2024-03-23,15589,46183,40021,24305,23702,31313,42737,22643,8927,25445,26189,30725,17731,21826,20551,23314,16511,22682,17747,24780,17592,1027,2887,2899,1711,1607,2139,2544,1351,591,1747,1812,2006,1125,1522,1538,1736,1111,1446,1123,1578,1158,1,176747
2024-03-24,14801,46495,36229,23514,23942,28316,44433,22124,8404,22069,26909,29189,17641,19244,20017,22669,15413,21365,18840,26985,15507,943,2897,2366,1548,1757,1882,2515,1286,534,1510,1750,1733,1221,1286,1426,1463,1001,1287,1356,1558,919,1,124105
2024-03-25,15335,51998,40131,23315,24864,30047,46038,24345,9036,25706,27523,30064,18504,22649,20741,22380,16180,25384,19745,28187,17050,1148,3394,3466,1578,1630,2145,2861,1433,634,1894,1778,1999,1300,1632,1382,1553,1207,1610,1443,1800,1428,0,174494
2024-03-26,17059,49337,43544,22732,24222,33666,44286,24706,8847,25784,28012,30931,17577,19470,120,48563,14713,25509,19840,28676,17497,1169,3329,3314,1561,1578,2375,2548,1414,612,1906,2042,2030,1332,1574,269,3162,1176,1639,1500,2186,1215,0,176465
2024-03-27,16143,47695,45200,22944,24320,30368,47774,24785,8812,25834,27967,30047,18995,22156,19455,24542,16500,24326,20411,26633,16832,1123,3007,3197,1636,1659,2177,2797,1498,634,1783,1994,1930,1365,1661,1380,1930,1236,1561,1549,1768,1195,0,189402
2024-03-28,16069,51647,40609,22809,24322,30041,47302,23037,8657,27190,28391,30084,18631,20727,19670,26214,15790,25494,20193,28798,16900,1110,3458,3103,1653,1644,2010,2734,1382,628,1855,1999,2054,1340,1548,1310,1826,1075,1644,1385,2025,1187,0,169789
2024-03-29,15998,49969,43784,22830,25014,32414,44016,24414,8822,26461,28111,31546,19039,24295,20009,23238,17159,25070,18650,26792,16926,1110,3403,2947,1678,1653,2496,2659,1442,618,1985,1966,1982,1298,1716,1426,1707,1181,1535,1627,1783,1236,0,201096
2024-03-30,15650,46136,40504,23916,23127,30192,44247,22411,9845,25060,28877,28403,18281,23216,19916,24481,15922,24204,19907,24628,18376,1043,2762,2813,1640,1713,2004,2642,1265,724,1805,1961,1814,1238,1646,1579,1803,1162,1394,1426,1633,1115,1,171878
2024-03-31,14195,44960,38324,23042,23635,28478,42069,23024,8700,23679,25816,27150,17533,22507,20575,21785,16137,20645,19048,24767,17096,876,2686,2474,1544,1745,1862,2676,1344,549,1560,1870,1646,1183,1483,1277,1346,1061,1282,1247,1552,1117,1,141488
2024-04-01,15842,50100,42746,23746,24133,31943,45252,24798,9007,25574,29182,28309,18756,23169,19303,25952,16151,23483,20339,24171,18847,1023,3072,2990,1801,1728,2287,2653,1526,641,1706,1910,2090,1398,1728,1469,1715,1145,1437,1524,1693,1316,0,185400
2024-04-02,16434,47810,44655,23343,23429,33779,45918,23373,9456,26272,30340,32871,15653,26290,18615,28595,16549,23660,20122,24291,18290,1164,2974,3079,1701,1561,2358,2719,1392,680,1942,2098,2422,1313,2126,1366,1908,1188,1555,1532,1619,1244,0,185872
2024-04-03,16172,48740,40847,23728,23389,30638,45384,22925,9165,24568,27722,28763,18489,21704,19651,24428,16655,23659,19892,26374,16915,1066,3305,3062,1789,1559,2221,2715,1483,597,1632,2083,1918,1331,1601,1406,1853,1176,1454,1561,1742,1068,0,167525
2024-04-04,18239,46966,39429,23790,27575,27837,47730,22900,9530,25506,27248,29322,19470,22606,21988,21529,17473,23567,19977,25908,17591,1242,3022,3151,1738,2066,2097,2734,1378,655,1601,1980,2117,1686,1615,1481,1528,1205,1457,1475,1696,1313,0,183938
2024-04-05,16825,46660,43050,22826,28346,27608,47927,22880,8766,26442,25769,29491,20432,22051,20611,23760,16629,22186,20489,26346,17046,1135,2964,2738,1853,2014,2308,2893,1469,584,1882,1702,2196,1382,1622,1493,1582,1186,1405,1414,1731,1117,0,197324
2024-04-06,15288,47144,37925,23545,30323,28471,42474,21480,8666,25523,25717,28253,21048,20870,20168,22975,16829,20663,19870,25403,16194,973,2938,2741,1692,3291,1970,2653,1306,584,1721,1673,1759,1492,1498,1332,1619,1063,1305,1325,1552,1112,1,179300
2024-04-07,13323,47230,34822,23756,27624,26232,42149,21326,8786,22103,25525,29251,17357,23564,19912,22276,15906,18482,21480,26198,14926,812,2815,2270,1605,2317,1615,2440,1246,578,1490,1498,1798,1173,1500,1318,1319,1044,1198,1477,1538,1014,1,158425
2024-04-08,16037,48898,42082,23841,29907,28301,46044,21965,9364,26068,28171,30406,21791,22600,21191,24265,17245,22696,20534,24870,17531,1156,3214,3362,2003,2244,1920,2953,1505,639,1817,1975,2282,1622,1582,1490,1891,1195,1469,1472,1688,1210,0,180489
2024-04-09,14710,51356,38752,23692,29631,29552,43538,20647,9934,25168,27401,27922,20875,21581,21151,21340,16657,21083,22102,25300,17196,1073,3254,2990,1757,2156,2158,2690,1250,655,1814,2088,2016,1475,1553,1546,1549,1162,1365,1529,1696,1218,0,190848
2024-04-10,15780,45955,37235,21589,27430,26173,43422,19976,8201,24668,25640,25436,19673,20265,18179,23719,15092,21171,19631,23495,17752,1014,2647,2441,1670,2001,1740,2573,1195,526,1685,1680,1586,1421,1416,1262,1667,1015,1331,1428,1466,1123,1,142521
2024-04-11,16610,48632,40408,23539,29017,28421,46452,21900,8155,25969,26592,29433,20746,20617,19845,25025,15639,21952,20454,25068,17289,1288,3144,2638,1555,2630,2091,2928,1385,536,1774,1886,2189,1594,1433,1579,1730,1030,1443,1446,1656,1236,0,181799
2024-04-12,13802,52815,37482,24823,29192,30859,41998,22013,9030,27055,27284,31520,20518,21775,20502,24737,16220,20763,22286,26518,16883,924,3298,2880,1749,2373,1874,2673,1397,670,1812,1942,2165,1569,1598,1354,2056,1243,1382,1446,1751,1109,0,195410
2024-04-13,15938,43193,40817,23359,30193,29844,40182,20503,8640,25697,25766,30440,20191,21094,21720,21720,16202,20458,20231,26443,16270,1069,2923,2575,1703,2486,2016,2454,1315,574,1627,1860,1937,1290,1519,1582,1523,1150,1261,1446,1656,1034,1,169897
2024-04-14,17316,41687,37255,23061,31435,26545,40955,21429,8593,22761,24038,30014,17342,21384,20042,19041,17957,18698,20632,26929,14671,1112,2434,2280,1536,2713,1766,2415,1296,538,1476,1502,1908,1181,1426,1258,1261,1238,1178,1273,1751,924,1,129376
2024-04-15,16703,47804,40563,23348,28310,28548,43477,21565,8535,25362,26480,30874,20075,20257,19234,23072,16135,20457,20880,26447,16115,1181,2851,3302,1597,2269,1866,2667,1332,599,1865,1807,2136,1542,1440,1411,1720,1121,1310,1440,1610,1092,0,167344
2024-04-16,17223,48573,38142,23756,25561,26933,46346,21766,9625,25535,26651,30564,19267,22142,20029,23237,16120,22720,19917,26692,16973,1100,3305,2904,1571,1747,1747,2792,1291,637,1742,1829,2071,1398,1567,1332,1757,1147,1489,1524,1630,1071,0,184568
2024-04-17,16452,50178,39384,19991,27489,28263,45610,21351,9524,26765,27058,32246,20588,20444,21848,23555,17581,21735,20647,25939,17215,1108,3322,2873,1590,1972,2047,2895,1346,563,1730,1841,2268,1496,1495,1550,1653,1248,1385,1434,1737,1290,0,184710
2024-04-18,15224,51500,40061,24812,29165,28225,46469,21667,9536,27999,26596,31567,20708,23191,21345,23879,16998,21910,21102,26206,17048,1064,3274,2942,1836,2116,1949,2963,1284,691,1826,1838,2112,1382,1591,1438,1697,1262,1403,1475,1716,1287,0,181711
2024-04-19,15606,50479,39500,25654,28269,26621,48492,21355,9338,27365,26485,31424,22320,22670,21138,22500,17612,22923,20951,27387,15951,1110,3096,3127,1882,2003,1701,3026,1428,603,1836,1778,2112,1674,1471,1591,1484,1272,1428,1549,1958,1028,0,191716
2024-04-20,14119,49995,35862,23216,29048,28000,41458,19815,9296,25563,25593,29796,18877,21070,20404,21634,16204,21447,18469,25834,15790,920,3005,2503,1711,1891,2004,2515,1186,582,1637,1603,1884,1271,1476,1334,1402,1030,1305,1273,1584,999,1,152840
2024-04-21,13229,45023,38997,20542,29730,27732,38058,19952,7980,24011,25961,27443,17427,18611,19213,24055,13457,17297,21519,26500,15576,845,2695,2453,1444,2085,1776,2296,1157,488,1466,1565,1723,1160,1380,1368,1475,900,1011,1417,1558,930,1,124542
2024-04-22,15786,48494,39438,22236,28943,28809,42842,21361,8679,25547,25523,29392,21024,19290,19106,23152,15604,22259,19568,27475,15059,1164,3002,2971,1509,1857,1837,2707,1238,636,1788,1771,1922,1530,1478,1385,1782,1068,1368,1500,1613,1045,0,177725
2024-04-23,15503,48733,41064,21695,27334,27756,45368,22022,8931,25933,26843,28687,19204,20255,18648,25272,15254,22454,21203,27610,15816,1173,3353,3444,1644,1849,2087,3022,1442,747,1699,1867,1942,1425,1490,1370,1851,1078,1457,1570,1806,1063,0,176896
2024-04-24,14082,51682,39306,21267,29069,28868,42635,24440,10848,24800,27467,29956,19695,21519,18293,22926,16741,21031,21520,27793,15093,1041,3394,2645,1465,1887,2254,2609,1440,703,1721,2002,2124,1367,1594,1265,1713,1186,1382,1549,1820,1057,0,177890
2024-04-25,13912,50876,42004,21958,29530,27869,45747,24357,11676,27589,27353,29937,20641,21356,19419,24254,16477,21913,20588,27576,15599,970,3038,2933,1536,1868,1832,2799,1421,824,1850,1838,2064,1488,1495,1454,1636,1116,1423,1521,1650,1092,0,184835
2024-04-26,16519,49300,40463,24162,30080,26605,48506,21265,9014,28091,26079,31298,20760,21800,19263,23694,16472,22244,20511,27678,15111,1323,3377,2770,1693,2091,1872,2964,1231,588,1944,1786,2158,1548,1493,1394,1832,1087,1428,1460,1947,1068,0,199480
2024-04-27,14924,45197,44077,23316,28738,29325,43610,21520,9058,26313,26515,27434,21648,20678,20219,23196,16189,23028,18694,26170,15289,1029,2844,2868,1686,1985,1985,2803,1325,597,1800,1776,1781,1515,1337,1534,1674,1051,1362,1359,1780,1077,1,174596
2024-04-28,15836,45170,38768,22434,28367,26777,40773,20459,8952,25642,24280,27568,20697,21122,19521,21250,15550,22257,18793,26354,14564,1156,2705,2520,1651,1928,1822,2557,1207,582,1891,1560,1738,1392,1411,1498,1354,979,1313,1316,1760,919,1,131433
2024-04-29,16955,48115,39997,22787,28333,29207,43486,20924,9547,27807,26648,28930,18807,20964,20721,21482,16036,22751,19958,26741,15615,1160,3118,3185,1578,2022,2047,2705,1253,618,2155,1841,2050,1440,1486,1589,1471,1126,1515,1558,1904,1129,0,173795
2024-04-30,14557,50084,41675,25319,27353,28597,43530,21539,10253,31744,26630,30283,20282,20933,19843,23584,15817,22174,20172,27929,15032,1056,3163,2882,1761,1930,1805,2780,1294,647,1999,1802,2062,1478,1519,1373,1659,1157,1492,1541,1875,1060,0,188527
2024-05-01,14229,48844,39538,25454,28497,29099,42264,21355,8911,29109,24491,30463,19082,21641,18557,23441,15158,21334,19346,29783,13560,1014,3175,2887,1818,1983,2181,2502,1284,676,1793,1718,1906,1296,1682,1253,1551,1058,1328,1452,1777,1037,0,166098
2024-05-02,17110,47280,44983,23894,28606,27363,47692,22605,8789,24361,29778,30080,20576,21861,20287,23365,16121,23898,19186,27603,15240,1242,3031,3050,1862,1932,1980,2890,1488,651,1831,1910,1894,1580,1546,1433,1645,1188,1477,1423,1719,1066,0,188536
2024-05-03,15960,49645,44531,24339,29371,28332,47018,22622,9549,25165,32628,31203,21778,20601,20196,24989,15542,23012,21137,28874,15044,1129,3012,3106,1670,2076,1903,3030,1392,703,1896,2150,2112,1895,1344,1454,1766,1102,1489,1529,1892,1068,0,211904
2024-05-04,14195,49852,37421,24880,29000,29380,43275,22127,8781,24721,29282,30262,20789,19741,21004,24098,15166,21483,19552,27262,15090,941,3046,2333,1761,2091,2079,2746,1469,591,1697,1896,1906,1553,1370,1560,1609,1133,1319,1443,1780,942,1,179956
2024-05-05,15648,48653,35112,21015,28079,23521,45384,19243,8230,24340,25032,27754,17472,19180,16195,25196,15181,18346,20317,25386,14124,996,2849,2100,1309,2122,1718,2611,1162,490,1500,1620,1642,1169,1260,1140,1536,982,1112,1273,1414,850,1,123782
2024-05-06,13740,47740,35818,22282,28077,25631,43525,21487,8085,23037,25432,27468,19677,20450,18487,21567,14421,20428,19378,26904,15025,900,2868,2194,1503,2079,1801,2688,1291,501,1562,1546,1762,1367,1385,1123,1342,883,1305,1544,1547,933,1,145554
2024-05-07,17223,48094,42431,23196,26941,26235,47528,21036,8849,25322,27350,28910,21860,21774,18401,23503,15858,23128,20067,26352,16032,1261,2962,2772,1761,1797,2049,2918,1313,561,1778,1973,2119,1452,1567,1270,1814,1123,1454,1521,1938,1011,0,183141
2024-05-08,14757,51982,42775,22608,28697,28661,46462,22502,8963,27247,24166,44719,135,31979,19916,22737,15994,21810,20338,28324,14695,1135,3122,3077,1509,2031,2323,2984,1318,607,1762,1723,2611,292,2335,1474,1676,1193,1362,1405,1866,1086,0,186944
2024-05-09,16129,56365,36101,24737,29069,27979,47286,21899,8691,26881,26230,42982,0,34412,19826,24354,15983,24689,18953,26793,15963,1108,3614,2616,1926,2089,1993,2907,1327,659,1980,1855,2563,0,2498,1325,1682,1085,1492,1426,1774,1071,0,188256
2024-05-10,18621,50073,42723,23581,29122,29188,45913,21916,9252,27235,26557,31838,23928,21050,19263,25412,15812,23572,20241,28387,15538,1098,3173,3010,1797,2062,1928,2811,1382,614,2076,1915,2066,1607,1519,1555,1820,1130,1489,1475,1823,1071,0,201780
2024-05-11,17390,46909,38355,23530,27789,28322,45661,21794,8895,23273,25687,29647,21571,21635,21240,20487,16549,20606,20204,28042,14690,1150,2911,2616,1519,1836,2085,2947,1310,607,1718,1790,1973,1380,1397,1471,1463,1140,1230,1394,1820,919,1,189594
2024-05-12,14864,43957,38620,25002,13665,27824,42793,20482,7995,25141,25600,27372,19625,20016,18875,21289,16544,20737,19545,26884,14226,1000,2902,2484,1724,1876,1932,2548,1294,484,1697,1615,1757,1367,1423,1248,1476,984,1284,1233,1662,861,1,144261
2024-05-13,13884,51263,40612,25444,28070,30277,43942,22533,8914,24988,26521,29993,20856,24832,20063,22032,16893,23532,20348,27523,15510,960,3245,2762,1968,1958,2054,2822,1363,630,1752,1786,2081,1528,1726,1402,1722,1246,1469,1575,1852,1066,0,185546
2024-05-14,16026,51566,41460,24341,28695,29369,46707,23699,9546,25643,28425,30803,21993,23701,23540,24915,17666,22951,20737,27598,16427,1081,3283,2786,1968,1872,2047,2955,1471,670,1896,1855,2191,1576,1562,1776,1845,1178,1570,1639,1892,1261,0,194051
2024-05-15,14267,47208,37039,22839,27279,24990,45570,21135,8175,24659,24045,29290,19725,20074,21872,20225,17990,22476,17916,29016,13279,972,2940,2419,1592,2029,1634,2665,1346,538,1565,1586,1963,1319,1318,1457,1492,1291,1325,1374,1794,910,1,151012
2024-05-16,15629,53348,42543,24833,30262,30562,46282,22778,8933,24582,26353,30011,20325,21205,21581,21850,17987,23640,19814,27726,15467,1060,3569,3125,1964,2093,2031,2924,1428,570,1577,1702,2006,1457,1553,1529,1569,1222,1466,1544,1878,1040,0,185958
2024-05-17,15328,54809,38735,26148,29133,27656,48211,21996,9525,26496,26258,30078,21428,20845,24729,24684,19944,24721,19571,27165,15872,996,3430,2748,1870,1947,1851,3078,1337,664,1812,1783,2057,1398,1464,1812,1680,1318,1575,1529,1817,1048,0,198979
2024-05-18,16828,49435,39135,24554,29553,28267,45330,22291,8809,25120,24873,30428,20205,20799,19696,27140,19712,22387,19206,27696,15324,1016,2971,2669,1736,2099,2004,2924,1481,660,1692,1694,1879,1323,1562,1277,1788,1183,1555,1452,1748,982,1,177925
2024-05-19,16878,44198,41104,22994,27571,26490,44097,21818,8675,25736,24008,28938,19205,20174,20637,22756,15074,21533,19336,28532,14226,998,2714,2484,1661,2085,1766,2728,1402,634,1682,1608,1961,1398,1370,1378,1436,938,1279,1319,1852,936,1,134370
2024-05-20,16363,51528,42146,23859,28195,28474,47783,22027,9129,25576,26631,31037,20650,20072,19883,25642,18687,23290,20320,29791,14499,1204,3262,2894,1868,2095,1899,3020,1363,632,1865,1697,2249,1688,1366,1505,1987,1147,1477,1512,2051,1025,0,180987
2024-05-21,15472,53104,38234,24381,26540,27082,47448,21312,8808,28583,24699,30556,20559,21564,20453,23292,18863,23271,19762,27779,14967,1164,3578,2652,1976,1812,1958,2874,1318,611,2148,1747,1973,1607,1637,1471,1563,1150,1495,1524,1783,1037,0,186954
2024-05-22,20243,52447,41164,23648,28628,27995,47558,22427,9111,30401,23495,33370,22322,21080,18702,25957,15970,24486,19570,30510,14901,1390,3187,2918,1644,1857,1989,2978,1531,595,1956,1644,2222,1715,1370,1308,1836,1126,1538,1509,2085,1256,0,185978
2024-05-23,21054,52910,42489,25642,29935,30353,45346,22906,9021,32024,25307,31306,21578,23424,19550,26026,16603,25993,19079,29756,15973,1260,3538,2928,1811,2108,2147,2772,1418,588,2227,1834,2150,1469,1651,1474,1668,1147,1806,1512,2166,1140,0,183143
2024-05-24,16664,54994,41096,24766,31392,29665,46170,22381,9840,29593,25789,30896,22355,19769,20365,26559,15634,24903,19063,29454,15156,1079,3444,2858,1720,2018,1884,2943,1409,653,2131,1726,2222,1594,1416,1397,1943,1013,1584,1290,2045,1034,0,195981
2024-05-25,14945,49126,41175,23835,31228,28324,43361,21732,8803,25684,24953,28676,20650,19759,20380,22822,16382,21264,19971,28201,13553,1037,3055,2873,1620,2352,1997,2650,1320,570,1860,1601,1846,1509,1262,1411,1632,1109,1348,1414,1783,867,1,173859
2024-05-26,14497,47857,36874,22647,29987,26734,43766,21896,7799,22539,25894,28972,18581,19285,17467,25800,14554,19151,22237,26839,14328,1029,2791,2227,1561,1999,1718,2544,1313,524,1447,1630,1872,1250,1198,1138,1590,926,1250,1391,1737,852,1,132599
2024-05-27,13559,54055,43520,23820,28449,27320,49476,22586,8550,26071,25320,30902,21496,21748,18426,24272,16213,23031,20460,28991,14436,981,3360,3206,1653,1914,1855,3001,1337,588,1898,1690,2083,1599,1435,1435,1647,1198,1489,1512,1826,1037,0,180171
2024-05-28,16157,53496,42427,24018,27675,28368,47721,22126,8995,25606,25893,30932,20371,20465,20211,26022,14782,22107,20635,27837,15357,1108,3317,3125,1759,1930,2127,2972,1378,737,1742,1742,1982,1459,1560,1349,1811,1044,1411,1483,1777,1138,0,181429
2024-05-29,15866,51217,46966,23813,28884,29706,46943,22661,9295,27055,24872,31636,21944,21271,20617,22555,17950,24468,19673,28344,15715,1062,3235,3214,1933,1855,2095,2857,1387,689,2074,1826,2292,1680,1704,1438,1642,1202,1570,1581,1993,1066,0,183393
2024-05-30,16267,52008,43816,27210,30126,29277,48017,22048,9295,27920,25850,31385,20862,21791,23465,21873,16880,23272,20712,27695,15751,1252,3410,3262,2010,1928,2024,2845,1356,651,2040,1752,2215,1565,1620,1656,1730,1270,1477,1584,1953,1123,0,179796
2024-05-31,16223,53203,42098,28766,28909,29883,49064,24172,9356,26111,26606,33077,19188,23018,20586,26024,15686,24023,20362,29056,15125,1085,3235,3005,1980,1985,2145,3124,1526,662,2093,1860,2321,1559,1634,1565,1809,1097,1509,1532,2004,1031,0,194914
2024-06-01,16333,48984,41254,25128,31610,32250,44971,22939,9347,27164,26883,31171,20409,22666,20875,25705,16091,21396,20628,27215,15619,1108,3060,2434,1824,2216,2233,2771,1534,618,1726,1769,1920,1367,1603,1570,1711,1058,1440,1512,1751,971,1,171958
2024-06-02,14254,49862,41813,24415,31835,29685,44760,22523,9308,24989,26052,30941,18775,21072,19423,27427,14603,22830,18234,27754,13967,885,2834,2676,1736,2168,2004,2767,1320,593,1493,1591,2028,1158,1457,1303,1688,989,1319,1212,1760,942,1,126796
2024-06-03,16616,52880,42700,26454,31924,32772,48527,23153,10180,27715,28144,32285,21989,22921,22921,19802,18934,23941,19608,28318,14840,1194,3259,2796,1912,2191,2473,2957,1452,632,1925,1841,2160,1651,1718,1507,1784,1404,1662,1509,1979,1022,0,178934
2024-06-04,15946,53171,42224,26065,30553,34860,48447,23906,10284,37093,212,48166,21452,23768,23722,19483,19551,24173,19580,27981,15543,1192,3209,2906,1880,2068,2241,3045,1514,804,2340,420,3322,1584,1514,1771,1346,1327,1457,1526,1984,1028,0,180934
2024-06-05,16916,53764,43846,25736,33471,35896,49719,23683,10453,36285,0,53008,20533,22502,20222,27136,16414,23048,21735,28306,15997,1175,3468,3115,1847,2296,2346,2976,1481,766,2525,0,3528,1521,1680,1500,1841,1145,1547,1489,1869,1051,0,192930
2024-06-06,15746,47795,41358,24919,30662,32178,46135,22771,9522,25748,26776,30206,19319,21940,19713,26060,15845,22532,19616,27186,14922,1008,2683,2630,1636,2041,2020,2842,1342,589,1754,1783,1884,1188,1529,1248,1674,1078,1480,1454,1593,907,1,141756
2024-06-07,17470,52549,43912,29724,32425,32850,51096,23766,10171,28596,28607,32476,22640,21568,21847,27801,17133,23504,21597,29051,15376,1179,3228,3127,2089,2335,2220,3055,1471,659,1886,2045,2170,1628,1469,1392,1928,1229,1526,1552,1840,1045,0,188694
2024-06-08,18196,49072,42505,26394,33043,30366,50358,21673,9327,27058,27683,30503,19896,22567,20218,24303,17747,22143,19215,27333,14660,1194,2870,2786,1801,2177,2164,2957,1274,595,1709,1913,1898,1286,1464,1548,1619,1142,1443,1284,1650,870,1,143684
2024-06-09,17745,48064,41341,27193,34924,31359,42911,22695,9152,26184,26473,30760,18905,22688,19104,25138,16657,21615,20195,28981,14287,1194,2822,2448,1749,2260,1943,2557,1390,555,1651,1610,1951,1327,1498,1327,1542,1063,1296,1377,1774,907,1,122007
2024-06-10,16979,55307,43577,29952,35190,39942,42366,25532,19800,244,47019,30656,22246,24219,21380,25668,17236,25579,22350,26259,18844,1269,3451,3098,2329,2162,2820,2801,1718,1286,653,3578,2066,1709,1730,1469,1755,1166,1711,1524,1716,1250,0,175750
2024-06-11,19494,57446,46773,29847,31043,40092,46591,25664,20634,0,53227,32104,23016,22554,20901,27374,18373,26034,22681,27647,19343,1227,3593,3259,2235,1945,2630,2753,1694,1233,0,3485,2417,1764,1694,1414,2006,1222,1869,1647,2102,1440,0,179931
2024-06-12,18402,58474,47183,31290,32865,32895,51753,25207,11221,30620,30241,34901,22402,22165,22721,28431,17635,26143,21923,31393,17244,1162,3439,3228,2360,2271,2279,3064,1560,755,2117,2148,2280,1640,1692,1610,1901,1231,1630,1529,2238,1210,0,179610
2024-06-13,18144,60409,45406,30622,34142,32153,54852,25859,11392,31567,30946,35211,22732,23569,21338,28957,17464,26189,22517,31065,17874,1292,3785,3204,2118,2327,2412,3494,1687,728,2249,2042,2498,1701,1882,1486,1983,1174,1797,1498,1947,1244,0,174694
2024-06-14,18268,59326,46879,31533,32922,32533,52315,26626,11053,30784,30856,35986,22464,24201,21471,26807,19254,26596,22360,31772,17608,1271,3845,3137,2337,2216,2339,3149,1774,899,2124,2083,2467,1553,1716,1589,2014,1378,2010,1627,2120,1241,0,188793
2024-06-15,18245,54575,45691,28886,34260,30701,51273,24241,10382,29890,28664,34128,21617,24640,20138,29153,17741,23034,22021,33647,12658,1154,3382,2947,1930,2172,2196,3143,1514,653,2030,1819,2114,1411,1651,1289,1935,1085,1656,1434,2238,924,1,160347
2024-06-16,16308,54585,42015,29523,34347,30804,47851,23706,9681,27669,29410,32042,19202,24278,21229,25575,17306,24447,21245,29433,16259,1188,3317,2489,1924,2306,2099,2824,1486,564,1658,2002,2136,1235,1560,1363,1622,1154,1503,1400,1737,1115,1,125590
2024-06-17,18371,59699,44735,29701,33528,31852,52749,25818,10454,30939,38698,258,45410,23324,22549,26524,18384,23856,21842,29685,16242,1140,3629,3317,2049,2099,2388,3112,1606,687,2227,2390,598,3264,1675,1678,1970,1253,1547,1552,1837,1169,0,172989
2024-06-18,17437,60519,47710,30455,32194,33191,51338,26015,10766,33057,36397,0,49924,23949,20482,30322,17722,26762,21205,31414,16856,1283,3828,3408,2076,2212,2193,3089,1834,780,2407,2383,0,3600,1594,1344,2106,1162,1763,1630,2102,1135,0,174583
2024-06-19,18740,60681,47569,30591,34294,34116,52411,27246,11556,30730,32315,34811,24759,23993,21803,28069,18365,26919,22979,30979,17870,1192,3749,3607,2116,2367,2381,3277,1750,843,2090,2088,2314,1851,1661,1514,1853,1313,1892,1598,1950,1241,0,175225
2024-06-20,18420,59302,49357,32986,34702,34213,50638,25619,11049,30045,30931,34634,26159,22103,20999,28464,18179,25098,20840,28693,16857,1263,3830,3463,2306,2319,2506,3279,1639,799,1985,2184,2172,1907,1526,1699,1943,1174,1521,1475,1777,1146,0,177347
2024-06-21,16873,62245,48214,34067,142,31484,52478,27488,11389,29623,31815,34123,26876,21599,22184,27888,18758,26057,21928,29997,17182,1123,3758,3454,2369,2310,2264,3583,1757,781,2225,2045,2318,1989,1560,1582,1782,1224,1803,1593,1953,1198,0,193389
2024-06-22,17748,55386,45502,32215,56906,31475,49788,24545,10341,28850,29460,33889,25327,19135,23321,25714,17629,23281,20247,28590,15628,1123,3245,2856,2356,2678,2003,2989,1457,682,1992,2110,2441,1763,1339,1541,1740,1109,1570,1572,1820,996,1,146948
2024-06-23,17813,55643,45479,29538,43005,29516,50826,25466,10641,26407,30675,34888,25658,18787,22832,25791,16769,22789,21228,29425,15711,1137,3168,2868,1933,2678,1930,2949,1591,637,1894,1922,2227,1678,1409,1510,1500,1018,1417,1460,1840,1020,1,122186
2024-06-24,18806,60580,49108,33354,34059,32938,53970,27379,11320,32343,30571,36458,27033,20298,22160,28594,18282,26905,21056,30134,18184,1188,3919,3245,2285,2262,2486,3277,1810,737,2455,1946,2395,2206,1546,1558,2125,1303,1858,1858,1921,1218,0,173544
2024-06-25,18163,58547,48451,32670,33850,32710,51913,25444,11485,30579,28835,35455,26244,20875,20354,28962,17863,27277,17395,30331,16633,1250,3850,3473,2258,2020,2327,3084,1594,712,2354,1958,2304,1814,1728,1445,1989,1157,1716,1247,1924,1140,0,177927
2024-06-26,18920,58801,47601,32734,63642,31659,52534,26965,11020,30668,29341,37079,25096,15796,22319,27497,18211,28279,17245,31504,16458,1240,3662,3214,2310,2678,2154,3153,1908,745,2050,2018,2335,1924,1486,1483,1935,1262,1881,1500,1953,1169,0,182072
2024-06-27,17882,59967,48626,34385,68108,32648,51168,24130,10930,31077,30682,34828,26536,18067,20924,28869,17495,26475,17406,29432,15843,1217,3758,3228,2364,2678,2102,3153,1440,733,2134,2172,2330,1893,1469,1452,1972,1195,1636,1302,1904,1083,0,176072
2024-06-28,17381,62079,45355,37003,37038,32185,55471,26336,11561,32373,29834,36075,28032,20550,21392,27422,19028,28257,18490,31643,17134,1229,3922,3360,2431,2678,2237,3406,1754,749,2338,1980,2479,1989,1598,1399,1874,1313,1812,1356,2025,1215,0,189261
2024-06-29,18249,57110,46182,31896,38669,31066,54693,25230,10540,29841,29477,34861,26059,19773,21014,28764,17311,25663,18281,29896,15918,1146,3504,3022,2271,2678,2083,3300,1553,645,1958,1951,2386,1778,1493,1524,1845,1157,1521,1267,1800,1155,1,152791
2024-06-30,19822,52283,45286,30963,37346,29985,49893,25045,9855,28878,27438,34948,24114,19435,22501,27496,16566,25668,18217,30649,15514,1152,2974,2664,1983,2678,1978,2955,1478,553,1728,1913,2230,1509,1253,1426,1684,1025,1408,1322,1904,1034,1,106529
2024-07-01,21415,66108,54097,39040,42263,41149,58950,28768,11116,30330,31586,38543,26745,22585,20169,26654,19327,28827,19689,32751,17695,1428,4087,3612,2771,3174,2842,3665,1834,714,2042,2081,2686,1962,1567,1351,1841,1306,1837,1403,2169,1227,0,174288
2024-07-02,23501,64930,52778,37574,40865,41224,55032,26834,10501,32165,33095,35909,27852,20112,22611,25175,18792,27655,20724,30064,18649,1327,4200,3830,2780,3128,2943,3462,1699,778,2345,2170,2515,2120,1483,1490,1862,1351,1716,1457,1927,1267,0,164201
2024-07-03,22841,66635,53364,38842,43149,39870,61498,28252,11045,31822,33408,37443,27774,22390,21611,29122,18575,31272,19618,31126,19466,1428,4234,3758,2684,3057,2701,4095,1795,760,2398,2371,2659,2248,1709,1630,2093,1327,2022,1463,2111,1313,0,175810
2024-07-04,23043,67802,51470,39784,45798,40689,60687,29461,11253,34551,32623,36191,28404,22496,22174,29114,19264,30789,20241,30133,20652,1371,4262,3600,2945,3160,2842,3898,1831,783,2407,2599,2602,2081,1663,1493,2148,1394,2151,1299,1935,1509,0,174854
2024-07-05,23270,67032,54199,40306,44102,41027,61090,29453,10781,34202,34223,35570,28623,23159,22567,27980,18897,31053,20716,29055,22155,1363,4195,3643,2951,3057,2811,3859,1980,724,2263,2390,2558,2003,1874,1536,1878,1416,1979,1541,1912,1492,0,191294
2024-07-06,24395,60472,53626,40355,44821,39542,61317,27875,11331,31769,33009,35884,27650,21611,23643,27764,20084,29211,18575,28020,21154,1503,3835,3806,2817,3277,2832,3840,1846,803,2316,2232,2414,1947,1716,1642,2047,1298,1981,1403,1650,1377,1,168466
2024-07-07,21212,59985,53284,39793,40837,38578,59768,27205,10500,29957,32717,35017,27120,21933,22538,26691,17996,28228,18952,28397,20793,1332,3610,3744,2830,3149,2694,3583,1877,739,2059,2237,2424,1851,1627,1550,1680,1154,1716,1348,1630,1328,1,120837
2024-07-08,23464,55261,54400,40818,41964,40692,64024,27356,11806,33278,36349,35674,25747,22286,18391,25765,3193,28484,20270,27790,21717,1467,4054,3737,2790,2820,2838,3967,1750,778,2431,2510,2518,2026,1637,1654,1834,1416,1794,1397,1912,1503,0,165732
2024-07-09,22695,64619,56879,39803,43678,41389,59095,26738,10540,32986,33949,36301,26239,21584,21687,29887,18505,28976,18679,27721,20523,1603,4130,4133,2746,2997,2901,3834,1637,749,2282,2431,2630,1991,1666,1414,2187,1154,1901,1336,1737,1359,0,159538
2024-07-10,20559,64783,56431,37436,45301,40263,57147,25555,11386,32164,32327,34901,26915,21014,22864,27083,19829,28747,17670,27542,19441,1192,4061,3924,2690,3051,2659,3734,1637,939,2141,2177,2530,1897,1574,1651,1847,1303,1892,1380,1763,1333,0,159684
2024-07-11,23364,62854,56060,39539,43188,42175,56688,25384,12133,31295,33718,35778,27234,21677,23486,26153,20440,28046,19501,27313,19896,1563,4037,3907,2749,3193,2872,3514,1673,1021,2544,2306,2594,1924,1502,1702,1801,1433,1797,1403,1642,1319,0,184497
2024-07-12,22061,61919,52963,38514,45104,39597,61224,25165,11037,33060,31726,34057,27973,21136,22949,29066,19324,27082,19227,26217,19432,1309,3790,3382,2845,3135,2865,3779,1680,780,2338,2395,2218,2254,1654,1692,1991,1267,1653,1270,1820,1181,0,188930
2024-07-13,22061,61919,52963,38514,43402,39597,61224,25165,11037,33060,31726,34057,27973,21136,22949,29066,19324,27082,19227,26217,19432,1309,3790,3382,2845,3155,2865,3779,1680,780,2338,2395,2218,2254,1654,1692,1991,1267,1653,1270,1820,1181,1,169350
2024-07-14,20398,57361,54814,33980,43478,37643,53692,23911,9894,28551,31141,31919,25139,19498,19471,26096,18468,26090,18096,24697,18533,1238,3629,3511,2398,2974,2701,3385,1462,639,1757,2081,2148,1935,1440,1262,1668,1154,1575,1405,1466,1230,1,118224
2024-07-15,19695,65564,52039,39696,42905,40287,56987,26134,10901,32670,32144,34370,27102,19696,22375,26786,18694,27156,20189,26528,19231,1258,4027,3521,2828,3078,2915,3802,1730,772,2297,2170,2470,1916,1630,1649,1820,1354,1777,1388,1734,1290,0,170595
2024-07-16,22337,66882,51026,37871,42974,39733,60717,25847,11030,31808,34484,33928,25392,21187,23515,26227,19934,29480,18948,25906,21039,1448,4270,3437,2844,3014,2853,3830,1651,814,2220,2299,2477,1695,1656,1634,1895,1435,1791,1394,1751,1500,0,170687
2024-07-17,22300,69437,49818,39297,43589,40193,60188,27015,11193,32078,34181,35117,26803,21808,22437,28434,19213,29546,19492,27112,21844,1465,4210,3744,2769,3256,2786,3754,1788,789,2165,2434,2491,2135,1586,1814,1945,1346,1973,1328,1809,1460,0,177345
2024-07-18,23604,68555,50939,41666,41220,39345,61676,27514,11932,31367,35957,34958,27355,22868,23807,27985,20176,30257,19428,25888,22740,1574,4210,3919,2968,3135,2646,3944,1714,778,2100,2441,2506,2033,1714,1769,1816,1440,1745,1538,1780,1449,0,167467
2024-07-19,22390,66313,56154,38724,40825,38796,61635,27202,10759,33140,33871,34601,26988,22596,23713,27923,17957,30095,19374,27030,22193,1427,4279,4118,2851,2949,3007,3955,1716,818,2258,2482,2314,1968,1846,1742,1908,1255,1832,1423,1725,1630,0,192264
2024-07-20,23786,59434,56058,37716,45037,38516,59832,24130,10872,32535,33157,33638,27525,21754,23821,27219,19420,27754,19758,25508,21588,1461,3794,3593,2751,3085,2926,3807,1646,824,2146,2366,2220,1916,1740,1697,1837,1361,1598,1302,1526,1506,1,153712
2024-07-21,22444,62438,51268,40048,45326,38675,58056,25128,10777,29241,32347,32716,27822,22036,23912,27042,18742,27611,20478,26412,21529,1394,4162,3209,2794,3224,2746,3444,1574,820,1913,2129,2294,1839,1781,1574,1874,1342,1794,1308,1624,1457,1,126808
2024-07-22,21740,72154,52816,42237,41700,42431,63144,30220,11942,33503,33910,35260,28076,23748,23623,28784,19415,32537,22159,26001,25083,1309,4464,3528,2901,3020,3005,3875,2078,935,2364,2364,2227,2104,1776,1728,1941,1394,2108,1590,1765,1630,0,170564
2024-07-23,23249,68808,56995,40944,39756,40465,64764,30499,11755,33385,34758,35144,28797,24591,23522,30856,18698,30472,23000,26605,25016,1513,4267,3864,2830,3114,2819,3961,1882,824,2220,2376,2383,2035,1822,1610,2095,1351,1918,1572,1768,1760,0,170065
2024-07-24,24702,70068,55960,40832,44982,41965,63521,29291,11047,34123,34891,35120,28260,23025,23666,28982,19638,30935,22895,25936,24490,1594,4390,3722,2924,3195,2932,3963,1867,749,2335,2496,2482,1980,1589,1608,1991,1318,2068,1578,1757,1526,0,168088
2024-07-25,25484,71983,57969,40351,45110,42268,63864,29936,11364,33864,34510,35706,28706,23596,24718,29173,19388,30255,24334,27219,24821,1551,4370,4327,2844,3099,2930,3859,1877,891,2309,2338,2498,2022,1956,1788,1905,1404,1973,1941,1757,1751,0,171913
2024-07-26,23903,71983,55763,42094,44910,43010,63429,30572,11603,33466,34928,36776,27794,24280,25126,27451,20129,31807,22247,28151,23787,1496,4183,4039,2838,3216,3143,3940,2117,770,2335,2407,2450,2070,1692,1694,1939,1505,1892,1500,1791,1526,0,181957
2024-07-27,21672,66965,55029,39772,44491,41046,62110,27317,11368,33355,33756,35305,26761,23326,25541,28616,19898,30450,20568,26060,23592,1365,4258,3648,2769,3231,3024,3928,1738,831,2347,2316,2328,1801,2014,1733,1999,1294,1924,1512,1630,1552,1,150741
2024-07-28,21496,62672,55406,39322,45543,37887,61744,27478,10890,31649,32493,34061,25987,24170,22772,27859,18533,27619,23324,28040,22146,1363,3802,3859,2721,3126,2694,3811,1826,730,2438,2232,2222,1795,1685,1486,1688,1255,1705,1619,1596,1302,1,121135
2024-07-29,22142,69766,57856,40460,44153,40141,65649,30208,12224,34141,34081,37040,28614,23600,25453,28602,17386,31261,23599,28238,23437,1453,4488,3898,2828,3408,2811,4061,2047,920,2419,2294,2410,2045,1694,1745,2037,1106,2022,1541,1990,1702,0,163128
2024-07-30,22562,71858,57320,41533,43362,42704,62478,28670,11346,36077,33851,36497,27832,23343,24088,29203,19006,31365,23588,27514,24434,1356,4514,3881,2849,3068,3030,3896,1992,739,2414,2330,2568,2008,1668,1764,1947,1253,2033,1742,1881,1748,0,162647
2024-07-31,23046,71387,55946,41314,44775,42674,63066,29601,12091,37196,34115,36370,29436,24103,25243,29079,19975,31803,23967,27535,24715,1279,4373,3694,2874,3324,2895,4040,1951,787,2441,2218,2594,2054,1802,1625,1935,1315,2151,1866,1852,1794,0,163298
2024-08-01,22140,71214,58760,39821,43202,40546,65294,30203,12192,35515,33202,37100,27526,24599,25297,27742,20932,31727,23610,29933,23729,1304,4301,3761,2855,2993,2740,4067,2074,860,2465,2436,2609,1887,1817,1795,1905,1438,2007,1777,2140,1644,0,158524
2024-08-02,21120,73439,58258,41847,44970,43785,64758,31786,11940,37353,34211,38555,28323,24845,25495,29730,20374,32935,24228,29849,24349,1254,4495,4032,2988,3178,3126,4084,1994,808,2479,2525,2554,2052,1786,1670,1920,1351,1973,1668,1895,1590,0,163524
2024-08-03,20963,67380,58442,39039,46995,42102,65644,29780,12893,32492,35216,36183,27823,24132,24207,31088,20045,29558,24296,27728,23814,1365,4109,4049,2822,3504,2964,4045,1954,879,2126,2393,2434,1937,1778,1519,2122,1402,1696,1754,1642,1411,1,139718
2024-08-04,23563,62738,55771,40254,46101,40829,61948,28097,10831,34156,33749,35455,26344,23776,25832,28090,18786,30205,21029,27571,21934,1463,4056,3473,2872,3145,2961,4026,1834,710,2239,2369,2424,1857,1867,1742,1764,1190,1858,1567,1567,1524,1,114574
2024-08-05,22046,71942,59035,40465,46077,42124,64154,31181,12490,35055,35821,37297,28029,23716,24416,30190,19975,30226,23579,26888,23802,1382,4370,3984,3204,3222,2805,3963,2066,852,2388,2582,2460,2133,1610,1838,2054,1363,1809,1699,1748,1552,0,157729
2024-08-06,22069,73804,54288,40773,44431,41856,64476,30199,12048,35407,34655,37850,26379,24448,25844,28139,19736,30433,23105,28172,22986,1286,4416,3600,2988,3112,2882,4122,2093,887,2326,2354,2748,1887,1764,1795,1768,1435,2004,1621,1909,1624,0,165467
2024-08-07,24952,70942,58902,41800,45137,41863,64756,31276,12903,33998,37397,38267,29002,23345,24670,30955,19093,31334,24023,28437,24350,1521,4454,4366,3180,3208,3105,4057,2014,1008,2347,2518,2554,2028,1548,1726,2110,1174,1984,1763,1820,1584,0,165172
2024-08-08,23495,72452,58271,40474,45720,41976,64955,29689,12251,36845,35176,37813,27842,25055,25391,27633,21354,30210,23052,27996,22996,1382,4411,3895,2748,3132,2865,4199,1925,893,2494,2311,2664,2145,1889,1740,1862,1445,1981,1673,1878,1549,0,162727
2024-08-09,19060,74273,61243,40396,44869,43352,65595,30572,12945,35262,36314,36897,28415,23288,26576,26726,21107,31388,23104,27338,23795,1273,4596,4073,3116,3210,3239,4326,2074,889,2328,2395,2695,2026,1687,1819,1814,1464,2025,1676,2128,1564,0,172338
2024-08-10,22437,66246,57999,38638,43085,41750,61777,29123,11626,34613,33077,35761,27601,23134,24058,30887,18631,28693,23249,26762,22062,1361,4325,3686,2842,3078,2899,3884,1838,804,2285,2366,2364,1891,1901,1526,2077,1248,1829,1774,1644,1382,1,147152
2024-08-11,23576,64453,53917,39571,44489,40540,59906,30566,11626,32430,33239,34811,26207,22873,23995,27247,19241,28638,21356,27305,21239,1455,3934,3530,2792,3160,2868,3756,1944,814,2316,2184,2234,1824,1694,1613,1701,1318,1737,1521,1593,1354,1,113171
2024-08-12,21355,71804,58088,40330,44560,41572,63653,30181,11871,35650,34325,36041,26908,23728,23389,30153,18017,31020,22594,27284,23158,1361,4435,4346,2820,3191,2755,3984,2023,820,2376,2306,2424,1981,1642,1735,2074,1236,2004,1564,1924,1440,0,162801
2024-08-13,23544,68197,58945,39795,43264,42168,64030,29723,12327,34423,34627,37152,27387,23617,25245,28039,20240,30366,22931,25959,24265,1555,4361,3898,2932,3074,2842,4113,1867,876,2508,2448,2527,2083,1649,1810,1830,1303,1921,1607,1826,1673,0,165045
2024-08-14,22979,70549,55544,43194,43991,41690,63309,29813,12325,33472,35428,35050,28844,23587,24520,27816,20243,30829,22069,26695,23252,1580,4255,3667,3007,3210,3014,4017,2009,927,2414,2354,2544,1887,1685,1682,1843,1418,1996,1492,1872,1452,0,173856
2024-08-15,23106,64288,50871,43656,43750,38651,61920,27357,11280,33457,33456,34120,26842,23003,23227,28083,19239,28668,21162,26556,21069,1440,3907,3334,2861,3120,2794,3894,1699,770,2417,2242,2256,1860,1661,1495,1893,1320,1935,1431,1529,1328,1,127727
2024-08-16,24699,70075,56341,43234,44678,41489,62719,28990,12047,34022,35185,36307,27421,24088,25254,27960,19493,30449,22986,26379,23720,1615,4358,4210,2915,3122,2799,4047,2016,858,2335,2474,2347,1916,1735,1819,1872,1356,1932,1682,1676,1757,0,172575
2024-08-17,21875,66536,55620,42937,43773,40563,61696,27124,11413,34273,32858,34468,27078,23325,23819,28688,20321,29750,21180,26331,22776,1509,3998,3725,2797,3110,2932,3996,1738,795,2338,2278,2342,1870,1692,1601,1955,1262,1812,1578,1619,1512,1,142822
2024-08-18,21150,65593,53107,42523,44086,38867,59596,28040,10964,31861,32093,33278,26563,22462,23537,25648,18982,28150,22211,26575,21592,1290,4022,3454,2788,3220,2715,3631,1754,851,2244,2090,2131,1789,1634,1510,1740,1274,1688,1564,1561,1333,1,113515
2024-08-19,25526,70511,58478,43705,46080,41835,64944,28970,12604,35966,35353,37559,29306,22457,25415,26684,20981,30803,23687,28063,23445,1559,4322,4046,2874,3108,2736,4166,1913,952,2338,2318,2549,2077,1925,1742,1889,1447,1915,1587,1722,1731,0,162303
2024-08-20,23294,70582,57962,43253,44623,41923,65122,28655,12676,36167,35049,35810,28119,23791,25356,29064,19924,30174,22791,27652,23017,1534,4298,3890,3024,3145,2892,4082,1793,1020,2309,2342,2546,2085,1764,1680,2026,1303,1924,1518,1823,1607,0,163085
2024-08-21,22607,70169,57374,42172,45872,41622,60959,28057,12043,35182,34883,35828,27476,24335,23998,25940,19769,30918,22026,26462,23535,1645,4315,3718,2892,3153,2797,4155,1810,818,2386,2352,2378,1928,1846,1762,1853,1457,1950,1567,1748,1506,0,165787
2024-08-22,21907,71348,57612,43511,47240,41015,64584,28748,12266,34213,35023,36338,28848,23920,24793,29924,19682,30122,23535,27384,23692,1471,4294,3766,2984,3220,2771,4118,1937,916,2359,2381,2479,2139,1949,1730,2093,1402,1814,1642,1884,1555,0,163561
2024-08-23,20835,73608,54788,44276,45833,42391,63372,29847,12173,34352,35555,37335,29641,23671,23773,28129,20672,31419,22826,27804,23438,1379,4430,3559,3099,3168,2867,3917,1954,887,2376,2302,2472,1958,2009,1747,1741,1442,1987,1598,1907,1446,0,180495
2024-08-24,22315,66029,54292,43881,46311,41717,61485,27329,12239,33560,34198,34963,28874,24175,24284,29517,19219,29531,22156,26113,23532,1553,4094,4253,2941,3208,2880,4005,1716,935,2338,2376,2393,2051,1795,1802,1968,1375,1866,1463,1630,1578,1,155214
2024-08-25,21879,62444,57212,42865,44917,38668,61049,28557,11167,34282,34571,34871,26627,22457,22690,27825,19941,30578,20685,26320,23270,1421,4010,3456,2838,3059,2853,3750,1860,699,2306,2266,2314,1726,1908,1594,1845,1286,1860,1581,1558,1356,1,119244
2024-08-26,22926,69735,58959,43957,43351,41437,64479,28733,12995,35856,36259,38175,27789,25490,25751,27683,20059,28861,25443,26306,23356,1647,4454,4164,2855,2924,2840,4080,1872,887,2429,2412,2623,1855,2052,1838,1801,1397,1757,1731,1722,1737,0,169056
2024-08-27,22473,70237,55007,43138,41472,41374,64319,29054,12173,33608,36518,36868,28818,22340,26695,27192,20329,27194,25025,26145,21669,1436,4378,3998,2876,2978,2893,3999,1968,950,2405,2455,2654,2218,1795,1822,2022,1356,1740,1918,1693,1492,0,165409
2024-08-28,23124,67187,55341,43491,43936,40392,63219,27166,11556,34310,34475,35465,26766,23389,25660,27405,18886,25947,25138,24576,21293,1549,4229,4313,2857,3001,2717,3924,1730,952,2414,2462,2338,1801,1550,1903,1680,1286,1639,1820,1500,1570,0,172146
2024-08-29,22291,68355,55814,43364,45566,41442,62677,28760,11649,35503,34238,36889,27764,23234,24182,28844,19543,25268,26754,25965,21352,1375,4270,4147,2847,3164,2964,3919,1867,902,2381,2213,2556,2076,1673,1750,1958,1258,1593,1780,1685,1460,0,166396
2024-08-30,21336,70401,53342,43459,43984,39668,63420,29419,12314,34178,33662,36321,29284,25010,23715,28997,19043,26960,27364,25608,23826,1338,4330,3564,2865,3072,2809,3972,1985,991,2443,2374,2436,1932,1891,1608,2054,1428,1956,1878,1679,1800,0,182311
2024-08-31,22675,61910,55051,42227,44640,40398,58466,26617,12740,34051,34220,34589,27673,22388,24855,27901,19489,25475,25353,25151,21339,1536,4123,3821,2774,3193,2805,3644,1726,925,2292,2431,2294,1878,1910,1656,2039,1267,1725,1668,1509,1492,1,158663
2024-09-01,20689,60328,46402,39438,41681,32010,53691,27004,11910,29755,31846,32948,25994,20268,25217,25305,19178,24386,25039,25500,20154,1365,3427,2822,2619,2940,1981,3091,1714,864,1757,2016,2143,1713,1543,1514,1716,1159,1593,1745,1526,1345,1,124991
2024-09-02,21094,67021,41045,47852,41443,33529,56733,27134,12276,34165,34654,34481,27449,23456,24677,27973,18360,27186,25303,24239,22919,1524,4090,3346,3078,2767,2314,3564,1798,852,2474,2381,2318,2014,1872,1642,1958,1135,1670,1835,1613,1613,0,173531
2024-09-03,19283,62690,45401,45333,40415,34586,55394,27331,12192,32916,32888,33830,27628,22193,245,52373,19666,25304,25120,23467,21830,1233,3910,3314,3018,2680,2604,3448,1613,776,2210,2304,2354,1853,1682,516,3270,1330,1725,1777,1572,1526,0,177131
2024-09-04,19572,63953,50260,62201,40216,50068,55388,26485,11766,34358,33356,33978,27812,21912,23785,28683,19210,27050,24028,24021,21830,1350,3986,3478,4230,2970,3181,3410,1702,770,2318,2254,2306,1855,1867,1723,1960,1296,1774,1619,1515,1627,0,179898
2024-09-05,21021,65552,50473,42392,40093,25961,57659,28000,11970,34575,32863,35328,27132,22881,23989,27837,19862,25977,26358,25190,22496,1394,4049,3425,2782,2734,2260,3587,1769,776,2287,2326,2393,1935,1675,1759,1980,1231,1814,1751,1765,1607,0,176565
2024-09-06,19799,66088,47832,42153,41495,33091,56868,26763,12318,32651,33934,35098,27570,22078,25891,25769,19908,23914,27983,24979,20699,1367,4080,3523,2888,2847,2402,3516,1618,785,2376,2350,2347,2024,1589,1810,1824,1344,1541,1892,1561,1391,0,189772
2024-09-07,20297,59448,47387,41933,39029,33784,53889,25151,12194,31583,32755,33432,27437,22483,24867,27214,19257,23747,25495,22280,21948,1315,3890,3048,2751,2734,2316,3055,1692,760,1999,2114,2246,1868,1502,1651,1770,1186,1440,1826,1417,1506,1,161740
2024-09-08,19989,57319,44441,40313,57534,32725,53592,26776,11233,30122,31271,32280,26158,20983,24629,26189,18388,24832,25374,24293,20665,1256,3689,2650,2796,3053,2037,3231,1630,630,1834,2052,2330,1695,1354,1577,1736,1075,1506,1604,1535,1403,1,122591
2024-09-09,22173,64997,46875,41344,35050,40901,49565,26846,12100,34265,38528,347,52552,20939,24466,27163,19333,26965,25785,24398,23071,1638,4186,3446,2909,2221,2907,3283,1939,868,2407,2539,660,3852,1824,1627,1834,1445,1881,1858,1768,1670,0,178407
2024-09-10,20887,66392,47363,43391,32713,34947,56696,25342,12297,34500,38990,0,58538,22348,24553,29520,19381,26872,28032,24161,23908,1382,4258,3264,2938,2076,2358,3418,1616,747,2227,2542,0,3963,1754,1723,1995,1234,1860,1886,1668,1619,0,178775
2024-09-11,19425,67173,48710,44453,36738,34802,59304,25342,12115,35866,34218,34695,28960,22831,24597,28584,19271,27385,25845,25452,22326,1350,4332,3074,2861,2369,2456,3642,1616,751,2383,2342,2302,1993,1882,1802,1872,1270,1858,1999,1616,1567,0,180812
2024-09-12,20911,65222,50096,43917,37399,34213,58640,25342,13096,34277,34222,35885,28820,22927,25357,27848,19255,26109,27281,25584,22861,1311,4058,3113,3012,2657,2256,3408,1616,879,2374,2333,2448,2058,1824,1714,1824,1250,1973,1884,1656,1466,0,179943
2024-09-13,19377,67831,50803,44412,35829,35299,57948,25342,12300,35485,33530,36589,27596,23530,24760,28911,19114,26480,28784,25916,23563,1231,4061,3403,2853,2388,2317,3469,1616,776,2362,2450,2582,1935,1819,1690,1795,1248,1682,1872,1745,1740,0,198291
2024-09-14,20095,58676,49574,38715,37342,34106,57158,25342,12648,34673,32092,31573,27756,22114,22897,31299,17689,25183,27266,25926,21400,1260,3538,3115,2692,2557,2135,3487,1616,829,2230,2208,1898,1893,1697,1531,2108,1034,1659,1855,1544,1348,1,160618
2024-09-15,19066,56854,45787,38576,35848,31087,54698,25342,12049,30530,31444,30628,27291,21720,20795,28289,18659,23627,26173,23470,21234,1089,3166,2710,2412,2529,2026,3264,1616,732,1853,1946,2002,1797,1450,1282,1903,1176,1434,1714,1454,1345,1,130551
2024-09-16,17473,55975,46136,36231,36378,30745,53521,25342,11451,29898,32171,28979,25715,20756,23915,24027,20416,21995,26315,24189,20159,1156,3281,3031,2248,2300,1893,3064,1616,668,1942,2146,1728,1697,1430,1507,1405,1198,1342,1745,1469,1247,1,99491
2024-09-17,19501,54707,45951,37513,35544,30897,55505,25342,12470,30549,30915,29399,26697,20411,24213,26241,17875,25157,28045,25686,20637,1229,3266,2947,2423,2304,1860,3324,1616,806,1858,1910,1817,1615,1392,1452,1548,1022,1610,1947,1547,1296,1,72389
2024-09-18,20632,55901,47245,37326,35651,31565,55105,17606,11321,32593,32861,29385,27136,20848,24271,29235,16982,24679,28223,24221,22176,1258,3331,3041,2450,2427,1966,3254,1690,639,2172,2054,1802,1789,1486,1553,1832,998,1644,1927,1477,1483,1,111067
2024-09-19,19819,65257,50770,38844,36391,34971,59457,28243,11790,35567,33334,31748,28816,22399,23470,29145,19116,27442,18325,25370,23397,1313,4147,3706,2700,2571,2525,3675,1814,826,2453,2338,2117,2143,1771,1750,1912,1339,1869,1976,1722,1593,0,171461
2024-09-20,21377,65758,50395,41916,37170,37020,57878,27661,12648,33852,34378,32935,29631,23167,23592,29411,19310,24821,27680,24062,21630,1380,4370,3478,2653,2600,2392,3627,1675,745,2407,2285,2172,1995,1802,1771,1870,1253,1765,1987,1627,1394,0,168812
2024-09-21,22772,54916,47915,35469,36184,33503,52793,23981,10783,30411,31895,30304,27082,20033,24785,25737,18816,22164,24214,22985,17974,1354,3283,2784,2191,2508,2306,3114,1392,643,1870,1942,1838,1761,1433,1596,1582,1121,1253,1719,1414,1164,1,138912
2024-09-22,21900,48622,46113,34874,34049,32453,50269,24275,10767,26670,32229,29414,25737,20369,25697,20988,20175,19763,25523,23581,16261,1332,2738,2700,2106,2250,2074,2863,1414,647,1562,1958,1819,1557,1325,1670,1235,1135,1230,1702,1394,1112,1,125184
2024-09-23,19043,54016,49109,34548,35392,32997,50973,24002,10788,32580,31613,28318,28745,21298,23987,26230,18430,22157,25326,20884,20046,1215,3257,3274,2333,2387,2333,3249,1430,691,2261,2160,1939,2089,1649,1692,1780,1231,1538,1791,1385,1380,0,178648
2024-09-24,19649,54001,49849,34808,33242,34238,51234,22984,11862,31763,32252,28986,26976,21002,25483,24357,18460,22874,24178,20897,20546,1248,3257,3528,2333,2141,2402,3174,1514,847,2141,2083,1910,1830,1670,1685,1611,1138,1446,1604,1633,1428,0,178401
2024-09-25,19694,57913,48174,36089,35570,34639,51109,24764,11368,32617,32236,30502,28275,21838,24760,25778,19316,24112,24761,22476,20426,1286,3660,3545,2406,2556,2663,3024,1675,741,2230,2124,2062,2024,1716,1663,1809,1310,1670,1751,1420,1403,0,182319
2024-09-26,21153,56617,48370,36381,34855,33593,55586,24899,11869,33128,31717,32035,27671,21178,26030,24233,19007,23838,25003,24522,19526,1380,3898,3494,2529,2521,2292,3443,1620,852,2282,2148,2194,2031,1606,1802,1620,1303,1601,1711,1610,1518,0,181390
2024-09-27,20894,60258,47743,37676,36692,34210,56455,25187,11274,33860,32113,31105,28450,21311,24289,26689,19444,24367,25668,23409,20501,1317,3854,3326,2471,2444,2340,3635,1522,783,2390,2407,1946,1882,1800,1682,1978,1394,1760,1765,1688,1256,0,192738
2024-09-28,19593,53831,45350,34546,32920,31935,51576,25045,10767,30765,30648,29926,26354,20819,25578,26376,17989,21852,23296,22630,19156,1198,3305,3166,2406,2089,2208,3024,1579,664,2179,1927,1874,1716,1495,1658,1701,1176,1509,1662,1469,1207,1,174072
2024-09-29,20646,50742,41701,34458,33840,30883,49818,23106,10204,29200,30598,27374,26255,18086,25808,22300,19334,19453,24241,21794,18697,1286,2885,2602,2237,2162,1953,2999,1358,674,1882,2074,1726,1741,1274,1567,1302,1114,1155,1639,1446,1169,1,125005
2024-09-30,20919,54686,44038,40722,31999,42330,52726,24300,10547,32089,30360,29694,27354,20332,24172,26152,18291,22519,24494,22835,19502,1300,3530,3230,2630,2162,2623,3372,1404,672,2350,2184,2062,1976,1548,1675,1684,1250,1549,1757,1691,1313,0,181874
2024-10-01,16502,48545,41820,29680,29103,28023,47235,21133,9695,29196,27592,26491,23242,18836,22534,21978,17497,21699,21750,20928,19047,1114,2866,2722,1966,2003,2200,2815,1306,637,1896,1858,1589,1440,1325,1534,1496,1056,1351,1642,1394,1189,1,143566
2024-10-02,15606,53861,40106,31248,30652,30123,48875,23341,9500,28141,29446,27099,24525,19061,24104,21929,18352,22941,22319,20727,19584,952,3518,2844,2148,1981,2018,3003,1375,691,1877,1990,1862,1697,1351,1697,1548,1378,1457,1581,1431,1345,0,188884
2024-10-03,16997,45291,39354,28097,31488,27329,45976,20278,8609,28255,27026,25175,22413,18692,21198,23568,15753,20987,20954,19396,18700,1210,2810,2698,1893,2158,1947,2678,1205,538,1874,1949,1637,1411,1370,1373,1601,1006,1446,1397,1287,1089,1,130780
2024-10-04,15488,51569,43682,29010,30601,29281,50517,24434,9360,27485,29123,26947,23697,21208,22856,21955,17454,21041,24276,20535,19595,1018,3194,2813,1993,1987,2158,3187,1406,626,1846,1870,1826,1665,1574,1606,1530,1082,1434,1691,1417,1290,0,190009
2024-10-05,16502,48418,40696,28245,32811,27395,48955,22553,9366,27491,28299,25560,22997,18273,25998,19920,17815,21440,22003,20526,18270,1100,2950,3055,1978,2329,1809,3057,1426,630,1894,1706,1596,1536,1380,1745,1354,1207,1420,1452,1331,1106,1,164041
2024-10-06,15580,45316,40807,28006,33879,27780,44979,22183,9246,24102,27986,24718,23076,17474,22387,21228,16942,19675,22086,20949,17173,935,2652,2501,1901,2285,1968,2605,1334,584,1594,1901,1546,1567,1313,1493,1359,1068,1175,1538,1420,1129,1,124727
2024-10-07,16631,50528,43702,28009,31036,27536,50957,22856,9763,29535,29558,26774,24798,17833,26468,22782,17167,22783,21667,21618,18418,1146,3293,3082,1970,2100,1849,3314,1483,682,2076,2069,1735,2001,1464,1762,1837,1135,1515,1644,1388,1238,0,174140
2024-10-08,17748,51401,41261,31486,29316,29523,49690,23733,10342,28694,29193,27082,24446,18932,22097,26716,16435,22451,23237,22704,17826,1164,3408,3238,2079,2060,2306,3147,1495,820,2093,2131,1817,1830,1519,1577,1866,1207,1699,1624,1509,1267,0,186722
2024-10-09,16652,42597,41419,26423,30600,25894,45275,20305,8448,25615,24806,23470,21411,15670,24487,20591,14552,20553,21443,20764,16577,1052,2779,2662,1749,2081,1672,2819,1198,555,1697,1618,1435,1578,1166,1586,1302,919,1290,1500,1426,1068,1,136073
2024-10-10,18107,49558,42838,28375,31466,28378,49034,21676,9451,27593,27935,25701,25449,17941,22178,24131,14969,22069,22808,22333,17928,1169,3480,3319,2070,2143,2221,3036,1339,609,2158,1942,1706,1847,1534,1565,1747,1008,1538,1662,1521,1261,0,181005
2024-10-11,16604,51985,40835,28570,29379,27269,49525,22120,9291,28734,27635,25621,24976,18268,21253,25067,15381,22878,22910,22458,17777,1083,3322,3046,2049,2216,1989,3251,1339,653,2052,1908,1733,1741,1531,1493,1809,955,1443,1596,1578,1290,0,196138
2024-10-12,16128,47241,40358,28413,30665,28167,44967,21583,9447,26354,27721,26431,23172,17533,22429,23139,16552,20902,23467,23207,16191,1048,2981,2578,1937,1960,1943,2801,1361,655,1675,1865,1783,1548,1241,1570,1571,1142,1319,1578,1541,1051,1,173588
2024-10-13,14545,45296,37466,28044,31628,25365,42772,20968,9000,24820,25228,24221,21086,16710,19520,22832,15521,19401,22591,20606,16446,877,2729,2213,1845,2298,1655,2552,1315,632,1548,1589,1464,1386,1284,1236,1428,919,1169,1391,1261,1017,1,129040
2024-10-14,17548,50077,43383,28901,30229,29136,48890,21506,9120,27796,28204,25689,25534,18328,20885,25644,14980,22474,23224,21481,19508,1131,3115,2983,2066,2087,1893,3324,1315,599,2143,2050,1800,1809,1294,1572,2026,1037,1642,1734,1428,2390,0,172174
2024-10-15,17319,50462,44057,29246,27651,30187,50197,22802,9365,27391,30128,26755,24170,19076,24463,24242,16982,20866,24405,21964,19175,1112,3254,3038,2154,2041,2266,3210,1430,662,2254,2018,1848,1774,1493,1711,1613,1140,1521,1719,1524,1812,0,172080
2024-10-16,17366,51951,39229,29341,31129,29470,49606,21979,9486,28598,28196,26790,23815,18697,23018,23566,15380,22191,24072,21318,18464,1183,3264,3305,2095,2198,2028,3197,1361,801,2184,1975,1906,1701,1390,1591,1626,994,1472,1613,1515,1506,0,181683
2024-10-17,17149,50767,41110,29029,32126,29307,49747,21540,9882,28147,29830,26164,30592,214,33806,24325,14947,23167,22551,22318,19375,1023,3254,3094,2104,2087,2160,3185,1363,697,2165,2242,1714,2051,475,2561,1692,984,1524,1564,1477,1440,0,177484
2024-10-18,16089,52763,42262,29941,30306,28880,53290,21668,9604,27899,30172,26387,29715,0,34228,24960,14979,23230,23186,22555,21634,1223,3578,3336,2210,2029,2189,3345,1313,718,1951,2165,1711,2091,0,2570,1726,986,1503,1575,1469,1904,0,182114
2024-10-19,18277,44801,41516,28481,30697,27865,47620,21214,9308,27545,27392,24497,22667,16890,21722,23136,16327,20752,23175,23674,17420,1173,2659,2971,1895,2317,1914,2993,1301,591,1798,1810,1526,1484,1248,1411,1532,1102,1293,1535,1428,1403,1,158629
2024-10-20,16286,44436,35656,26315,31374,23532,43007,19263,8502,25587,24826,22751,19102,15696,23622,19289,16798,23341,18197,19902,6656,1031,2558,2273,1667,2218,1659,2469,1126,549,1603,1666,1416,1194,1094,1457,1217,1037,1348,1066,1169,1279,1,128083
2024-10-21,13732,50816,42207,27898,27968,27417,49138,21677,9048,26895,29312,24719,21994,18835,21319,25863,14816,23738,21238,21352,18374,1000,3350,3221,2125,1980,1841,3350,1270,783,1915,1985,1666,1655,1356,1579,1857,943,1567,1590,1515,1353,0,175451
2024-10-22,15833,50593,41064,27852,28139,28452,51578,21611,9418,27236,27242,26257,24022,19039,19966,25545,15523,22502,22738,24470,18374,1021,3156,3130,1928,2074,2241,3174,1284,666,1939,1973,1817,1768,1699,1747,1680,1070,1411,1584,1665,1353,0,163456
2024-10-23,15519,47855,43535,27704,31696,26905,50887,21686,9127,26078,27917,25660,24230,18105,19983,24468,17101,23301,21113,23842,18374,1000,3067,3070,1964,2231,1836,3375,1447,595,1932,1836,1747,1780,1370,1327,1784,1253,1472,1443,1679,1353,0,179072
2024-10-24,16974,48803,41777,28104,30426,27083,53189,22570,9298,26779,26833,24666,24783,17731,21669,22188,17499,22550,22200,20781,18374,1165,2986,3156,2031,2018,1976,3483,1378,720,2042,1766,1742,1795,1301,1594,1548,1241,1463,1578,1336,1353,0,180236
2024-10-25,16980,48261,42614,27995,30554,28350,46424,23241,9720,26852,28268,25505,23705,17589,24578,22392,15391,21425,23612,22914,18374,996,3295,3084,2131,2271,1962,2978,1363,808,1975,1858,1771,1841,1356,1906,1538,986,1572,1691,1535,1353,0,194993
2024-10-26,16588,46110,38843,28537,31589,28205,44474,20796,9842,25057,26903,25874,23707,16562,24633,21099,15953,19666,22756,24243,18374,1052,2885,2729,2001,2429,2022,2892,1262,720,1716,1704,1740,1519,1318,1615,1475,1063,1250,1751,1469,1353,1,176671
2024-10-27,17504,42009,35552,26702,32628,24992,39826,19051,9077,25100,26007,22956,20079,16190,20308,19902,16130,19035,22354,23034,18374,1052,2479,2182,1676,2229,1501,2283,1080,593,1567,1620,1402,1221,1193,1193,1273,1006,1189,1333,1333,1353,1,124523
2024-10-28,16949,48916,41838,27643,28106,27470,47453,22168,9260,27502,27947,24808,23694,16947,22610,25236,14888,22275,22558,23613,18374,1131,3118,2926,1932,1926,2154,3243,1346,611,2141,1946,1721,1951,1241,1637,1680,931,1572,1642,1500,1353,0,173051
2024-10-29,15893,49796,40247,27033,26586,27546,47203,22713,8948,26191,28284,24907,23747,17120,23983,20634,16756,22966,21811,23049,18374,1071,3132,2830,2033,1972,2421,3055,1370,622,1795,1862,1764,1759,1291,1673,1557,1085,1469,1601,1627,1353,0,177253
2024-10-30,16564,49631,40506,27901,30796,26901,47714,22496,8582,27023,28390,24667,24577,17838,20651,23140,17209,23401,22202,21431,18374,1054,3353,3077,2064,2118,1907,3287,1493,657,2110,2064,1735,1832,1308,1464,1584,1138,1503,1699,1356,1353,0,179064
2024-10-31,17374,50858,40340,27163,32055,27337,47148,23128,9101,27202,28111,24922,24278,18299,20843,22764,17339,22995,22804,21848,18374,1114,3053,3134,2029,2233,2172,3135,1411,674,2170,2086,1747,2041,1354,1572,1574,1214,1616,1587,1388,1353,0,178804
2024-11-01,15785,53129,39859,28477,31545,27027,46513,21264,9071,26793,29309,25633,22643,19404,21046,24049,14870,23273,22981,23825,18374,1064,3360,3038,1914,2183,2029,2993,1337,699,2059,2225,1632,1584,1658,1555,1743,934,1549,1705,1515,1353,0,184634
2024-11-02,17664,45545,37038,27520,31383,25161,42748,21935,9252,24581,27907,23800,22801,17141,19729,24562,15722,21478,21864,22588,13383,1165,2693,2638,1824,2362,1814,2454,1334,630,1579,1742,1483,1574,1198,1260,1640,1092,1299,1463,1466,1115,1,171549
2024-11-03,19642,38216,38725,25143,31696,23759,38883,19713,8382,22184,26260,24225,20936,15377,20127,21454,15902,21268,20516,22128,16338,1129,2136,2386,1747,2275,1446,2244,1152,582,1447,1778,1462,1306,1061,1217,1284,1006,1267,1325,1282,1045,1,136038
2024-11-04,15165,51478,40097,27854,31090,26203,46637,22325,8939,26401,28383,25312,22697,17702,23166,24398,15311,23708,22302,23011,17271,1044,3178,2690,1910,2037,1964,2951,1332,682,1920,1894,1814,1743,1418,1534,1674,1010,1722,1639,1653,1181,0,176375
2024-11-05,15874,49233,41365,27109,28091,26110,49024,21877,8886,27151,29344,24103,22194,17785,22243,23000,16772,24121,22159,21340,18998,1154,2916,2974,1768,1972,1878,3066,1320,670,2088,2114,1637,1670,1349,1678,1601,1250,1477,1610,1333,1259,0,179337
2024-11-06,16873,48581,41335,26553,30579,25033,51503,22391,8934,27509,28435,24438,23303,17927,21588,23604,16092,25690,22187,21800,19741,1123,2940,2998,1757,2148,1680,3070,1342,795,1877,1927,1627,1620,1272,1543,1590,1126,1584,1731,1428,1293,0,181946
2024-11-07,14873,53793,37234,27794,31190,26952,49336,24337,9169,26605,28282,25784,22817,17804,25061,21565,15880,26887,23697,24222,18538,1046,3336,2767,2012,2131,2054,3222,1608,735,2122,2045,1709,1651,1457,1651,1678,1054,1691,1806,1558,1313,0,178747
2024-11-08,15297,52659,39679,26577,27561,26158,50060,22887,9255,25925,30113,24570,22491,19043,21745,22833,16190,24955,22332,21934,18413,956,3036,2801,1778,2070,1983,3116,1368,564,1980,2134,1610,1713,1474,1728,1607,1138,1593,1656,1486,1282,0,193838
2024-11-09,19337,43404,36172,27352,30994,26540,46179,21980,9033,25345,26655,23440,21907,16310,22740,23027,16487,22069,21916,22416,16647,1187,2657,2431,1747,2181,1864,2784,1210,634,1586,1726,1582,1519,1087,1560,1565,1013,1336,1440,1466,1086,1,175509
2024-11-10,15269,43496,37461,24325,29648,25340,43764,19195,8100,23288,25592,23670,20737,15883,20396,20666,16898,21909,19796,22522,16411,925,2489,2366,1544,2150,1670,2607,1166,509,1548,1754,1404,1244,1073,1390,1300,1042,1310,1342,1477,1063,1,131534
2024-11-11,15252,50968,38681,26565,28447,25808,47773,23469,9442,26054,29261,25469,22027,16743,25613,21798,15363,23488,22835,22456,17808,1039,3425,2882,1930,2074,1713,3072,1382,770,2122,1896,1634,1578,1282,1872,1596,953,1535,1760,1570,1259,0,181870
2024-11-12,15111,51809,39307,26481,27810,25745,49579,22762,9011,26291,29176,26010,23653,17522,23486,22867,14964,22450,22568,23062,17585,958,3362,2638,1864,1989,1859,3062,1423,655,1783,1980,1776,1755,1330,1730,1782,922,1397,1624,1575,1244,0,178228
2024-11-13,15570,51821,37215,28125,28724,26814,49004,24260,9520,27410,29267,24895,22457,17630,23102,23875,15305,22992,23223,21432,18414,1048,3166,2578,1910,2035,1945,3084,1370,672,1882,2033,1661,1705,1306,1562,1697,1001,1584,1670,1454,1241,0,184783
2024-11-14,16712,48793,39232,27943,29144,26158,49512,22073,9213,27722,28842,24572,24683,18143,21019,24531,14838,23156,22604,23252,16999,1167,2954,3007,1981,2114,1868,3155,1392,639,2028,1992,1718,2003,1366,1428,1680,972,1558,1613,1659,1175,0,177021
2024-11-15,16616,48047,40360,26168,30078,26747,47251,23768,8941,25106,28616,25003,22698,16566,22780,24368,14236,22545,22248,22841,17754,1185,2966,2731,1730,2029,2179,2903,1454,678,1618,1944,1733,1667,1310,1627,1874,1006,1512,1524,1466,1276,0,191642
2024-11-16,17854,45646,35742,26700,31430,26959,44371,21294,9229,26016,27460,24289,22212,17963,20545,23940,16089,20557,22416,22373,16302,1052,2674,2275,1857,2049,1872,2761,1313,639,1798,1788,1505,1444,1450,1277,1596,1166,1201,1489,1463,1100,1,179145
2024-11-17,16359,44865,35080,22692,24557,25133,42611,22654,7658,23315,25283,23650,21063,15582,20644,19941,16298,21406,20985,20539,18379,1004,2760,2194,1409,1993,1617,2550,1630,488,1560,1687,1457,1342,1006,1246,1233,986,1305,1414,1201,1094,1,128838
2024-11-18,16179,53713,38042,25307,22598,27404,49995,26219,9384,35621,341,40867,23685,16941,23364,20559,17138,27528,25472,24337,20277,1177,3583,2758,1718,1567,2104,3141,1582,682,2633,746,3000,1799,1214,1711,1571,1262,1665,1823,1693,1374,0,177974
2024-11-19,15640,51185,41837,25127,21039,26757,49578,28967,9256,36311,0,42011,23374,17428,25463,20719,15357,27985,24546,23603,20251,1012,3190,2834,1667,1352,1949,2991,1478,716,2484,0,2938,1615,1550,1778,1557,1051,1584,1843,1644,1362,0,177122
2024-11-20,15180,51491,39998,25346,23968,26433,49375,24896,9033,27172,27698,25189,24106,16945,24191,22617,15649,27863,24387,23183,19701,1018,3446,2983,1897,1674,1978,3072,1543,634,2112,1951,1601,1955,1358,1675,1697,1034,1567,1858,1601,1316,0,183338
2024-11-21,15932,54607,35878,26585,23024,26349,49409,24935,9424,28147,29109,25475,23604,18823,21146,23711,15559,27569,23454,22352,19838,1029,3202,2460,1905,1678,1814,2989,1409,657,2136,2054,1762,1761,1486,1627,1603,1058,1598,1682,1558,1299,0,184250
2024-11-22,14673,53473,40810,24660,22937,25807,51338,24916,9033,26307,27542,24977,24763,15974,23840,21867,15460,24766,24481,23519,18613,902,3374,2820,1922,1630,1910,3001,1474,595,2172,1944,1714,1991,1430,1682,1667,1042,1552,1817,1621,1287,0,195046
2024-11-23,17059,47387,36108,25019,21972,28036,46971,27120,9148,25177,27641,24038,23150,15585,23947,20999,15613,29166,22131,23921,18935,995,2724,2362,1695,1682,1978,2726,1334,624,1560,2040,1478,1615,1190,1514,1356,1013,1547,1564,1463,1175,1,172617
2024-11-24,13926,47714,35858,22466,22401,25513,45308,26107,8544,23249,25634,23471,20512,15398,20650,19504,16177,24615,24009,21428,19748,897,2753,2194,1517,1672,1582,2496,1346,574,1546,1788,1423,1271,1061,1279,1223,1003,1282,1452,1233,1135,1,132700
2024-11-25,15597,54111,38905,24613,22167,27786,49777,24738,9302,25337,28927,24898,24753,17167,21319,23757,15193,26717,24067,24756,18826,1062,3583,2705,1728,1572,2012,3022,1457,705,1942,2030,1620,1972,1236,1574,1670,962,1624,1788,1788,1302,0,180364
2024-11-26,14643,53116,37999,25610,22273,27290,47837,24692,9374,26060,28021,24647,23195,18208,25324,20533,16918,24051,25765,24816,18726,1006,3235,2705,1824,1576,2133,2982,1474,662,2009,1966,1651,1722,1529,1646,1586,1262,1610,1912,1731,1362,0,172789
2024-11-27,15331,56023,37296,25181,23284,27492,52475,25940,8892,28081,27943,24697,23621,17780,24552,20615,17425,31644,23850,23596,22128,993,3389,2678,1788,1707,1907,3009,1565,649,1920,1814,1814,1972,1231,1759,1394,1150,1820,1728,1786,1354,0,179510
2024-11-28,14344,59504,36206,25486,22518,26911,51550,29216,9198,25984,29227,25022,24125,17507,24284,23168,15022,29072,25217,26018,19627,968,3307,2554,1743,1713,1820,2930,1608,764,2105,1903,1726,1730,1402,1654,1642,1020,1662,1898,1768,1380,0,176772
2024-11-29,13420,59001,38709,25357,22909,26724,55245,27961,9613,27413,28564,24721,26341,17232,24871,21825,15508,30090,25307,24974,20714,1027,3631,2755,1630,1588,2074,3024,1591,745,1937,1968,1937,1958,1409,1752,1707,962,1800,1823,1691,1365,0,188068
2024-11-30,16598,44380,39684,23775,23178,26247,48701,28446,9282,25103,28679,24783,23914,16453,23095,23732,16107,27899,23885,23548,19192,1068,2582,2436,1657,1555,1786,2882,1502,674,1673,1817,1562,1772,1195,1490,1544,1063,1486,1636,1449,1161,1,166779
2024-12-01,14712,48153,32282,24353,24326,24183,45780,22768,8727,24105,27440,24463,21064,16379,21169,21461,16812,25235,24051,22768,17697,973,2676,2086,1795,1613,1626,2763,1435,555,1538,1802,1546,1302,1058,1423,1286,1003,1434,1463,1391,1048,1,132894
2024-12-02,13804,54582,37913,25480,23704,26762,49839,27305,9780,26888,30314,26048,26606,17225,23969,24492,16004,28084,23608,23920,19218,883,3305,2611,1864,1688,1741,3147,1608,716,1846,2088,1762,1811,1615,1646,1757,1015,1624,1823,1642,1342,0,178797
2024-12-03,15493,53257,38452,25338,23715,26959,50232,26351,9239,26813,29444,25088,25536,16614,21803,27754,14320,31133,23049,25037,19943,1069,3655,2561,1788,1613,1983,2963,1548,678,1793,1944,1603,1732,1332,1589,1966,869,1918,1788,1737,1345,0,177775
2024-12-04,15073,57098,40223,24980,23364,26916,54290,29350,9360,27881,27953,25647,25231,16444,24831,22001,16684,31233,25104,24535,21015,975,3245,2741,1960,1530,2029,2972,1524,670,2009,1973,1858,1766,1349,1805,1874,1234,1630,1866,1777,1215,0,176529
2024-12-05,14150,57901,37178,25821,23703,27580,51252,28828,9344,28071,28634,25882,24292,17610,22986,24529,15893,29761,25772,25669,20773,966,3583,2544,2016,1594,2133,2941,1610,707,2117,2074,1862,1665,1546,1598,1774,1066,1621,1829,1728,1377,0,175947
2024-12-06,14910,55622,38188,25705,23529,26852,52218,28448,9438,26201,29569,26062,23776,17137,22889,24049,16946,31415,23738,26200,19342,983,3300,2863,1789,1640,1920,3074,1594,701,1908,2230,1740,1653,1418,1481,1845,1200,1837,1777,1682,1322,0,191525
2024-12-07,14907,50671,39326,24261,23623,27885,50958,28363,8729,28396,26819,25785,23947,16658,22890,20895,18841,28202,25957,28503,16924,947,2952,2597,1557,1603,1795,2673,1392,603,1968,1572,1507,1582,1022,1541,1473,1255,1581,1644,1659,922,1,168709
2024-12-08,13921,55645,33174,24647,24066,26427,50730,29645,8297,23117,29605,23777,21628,16786,21979,19141,17179,29000,25393,24942,19106,925,2904,2225,1711,1659,1716,2751,1498,528,1435,1896,1481,1363,1188,1387,1206,1070,1751,1647,1549,1152,1,122481
2024-12-09,14830,59741,37376,27234,26556,21420,56149,30829,9019,28672,29531,25318,23853,19111,20917,26024,15547,32457,26117,25242,21639,1135,3730,2446,1878,1837,1644,3143,1586,578,2062,2136,1747,1647,1519,1562,1947,1037,1852,1912,1722,1469,0,176162
2024-12-10,15672,57613,36355,27948,26925,23010,56155,27605,9534,27461,30134,26234,22911,17587,24422,25453,15727,32763,24447,24744,21932,1083,3492,2734,1926,1849,1647,3070,1505,611,1990,2114,1834,1628,1644,1622,1791,1001,1757,1895,1771,1460,0,179000
2024-12-11,16993,54935,38727,26274,30382,23033,52500,4417,10092,27321,30146,27073,24080,17843,23558,25654,16226,31161,25574,25366,21862,1106,3595,3034,1972,2083,1878,3064,1248,766,1824,2088,1932,1728,1416,1534,1797,1034,1647,1837,1783,1368,0,183711
2024-12-12,16495,58079,39918,26598,29561,28253,56362,12689,9398,27965,30205,26537,25790,17515,22766,25758,12872,33191,26131,25951,22254,1062,3432,2892,1951,2095,2331,3135,1430,693,1903,2081,1934,1895,1325,1673,1907,1027,1918,1970,1912,1371,0,181786
2024-12-13,16346,57184,38861,27912,30252,28337,55015,29771,9362,27719,29690,25811,24803,9205,22844,24964,16262,31669,27906,25393,23311,1121,3516,2645,2029,2122,1955,3078,1637,678,1889,1985,1622,1980,1210,1634,1715,1116,1754,2007,1650,1400,0,195347
2024-12-14,18360,49531,34791,28447,29735,27489,55857,28651,9853,26561,27895,25385,22599,16692,23525,24277,16741,32602,26141,24106,22686,1146,3022,2299,1932,2081,1962,2991,1483,668,1699,1858,1572,1407,1082,1673,1605,1090,1693,1714,1613,1261,1,191725
2024-12-15,17095,51533,32884,25456,30029,26326,46183,28661,8564,25682,27203,23974,23694,16267,18925,21379,17717,32445,23824,25193,20728,1033,2659,1968,1718,2064,1626,2304,1452,545,1538,1668,1548,1605,1034,1121,1359,1106,1607,1388,1644,1143,1,129174
2024-12-16,15775,59953,37403,27910,30970,27803,53667,30058,9096,28190,28797,26627,25233,17645,22397,26040,15131,32815,26274,26803,22328,1060,3850,3012,1860,1989,2056,3101,1618,678,1978,1822,1826,1945,1392,1685,1841,962,1800,1964,1869,1423,0,180859
2024-12-17,13929,64346,35194,27165,28737,28339,52853,29108,9935,25860,30227,25235,26711,17986,21589,25167,15814,31173,27195,25746,22681,910,3862,2222,1753,1901,1999,3162,1577,676,1949,2018,1584,2068,1414,1399,1811,1090,1768,2025,1702,1454,0,183203
2024-12-18,16071,61667,38417,26660,38514,28005,55304,30071,9460,28706,29923,25910,25647,17248,22202,25874,16413,36095,26096,26017,23630,1046,3830,2678,2047,2500,1843,3032,1546,672,1963,2134,1853,1755,1426,1430,1764,1097,2120,2065,1866,1423,0,186471
2024-12-19,16052,61719,37552,26391,37036,28503,55158,32431,9076,29008,29959,25943,24648,17624,23462,25506,16483,36259,25060,24974,24691,1031,3754,2412,1893,2339,2198,2964,1824,620,1932,2102,1680,1910,1478,1661,1772,1099,1958,1987,1843,1417,0,183668
2024-12-20,14478,64583,35741,26888,32542,28368,57858,33184,10031,28171,29809,26833,26096,17520,23984,23381,17380,34031,26425,25944,23615,975,3866,2760,1943,2266,1908,3049,1663,670,1910,2102,1742,1826,1421,1759,1722,1111,1979,1993,1665,1475,0,201442
2024-12-21,13655,53443,40650,26106,33772,27293,55574,31434,8984,27776,28814,25539,23973,18711,23348,19688,19685,30930,26783,25343,22709,943,3002,2914,1728,2256,1818,2892,1567,662,2052,1894,1654,1647,1205,1606,1384,1277,1596,1719,1682,1310,1,200235
2024-12-22,13928,53401,36664,25138,35015,25377,51257,33862,8840,25298,27082,24833,23622,16122,22340,19248,17870,29746,28496,25932,21036,947,2796,2292,1789,2367,1728,2820,1613,584,1558,1699,1596,1596,1130,1428,1187,1046,1619,1725,1621,1166,1,144218
2024-12-23,14604,64421,36226,27000,34074,28136,56391,34139,9420,26987,31144,25915,25875,17377,22282,26255,15793,32624,27894,25975,23106,945,3742,2525,1937,2254,1997,3147,1742,645,2064,2047,1836,1928,1375,1526,1878,1018,1837,1970,1852,1449,0,215069
2024-12-24,17789,58766,39118,27000,30989,27504,57853,32966,9347,27819,30126,26696,25760,17132,23332,25858,15952,33425,25889,25207,23993,1183,3410,2626,1872,2054,2287,3504,1632,649,2033,2047,1824,1764,1325,1502,1937,1022,1981,2056,1863,1434,0,225646
2024-12-25,13464,55328,34294,26738,31851,26495,48840,30572,8027,25698,26881,25289,22728,16160,20612,22661,17138,27168,28247,22908,22467,864,2981,2280,1734,1978,1722,2625,1495,543,1680,1704,1550,1476,1128,1445,1354,1205,1457,1650,1587,1187,1,196896
2024-12-26,14900,58310,39185,27357,32097,28191,51859,31207,9062,28633,30889,26053,25802,17740,24176,23863,16048,32211,26333,24687,23121,979,3538,2933,1860,2435,2028,3078,1584,609,1858,2102,1709,1968,1351,1678,1690,996,1858,1814,1751,1397,0,203928
2024-12-27,16923,58486,40687,25849,31939,28624,55812,32983,9154,28435,29356,26455,25899,17428,21869,26376,16628,34736,26407,26133,24172,1154,3936,2861,1893,2225,1920,3087,1723,626,2100,1961,1908,1839,1406,1370,1864,1082,2048,2002,1800,1509,0,207855
2024-12-28,16182,54250,38593,27595,34082,26676,51051,32378,10890,27427,27893,25969,24992,16866,22915,24004,17567,32041,26567,26034,22532,1048,2988,2503,2076,2554,1786,2684,1661,845,1762,1939,1661,1676,1171,1507,1594,1090,1665,1757,1719,1261,1,188175
2024-12-29,15184,51863,37708,26678,33047,25784,51341,33052,9364,22099,29241,24715,23739,15879,21530,20107,17622,34592,22559,23422,22347,987,2880,2450,1782,2440,1513,2943,1538,570,1450,1831,1490,1540,1027,1308,1286,1063,1826,1365,1319,1166,1,155040
2024-12-30,16666,57626,40141,28867,34081,27246,56550,31715,8984,28009,31218,26657,27264,16709,25324,22244,16113,34999,24054,25514,22262,1108,3437,2846,2049,2235,2016,3191,1632,674,1889,2074,1846,1951,1198,1692,1642,1030,1979,2013,1806,1428,0,207205
2024-12-31,14418,57013,38195,29824,31529,28560,49701,30983,9538,27153,30050,26213,24849,17270,22925,24839,16152,33295,25605,25776,21737,927,3475,2628,1960,1964,2237,2988,1697,762,1814,2059,1627,1922,1284,1589,1716,1049,1849,1860,1737,1348,0,217835
2025-01-01,16044,52637,34891,27229,28843,24348,53982,32933,8418,25423,27926,22895,25017,15883,20881,22256,17068,32527,23291,23281,21442,1014,2784,2172,1972,0,1572,2817,1730,522,1562,1740,1464,1607,1171,1342,1365,1063,1817,1552,1477,1204,1,105027
2025-01-02,15910,58950,39429,29094,137,28297,58657,32921,9536,27856,31397,25761,25070,17958,23516,25588,15565,34710,24529,25116,22905,1027,3588,2772,2112,0,2024,3366,1646,660,1865,1980,1841,1816,1512,1553,1734,948,1930,1956,1806,1472,0,171327
2025-01-03,16511,58924,38032,30186,0,27916,57163,33877,9221,27288,30939,26149,25166,17751,21785,27438,15106,36486,25408,27503,22184,1146,3828,2722,2243,0,1974,3256,1709,674,1889,2158,1692,1663,1493,1457,1914,1001,2042,1869,1918,1469,0,178945
2025-01-04,17131,53444,37499,28140,30887,26515,53972,32891,9106,27898,28590,24832,25155,16657,22076,24949,16317,33334,25072,24273,22846,1210,3010,2654,1778,0,1607,3049,1656,768,1754,1882,1570,1730,1114,1418,1636,1118,1731,1636,1616,1233,1,160552
2025-01-05,13915,52609,38669,26503,32553,24913,48493,32199,8598,26783,26903,24298,24776,15802,22789,19218,18137,32292,25492,25445,20386,948,2940,2326,1709,0,1638,2477,1618,522,1901,1867,1522,1549,1224,1361,1231,1075,1619,1682,1679,1161,1,117717
2025-01-06,15140,61371,38607,30019,30085,28393,54676,33477,9677,30281,31116,27187,26891,27659,209,38950,17453,35340,25510,25413,23846,1068,3641,2866,2181,0,2177,2916,1673,701,1932,2050,1994,2056,1889,463,3051,1133,1984,1823,1863,1489,0,175607
2025-01-07,15646,63136,36623,30234,27838,27357,59442,34106,9276,27734,30478,25507,25925,24839,0,41278,16715,36980,25838,26353,24160,1014,3698,2743,2170,0,1958,3208,1786,664,1985,2114,1802,1788,1718,0,2872,1130,2053,1990,1866,1489,0,169230
2025-01-08,15436,61737,39449,28723,32353,28601,55984,33797,9642,28228,31274,24821,26459,18282,21562,25570,16621,35995,26779,25110,24358,970,3475,2647,2077,0,2004,2982,1723,789,1937,2167,1834,2043,1399,1574,1784,1046,2039,1944,1780,1483,0,173191
2025-01-09,16466,67181,36755,31634,33075,27112,64477,36068,9703,28921,32423,25982,25905,17706,24892,24350,16643,39457,26587,27613,24460,1029,3782,2897,2049,0,2014,3544,1841,597,2006,2138,1697,2020,1363,1800,1789,1087,2212,2079,1901,1417,0,159054
2025-01-10,16748,67483,39137,30384,32665,27341,64220,39642,9478,29265,32414,26633,26213,17882,25104,24580,16840,39425,27488,27119,25554,1102,4006,2870,2120,0,2016,3418,1985,653,2021,2290,1786,1799,1594,1637,1774,1061,2143,2169,1924,1549,0,170803
2025-01-11,17890,60236,33914,31170,32866,25939,59657,34255,10553,26812,30302,24572,27009,16896,21854,25312,18318,35149,28181,26195,22849,1116,3238,2242,2106,0,2060,3082,1817,716,1826,1896,1603,1609,1128,1555,1524,1135,1754,1837,1665,1273,1,166626
2025-01-12,16371,56599,35418,28121,31069,23486,57018,34922,9192,26095,28368,24787,26112,15839,20914,24484,16368,34723,25516,25716,21273,1033,3053,2599,1964,0,1620,2901,1740,578,1598,1807,1615,1692,1075,1373,1511,948,1837,1777,1633,1204,1,124027
2025-01-13,16043,63416,38774,49304,31066,35819,61870,35792,9739,30756,31718,26402,28741,17993,24513,24312,16907,37323,26443,26798,22630,1223,3737,2606,3738,0,2577,3454,1843,714,2064,2251,1668,2091,1596,1781,1895,1135,1996,1993,1812,1477,0,174431
2025-01-14,15730,62653,38428,50152,28807,35251,57923,33263,10115,28787,31178,28099,27084,18530,23026,26461,17150,35923,23973,26054,22759,1000,3653,2623,3713,0,2550,3095,1764,801,2026,2100,2064,2112,1464,1534,1672,1116,1967,1875,1846,1385,0,176966
2025-01-15,14951,63982,37566,28933,31745,26624,58304,33385,9387,28027,30610,24934,27683,16963,22880,40554,313,36367,26209,26753,23386,991,3881,2669,2198,0,2047,3533,1706,710,1927,2150,1771,2170,1498,1644,2782,619,2100,1999,1797,1434,0,174152
2025-01-16,15983,62960,39827,29858,32110,26886,61320,34613,10460,28663,30895,26171,25750,17687,22913,43144,0,36596,25655,26178,23712,1052,4013,2784,2124,0,2024,3364,1788,772,2155,2165,1793,1926,1454,1490,2836,0,1964,1967,1806,1469,0,174276
2025-01-17,16253,60392,39817,28960,33595,27180,56607,33315,10397,28762,29975,27905,26242,18048,23941,26331,16660,34294,26224,26893,21379,1033,3756,2791,2145,0,1958,2980,1682,762,2023,2244,1932,2008,1289,1728,1812,1130,1967,1930,1872,1368,0,186923
2025-01-18,17541,55156,36619,31058,32269,27068,52903,33303,9499,29398,28399,26914,25915,17722,22228,25740,17599,35139,23341,24772,21829,1102,3091,2422,2068,0,1974,2972,1646,599,1906,1942,1673,1674,1214,1555,1668,1229,1809,1754,1719,1207,1,178260
2025-01-19,15250,55132,37212,26757,30770,24180,49897,32516,9324,24941,28988,24964,24001,15935,21803,21712,17801,34640,22079,22788,22146,1037,2959,2362,1699,0,1582,2661,1589,605,1615,1884,1553,1534,1099,1339,1306,1034,1869,1325,1299,1135,1,127862
2025-01-20,15511,61444,39497,29096,30650,28620,56045,32920,10125,30304,33376,28170,27091,19776,24920,24143,19580,34609,25355,25038,22728,991,3845,2522,2041,2218,2181,3078,1666,660,2018,2100,1903,1935,1543,1615,1747,1354,1924,1915,1745,1495,0,177649
2025-01-21,16362,61525,41081,29498,32104,30974,55868,32458,11184,30296,33101,30033,28088,20687,24233,26683,19539,33351,25770,26353,21883,1041,3818,2894,2072,2271,2085,3222,1831,789,2030,2280,2014,1922,1481,1680,2028,1274,1763,2010,1725,1477,0,178780
2025-01-22,17017,60850,41831,29975,32410,31362,57435,32663,10937,29847,33886,29571,26757,20666,27316,25098,19672,35355,24319,25069,22747,1181,3713,2839,2129,2319,2415,3007,1805,774,1949,2246,1949,1782,1632,1769,1916,1277,2010,1956,1866,1354,0,178633
2025-01-23,16808,58645,39503,29055,30129,29823,54873,30929,10774,28807,31727,27445,25906,18595,23863,26984,17919,34298,24006,24967,22065,1043,3737,2849,1872,2262,2225,3431,1637,749,2138,2467,1896,1922,1634,1673,1851,1109,1884,1814,1711,1428,0,179595
2025-01-24,15963,59533,38299,28639,29782,28276,54831,32928,10404,28252,31321,27418,25666,18900,26812,20230,19119,33188,25716,25797,21652,1010,3689,2674,1983,2160,2605,3078,1745,691,1884,2148,1783,2004,1690,1757,1515,1318,1858,1953,1786,1480,0,196146
2025-01-25,15566,55237,35629,30115,28551,28304,50067,32852,9564,25339,29918,24885,24827,17638,24279,22160,17136,30143,26906,25483,20446,1096,3101,2311,2024,1970,2122,2790,1711,626,1615,1910,1594,1659,1270,1627,1592,1152,1575,1754,1570,1230,1,171040
2025-01-26,20193,42797,38687,26732,27027,26188,45181,31047,9425,23027,27582,24768,21515,16531,22354,19371,18036,31565,23189,22730,21354,1156,2143,2302,1630,1859,1536,2306,1502,637,1476,1848,1505,1290,1078,1392,1196,1080,1699,1345,1293,1146,1,141896
2025-01-27,13341,55936,33925,27421,27029,26034,51122,31225,9391,24435,28705,23735,24312,16166,24379,18120,18200,32656,24611,25752,19734,914,3029,2126,1870,1749,1782,2803,1558,611,1507,1632,1459,1517,1082,1606,1164,1157,1682,1610,1642,1158,1,149727
2025-01-28,16153,52343,39576,26091,28295,24027,50472,33896,9073,24445,27538,23718,23354,15897,22420,22224,16891,35608,24250,24121,21410,1020,2986,2402,1741,1866,1588,2569,1675,547,1500,1860,1414,1463,1133,1337,1417,1039,1863,1552,1498,1158,1,98709
2025-01-29,17654,51419,37408,27182,27841,23511,51751,30524,9421,24723,27389,23004,25622,15251,20284,24376,17015,33402,25801,24498,21303,1144,2832,2246,1820,1920,1590,2667,1522,641,1658,1894,1373,1642,1104,1231,1561,1025,1835,1714,1607,1126,1,70765
2025-01-30,14916,56066,34890,28124,27850,23788,55709,31915,8356,26655,27946,24865,24507,15826,23223,21159,17267,33345,24377,25816,20312,1077,3012,2218,1855,1753,1601,2930,1589,534,1562,1894,1570,1594,1080,1486,1388,1030,1858,1676,1621,1103,1,112192
2025-01-31,14961,61597,41741,28653,28776,27705,60104,32909,9958,29716,28726,28258,26666,17840,24491,23504,18060,33520,26951,26002,22958,952,3629,3271,2031,2204,2277,3452,1721,691,2047,1906,1990,1951,1399,1586,1774,1212,2004,1855,1757,1486,0,190275
2025-02-01,15897,51215,38903,27491,28294,25402,56931,29754,9404,28356,29472,25220,25801,17278,24656,22200,17345,33173,24060,24950,21851,977,2938,2479,1943,1849,1868,3126,1536,662,1783,1826,1558,1724,1205,1538,1620,1070,1878,1731,1616,1256,1,143784
2025-02-02,16023,50816,35643,25796,26808,25471,51500,29650,8318,24739,28387,24256,23284,16496,21123,22941,17512,33003,22351,23017,21764,1150,2712,2261,1699,1878,1553,2682,1490,511,1538,1850,1526,1488,1123,1454,1536,1111,1716,1382,1276,1149,1,124639
2025-02-03,16935,61145,37162,28642,30284,27151,56769,36445,178,33866,30249,24878,27613,17395,25132,23045,18219,34884,26690,26795,22351,1091,3869,2760,1993,2239,2085,3487,1922,313,2304,2100,1690,2147,1512,1745,1557,1447,1924,1898,1696,1394,0,175052
2025-02-04,17082,63778,38294,30395,30755,27471,59431,39818,0,34664,31336,25603,26551,17368,25098,25851,16743,37535,27081,27825,23619,1094,3794,2767,2179,2110,2004,3203,2100,0,2400,2107,1726,1880,1322,1670,1910,1181,2100,2082,1990,1414,0,163482
2025-02-05,15235,66218,38759,29682,31110,28178,59093,37750,9453,28064,32322,25232,28147,17473,23857,25098,17472,37860,28228,25949,24973,995,4010,2604,2118,2231,2079,3258,2002,703,1999,2208,1754,1953,1414,1783,1630,1214,2094,1999,1956,1469,0,167247
2025-02-06,17222,64035,37738,30377,32015,26797,58274,36254,9696,29915,31421,25496,26974,17504,22522,28134,16558,37790,26733,26154,24688,1213,3883,2645,1987,2400,1955,3212,1826,701,2057,2167,1872,2160,1399,1529,1964,1262,2039,1950,1860,1417,0,169562
2025-02-07,15565,67367,36921,30567,31526,26433,58858,37535,10260,29391,32276,25007,28965,17363,24481,26662,16142,38616,27374,26646,25910,1123,3835,2950,2037,2415,1951,3124,1901,745,2114,2201,1742,2202,1373,1879,1715,991,2120,1915,1884,1541,0,194657
2025-02-08,14394,64888,36339,31307,33547,27357,55833,38843,9657,27965,30264,24739,28753,17459,22732,23862,19076,35924,27876,25492,24785,1100,3427,2628,2187,2335,1907,2794,2062,620,2030,1834,1625,1978,1284,1488,1490,1258,1892,1829,1500,1354,1,200481
2025-02-09,14130,59176,37284,26982,31052,23356,57117,35951,9742,23497,31151,24092,26562,15757,22882,20886,17609,32823,27562,24378,23185,970,3396,2347,1824,2026,1473,3018,1826,612,1510,2030,1406,1697,1272,1500,1400,1109,1814,1774,1440,1331,1,127454
2025-02-10,15218,66324,44814,6586,46448,27945,58776,35818,9333,29016,31946,25067,28394,17340,23842,25639,17356,37057,27681,26238,23810,1056,3943,2902,1928,3900,1987,3057,1778,693,1968,2105,1646,2170,1313,1817,1741,1214,1953,2108,1725,1443,0,177398
2025-02-11,17651,63260,44149,0,54434,26765,60519,35115,10206,27965,32941,25972,29818,18083,23810,24552,18151,36007,26150,25444,23918,1073,3888,2909,0,4078,2026,3460,1776,816,1891,2290,1843,2118,1615,1594,1874,1178,1996,1976,1886,1385,0,179756
2025-02-12,15941,62617,38434,29975,31680,26901,58663,32794,10412,29995,31926,26891,28122,18228,25471,24814,17726,35801,26767,27804,23259,1116,3802,3110,2072,2298,1928,3414,1757,847,2184,2285,1886,2124,1363,1932,1659,1248,2056,1990,1860,1449,0,178437
2025-02-13,16368,62486,38797,30074,30197,26684,57176,35561,9202,28384,31356,24448,28971,16782,22665,26715,16161,34306,26691,25054,23977,1162,3811,2549,2177,2112,1818,3214,1889,588,1906,2023,1613,2175,1495,1488,2033,1066,1872,2025,1855,1417,0,178519
2025-02-14,15975,62169,37910,29603,30051,25884,58233,33668,10140,29423,30680,26053,28058,17584,23113,28489,15491,34023,25711,24198,22878,1054,3936,2736,2122,2325,1705,3168,1855,682,2218,1970,1951,2033,1478,1562,1932,986,1806,2056,1780,1449,0,194975
2025-02-15,17008,55910,35169,29212,31035,26645,49981,32063,10886,29507,30920,25798,28651,18722,22344,24516,18685,32208,24348,23146,22693,1058,3187,2304,2028,2091,1726,2815,1598,682,1870,1949,1608,1878,1440,1406,1603,1274,1642,1570,1368,1279,1,176899
2025-02-16,14604,52828,34658,27450,29360,23353,48719,30749,9928,24095,30181,25157,24952,16252,23645,21986,16222,28811,24531,24008,19104,1006,2851,2383,1763,1964,1494,2815,1668,647,1670,2066,1555,1626,1202,1466,1457,965,1734,1659,1449,1135,1,139600
2025-02-17,18556,61166,40066,28176,31387,26466,55498,31846,9513,27643,32343,24794,25223,17967,26459,22309,16714,33851,25749,25703,22594,1135,3799,2738,1841,2310,1757,3107,1613,662,1898,2398,1651,1676,1289,1855,1611,1169,1840,1826,1731,1403,0,177002
2025-02-18,18506,68642,36283,30719,31069,27583,57818,34927,9473,27604,30909,25864,26402,18133,23418,24828,17699,34322,26800,26060,22980,1225,4092,2506,2356,2254,1924,3308,1906,612,1884,2064,1634,2035,1548,1704,1728,1188,1794,1872,1771,1472,0,177454
2025-02-19,16461,67555,39588,29834,30649,27783,56215,34868,9719,28801,30075,26706,26725,17771,22448,27539,17070,34224,27470,25246,23952,1052,4027,2738,2175,2346,2077,3097,1913,687,2095,2050,1846,1757,1409,1512,1947,1174,1748,2065,1791,1469,0,177737
2025-02-20,15607,63915,43887,30316,30505,27830,57211,34269,9883,29226,31244,25201,26237,18157,23921,26330,16180,31559,29316,26212,23852,1037,3934,2935,2147,2070,1926,3212,1759,735,2040,2100,1834,1692,1543,1649,1772,1037,1840,2076,1814,1403,0,179319
2025-02-21,16746,63049,38694,34724,31167,27717,57825,33524,9370,29420,30925,24339,27191,18296,25309,24990,15975,35766,27188,25804,23869,1050,3782,2741,2356,2352,2097,3191,1754,622,2177,2112,1757,1884,1476,1848,1795,1013,2065,2033,1826,1394,0,197830
2025-02-22,16896,54916,39016,28173,30291,26016,54836,32494,10089,28275,29544,24308,26279,16514,25175,24371,17204,33368,25243,24878,22341,1135,3082,2832,2124,1845,1644,3126,1558,741,1841,1733,1666,1811,1121,1634,1659,1174,1889,1765,1575,1247,1,180195
2025-02-23,14856,55000,38424,26758,29763,24351,50017,33759,8998,26624,28035,25292,26379,16768,23248,21865,18253,34237,23780,24839,22664,996,3254,2479,1820,1983,1549,2713,1745,601,1649,1704,1606,1768,1303,1687,1453,1166,1832,1803,1547,1362,1,163862
2025-02-24,15251,63313,39491,29555,30928,27705,56664,38587,11387,30247,28096,26111,27636,18249,23605,25042,17557,35891,25941,26031,23542,1014,3528,3122,2108,2287,2028,3091,2004,816,2184,2050,1891,1970,1632,1649,1657,1217,1979,2036,1800,1469,0,179203
2025-02-25,15782,59708,38739,29053,29330,26577,57944,37001,11814,33259,28482,26422,27082,17344,23036,27656,15460,33765,25285,25544,22384,1002,3799,2599,2012,2216,1749,3116,2057,737,2268,2237,1922,1820,1464,1538,2085,1025,1829,2022,1771,1423,0,185005
2025-02-26,15151,62072,34620,30191,31603,26672,54054,32446,9469,34729,30677,26708,28978,18472,24528,23077,18125,30994,25925,24083,22469,948,3706,2532,2172,2266,2170,3064,1711,649,2158,1985,1975,2210,1426,1812,1536,1181,1644,1935,1696,1400,0,189461
2025-02-27,15265,60665,35575,29306,30677,26432,54116,31761,9836,30049,32889,27478,28139,18215,23955,40980,312,30808,25086,22769,22309,1020,3557,2518,1866,2331,1960,3237,1747,682,1889,1985,1843,2102,1464,1750,2757,634,1852,2053,1728,1454,0,185347
2025-02-28,14484,56660,34802,28447,30611,27722,44542,27188,9832,28976,26130,30421,26994,17716,24286,22987,16634,29355,22159,22044,20048,981,3725,2693,1797,2235,1795,2771,1615,808,2026,1884,2045,1803,1322,1865,1599,1135,1561,1607,1558,1201,0,206357
2025-03-01,13652,48521,34450,26977,27942,26032,40991,26989,9144,28452,23632,26191,21984,18073,20626,21010,17819,27279,21195,20666,18716,812,2779,2318,1880,2018,1642,2454,1519,609,1752,1356,1606,1605,1198,1406,1317,1157,1578,1411,1333,1022,1,166439
2025-03-02,14475,44843,36319,27369,30055,25795,42068,23191,9871,25721,25493,24632,22489,16996,24173,17726,18770,23258,22154,23844,15265,858,2635,2330,1859,1933,1795,2458,1411,649,1627,1574,1622,1461,1327,1562,1204,1234,1371,1636,1570,1005,1,133180
2025-03-03,15153,49731,36626,26822,28801,25429,44955,28903,8219,27526,26940,23462,22425,16831,21160,22177,15524,30597,22309,24131,19680,1064,2921,2546,1910,1797,1776,2536,1553,540,1886,1766,1493,1503,1174,1493,1334,1056,1754,1552,1604,1143,1,132592
2025-03-04,16549,55577,37467,28595,28682,28245,49744,31215,9264,29275,27713,30199,26483,18350,32121,214,28867,33139,24088,25472,21576,1106,3646,3091,2037,2229,2085,2857,1630,705,2066,1886,2062,1814,1486,1975,507,2246,1935,1852,1820,1371,0,176859
2025-03-05,16572,74723,329,44550,29860,28516,48092,29657,9583,28024,28333,28708,28249,20718,30682,0,31214,31940,23661,23525,21278,1108,4577,665,3018,2185,2047,3020,1646,755,1862,1896,1915,2024,1745,2122,0,2290,1731,1829,1716,1284,0,188448
2025-03-06,16522,55078,36860,28346,29908,29342,45466,29958,8972,28123,26936,25933,29518,20840,25559,25101,16998,31257,22971,23190,20922,1144,3382,3305,1880,2154,2227,2934,1579,657,2045,2028,1661,1937,1591,1714,1716,1159,1889,1774,1619,1308,0,192462
2025-03-07,16901,54199,35321,28828,29845,27896,49121,30008,9538,28707,25040,27084,26236,19486,27445,24196,16140,30684,24078,24225,19959,1083,3334,2674,2148,2317,2051,3093,1625,737,2153,1702,1922,1897,1421,1829,1688,1121,1748,1800,1768,1279,0,202071
2025-03-08,16485,48718,34376,28527,28829,27363,45775,24701,9511,29149,24840,24669,24826,18340,22451,21403,17611,28255,22632,22744,18500,1112,2986,2578,1918,1893,1905,2751,1397,655,1860,1817,1555,1690,1382,1462,1430,1164,1495,1627,1584,1100,1,181754
2025-03-09,14670,45485,35390,25565,26725,25027,42817,28716,8710,26627,22181,24699,23238,16505,23508,19054,17690,26406,22745,22266,17193,937,2837,2299,1761,1907,1709,2502,1481,572,1738,1318,1579,1588,1157,1490,1246,1116,1460,1460,1443,976,1,138973
2025-03-10,18028,52918,36453,29095,28571,27619,51393,29422,9982,28708,26501,27641,25139,17881,24893,21659,18125,30614,22380,22594,20858,1240,3319,2842,2273,2008,2125,3003,1591,682,2086,1726,1949,1824,1277,1680,1703,1318,1679,1711,1627,1308,0,189684
2025-03-11,18875,50951,34137,29666,29152,29794,45238,29021,9782,29189,26459,27465,25263,18982,25319,27510,18787,29737,22342,23337,19608,1119,3281,2347,2179,2325,2056,2824,1654,739,2021,1771,1769,1884,1699,1766,1841,1291,1636,1742,1633,1261,0,195209
2025-03-12,18985,48785,37133,29679,27636,28332,47741,24790,9582,28780,26636,27583,25490,17398,26662,27230,18476,28855,20993,22409,19186,1129,3382,2530,2116,2062,2356,2788,1524,674,2155,1894,1990,1964,1267,1738,1841,1411,1593,1593,1613,1238,0,193028
2025-03-13,9189,48209,42660,15064,27745,32088,49771,24601,9976,28872,25224,27322,24641,18036,23094,23253,17564,25332,21121,22830,17715,996,3427,2527,2172,2187,2185,3149,1534,705,2069,1826,1922,2116,1310,1670,1828,1210,1515,1644,1642,1253,0,192865
2025-03-14,0,51460,43382,0,28781,33158,52854,25099,10596,28242,25103,27339,24520,18671,22665,23272,17021,28208,21680,22648,19795,0,3242,0,0,2291,0,3091,1435,806,1982,1781,1918,1722,1438,1505,1651,1301,1526,1578,1500,1296,0,207422
2025-03-15,0,42050,43946,0,27460,31157,43144,25538,8700,26247,26480,24819,23807,15932,23215,22583,17413,23514,22406,23652,18235,0,2513,0,0,1947,0,2481,1442,586,1714,1697,1524,1548,1087,1579,1501,1171,1532,1486,1544,1178,1,176548
2025-03-16,0,43483,41425,0,27442,31519,42609,25408,8552,26696,20825,26580,23619,14500,22812,19806,17475,27071,22480,26331,15503,0,2686,0,0,1730,0,2436,1608,574,1754,1241,1594,1465,910,1409,1288,1133,1449,1572,1506,878,1,130073
2025-03-17,0,54306,36563,0,29439,29136,54826,31142,9916,28466,23968,29096,26078,17894,23209,22576,16544,29832,24531,25921,19243,0,3386,0,0,2269,0,3089,1531,824,1951,1526,1966,1912,1301,1620,1622,1116,1621,1780,1673,1164,0,188046
2025-03-18,0,56647,42745,0,29143,31050,52129,31773,9518,28970,26537,27731,24051,18437,24600,20974,18223,31403,24368,25009,20856,0,3264,0,0,2319,0,3135,1627,682,1966,2042,2093,1826,1426,1675,1557,1318,1760,1760,1924,1382,0,183541
2025-03-19,0,59606,39450,1892,40777,30912,49286,30831,9395,28456,27830,27800,26216,17288,25753,24176,15964,30715,23856,26633,18239,0,3593,0,314,3201,811,3057,1642,653,1997,1807,2203,1832,1522,1747,1703,1114,1788,1760,1734,1158,0,190613
2025-03-20,23852,55430,39857,4704,55125,28728,33836,30028,10137,29398,26257,27712,25284,17384,25127,24294,16514,29355,22347,23890,19115,2258,3295,1031,358,3120,893,2131,1562,726,2071,1805,1932,1891,1294,1735,1941,1152,1751,1774,1647,1391,0,193186
2025-03-21,27233,51199,44101,6298,45267,32531,29046,24669,10191,27182,25481,27272,25602,17125,24658,22849,17090,22895,24125,24619,15933,2150,3139,991,504,2897,898,2049,1414,899,1800,1711,1882,1789,1303,1723,1611,1169,1417,1659,1624,1092,0,209931
2025-03-22,26194,46432,39800,5777,43279,28554,29456,23572,9577,27719,24914,26574,24396,16711,24721,21333,17383,21017,23144,23835,15480,1828,2897,1002,473,2586,756,2095,1466,616,1841,1702,1795,1578,1272,1733,1492,1236,1302,1575,1454,1100,1,189910
2025-03-23,24123,40499,40021,3037,44283,31313,26451,21395,8660,26104,21867,26816,23328,14861,23836,19307,17390,22053,19955,23378,15704,1736,2597,973,228,2700,689,1818,1229,622,1622,1284,1625,1540,1022,1411,1265,1109,1310,1428,1431,1068,1,141366
2025-03-24,27846,49544,36229,4895,48453,28316,28029,23306,9818,27758,25999,28330,23971,17864,22780,25334,15805,23207,22387,24331,16486,2156,3439,1062,475,3266,982,2043,1394,676,2074,1702,1999,1799,1421,1634,1862,1013,1529,1544,1449,1117,0,188185
2025-03-25,27225,48387,40131,2060,48368,30047,28097,24280,9926,28952,25210,30000,24526,18806,25489,23674,16741,24244,21799,23680,17355,2110,2909,1056,218,3314,953,2085,1476,714,2203,1862,2006,1928,1457,1894,1615,1078,1555,1486,1572,1331,0,191642
2025-03-26,27038,49955,43544,2266,46898,33666,27653,24238,9518,28210,25859,28232,22785,18460,24163,24521,15908,22091,23681,23409,17036,2049,3214,918,218,3147,1027,1926,1517,714,2066,1754,1992,1542,1464,1666,1778,1130,1426,1604,1475,1293,0,196690
2025-03-27,28551,48785,45200,2914,42936,30368,27910,23827,8998,27100,26528,27721,22864,17401,24167,23790,15818,21732,24165,24426,16252,1935,3108,889,223,2665,1073,2269,1382,601,1970,1910,1937,1910,1301,1956,1584,1116,1426,1763,1572,1092,0,188424
2025-03-28,26450,49909,40609,2663,44284,30041,29395,23190,8985,29052,25693,26416,23634,17891,23019,24117,16530,23865,24703,23474,17094,1933,2986,931,204,2771,1044,2187,1390,716,2129,1721,1987,1753,1349,1488,1588,1058,1526,1797,1475,1094,0,206037
2025-03-29,26490,46751,43784,2813,44446,32414,27853,27272,8194,27639,22267,27039,21822,17549,21734,23236,16686,25957,23735,23635,18234,1782,2786,1033,197,2675,943,1872,1505,643,1752,1498,1675,1446,1188,1572,1469,1114,1434,1682,1449,1155,1,186864
2025-03-30,23999,42971,40504,2743,48703,30192,26468,27872,7410,25508,22586,25364,21094,15807,22687,20407,16023,25864,23615,24286,17022,1590,2623,1018,187,2776,888,1761,1418,444,1738,1418,1522,1336,1138,1574,1348,1121,1362,1512,1420,991,1,138963
2025-03-31,27903,49589,38324,2714,50610,28478,27063,28618,8964,28747,24251,26888,24756,17471,23074,23093,17363,28524,23050,24224,18343,2066,2938,1075,230,2949,1056,1997,1526,657,2052,1620,1973,1678,1260,1622,1834,1219,1558,1728,1702,1140,0,190087
2025-04-01,25791,52060,42746,6127,51254,31943,25962,26203,9261,27859,23406,30968,23473,17800,23364,24056,16218,26227,22141,25614,17300,2001,3420,2335,1816,3249,1375,2060,1558,703,1910,1714,2066,1847,1274,1572,1716,970,1408,1653,1771,1089,0,191871
2025-04-02,28185,49887,44655,2551,46409,33779,27436,24402,9222,26830,26214,26552,23931,17232,24006,23444,15595,27654,22377,22080,19930,2008,3218,1002,218,2876,1073,2104,1562,699,2083,1810,2148,1697,1306,1594,1680,1039,1466,1644,1803,1290,0,192024
2025-04-03,23123,52193,40847,9602,44000,30638,34771,23279,9691,28308,25066,26648,24544,17713,22819,22347,17745,25457,22047,21691,19518,1757,3362,2400,2118,3254,1715,3018,1430,612,1874,1790,2057,1755,1435,1567,1630,1222,1472,1670,1837,1279,0,190949
2025-04-04,14885,52243,35749,28918,30204,26923,49216,24061,9348,28417,22999,29183,23825,17012,25362,22671,15625,26123,21540,24649,17652,916,3542,2578,2166,2051,1764,3252,1500,632,2021,1814,1990,1880,1248,2006,1513,1042,1515,1526,1524,1089,0,205353
2025-04-05,16048,43490,39105,25689,27952,25993,43426,22913,9252,27821,20962,26579,23044,16420,25267,21065,17157,20372,22829,23795,15433,1014,2590,2489,1699,1826,1676,2590,1294,649,1769,1327,1762,1670,1193,1594,1448,1135,1236,1572,1359,913,1,172413
2025-04-06,13848,44108,33654,26178,25604,24859,42016,20612,8427,24389,22225,25723,21973,15469,22377,20411,15991,19639,21795,22491,14846,1014,2621,2311,1766,1824,1667,2452,1248,547,1577,1562,1541,1336,1061,1567,1317,1030,1356,1423,1391,1037,1,146565
2025-04-07,15053,52296,33985,28256,27736,26358,51496,23633,9011,27452,24756,27586,24926,17446,23470,24263,15071,23773,22055,22670,17765,918,3175,2460,2124,2294,1874,3274,1373,626,1841,1639,2074,1780,1270,1610,1874,931,1521,1581,1696,1284,0,191591
2025-04-08,16619,46940,38273,27712,27849,27805,45827,22720,9223,26642,25321,27386,24145,18046,23065,23587,17233,23593,21645,22036,18662,1087,2789,2731,2191,2041,2175,2803,1438,618,1877,1728,1850,1803,1459,1733,1786,1226,1446,1751,1475,1310,0,193774
2025-04-09,14508,48728,40289,26992,28318,26536,46695,22454,9927,28910,23149,30409,22840,18188,23987,24816,15290,22647,22164,24149,16857,925,3067,2760,1843,2195,2014,3149,1418,695,1968,1579,1942,1776,1421,1709,1722,1073,1380,1616,1521,1089,0,194880
2025-04-10,14673,49724,36352,28166,27420,28566,42866,22622,9053,28004,25085,26255,24457,18280,24602,23681,15560,23994,21936,23446,15847,966,2926,2753,2172,1968,2277,2784,1445,572,2064,1745,1886,1799,1255,1721,1736,1128,1549,1581,1463,1063,0,193773
2025-04-11,16046,48300,37939,28484,27010,27936,44919,23311,9203,27424,24904,27054,23688,17704,24009,24020,15552,24260,22129,23862,15888,1064,3228,3228,2129,1993,2076,2847,1404,714,1930,1694,2035,1745,1238,1831,1695,1085,1616,1526,1449,1051,0,207555
2025-04-12,14775,44042,39083,26046,26112,25873,44162,21614,8928,26328,21223,27506,20913,17149,24485,21841,16790,20586,22018,23863,15442,1002,2556,2520,1916,1872,1703,2734,1356,549,1637,1382,1716,1478,1178,1512,1490,1054,1279,1552,1377,953,1,172154
2025-04-13,16601,40465,34924,26031,25247,25408,40202,21426,7475,24908,22024,24721,20358,16553,20063,19800,16848,23208,19979,21575,16425,1004,2462,2311,1809,1793,1682,2304,1394,478,1536,1284,1658,1265,1087,1289,1315,1049,1342,1377,1443,1031,1,130489
2025-04-14,18162,52519,35511,27310,28333,27923,45620,23526,8394,28502,24509,26169,22302,18042,24047,23114,15467,28377,22726,22419,20652,1204,3466,2789,2024,2164,2172,2792,1459,703,1927,1822,1831,1638,1416,1687,1636,994,1616,1676,1650,1348,0,177520
2025-04-15,16891,50356,39026,26231,27719,27521,49010,24257,8704,29203,21983,28772,22692,19590,25697,22220,15515,25024,22830,24060,18802,1083,3218,2755,1836,2160,1943,3247,1358,778,1865,1606,1997,1636,1493,1975,1534,943,1411,1668,1500,1348,0,190577
2025-04-16,23492,45329,39925,25868,29563,25949,49361,24199,8960,27704,22847,29099,24979,21851,22478,24083,15803,22996,22090,24834,16922,1469,2818,2952,2014,2148,1985,3318,1529,737,1930,1925,2040,1743,1488,1548,1720,1030,1469,1630,1538,1115,0,195486
2025-04-17,23770,46384,38434,27403,27319,28604,46475,22873,9094,27495,24042,27035,24443,17468,23324,23457,15795,22925,21826,21313,19162,1452,2935,2827,2068,2102,1980,3212,1502,649,1985,1733,1874,1770,1294,1661,1599,1082,1449,1466,1431,1316,0,188290
2025-04-18,17809,48649,38628,28321,29394,26501,46736,22842,8773,26920,23620,30150,24407,17152,22871,24427,15525,23178,23196,24696,17285,1235,3146,2705,2131,2191,1874,3078,1414,707,1934,1966,2028,1941,1248,1654,1707,1037,1518,1624,1587,1382,0,201987
2025-04-19,18016,44866,37141,26195,27219,26319,44358,21110,9025,26434,22336,27332,23575,16485,23422,20872,18038,22267,21293,22945,17190,1162,2714,2294,1882,1784,1805,2855,1270,588,1800,1483,1711,1576,1200,1524,1457,1183,1431,1500,1500,1152,1,176416
2025-04-20,15357,39948,35956,23560,28120,22824,38624,19820,7997,25984,20300,27589,19194,15326,24384,19138,16364,21325,18724,23831,14301,1027,2422,2364,1565,1874,1655,2248,1291,495,1630,1193,1651,1359,1068,1500,1400,1044,1212,1380,1388,881,1,128637
2025-04-21,15628,48496,38489,29275,27329,28237,41065,22319,8638,27811,24169,26921,23443,17044,24533,23748,15389,24162,21519,21229,19191,1064,2947,2945,1941,2106,1991,2703,1402,637,1910,1603,1846,1782,1358,1865,1695,1022,1431,1624,1538,1313,0,189616
2025-04-22,13968,46525,46648,26527,27571,25542,45809,20881,8844,28425,23156,27459,22822,17877,23102,23573,15563,21840,22525,21364,18519,910,3185,3007,1962,2100,1801,3243,1308,589,2093,1678,1898,1659,1308,1644,1667,1078,1498,1768,1526,1273,0,174211
2025-04-23,15297,48744,37884,29499,27227,27245,42132,22202,8433,26247,25496,24526,23547,17833,23483,23090,15681,20932,23888,21480,18342,983,3154,2647,2145,1958,2225,2600,1450,557,1858,1651,1910,1699,1349,1598,1693,1087,1728,1728,1466,1313,0,192540
2025-04-24,14734,49454,39443,29978,27048,25881,46464,21826,9177,25708,24639,27787,23578,17940,23368,21832,17136,22671,22001,22871,18246,954,3446,2534,2289,2287,1935,3116,1433,760,1783,1634,1802,1820,1243,1663,1492,1186,1526,1627,1526,1279,0,192443
2025-04-25,16900,48428,36596,34320,28078,28107,43444,22730,8759,27271,23885,26716,24361,17139,22921,22312,17605,22724,21994,22130,18438,1221,3034,2681,2241,2241,2064,2640,1375,614,1934,1812,1886,1766,1270,1550,1488,1366,1463,1500,1454,1282,0,206890
2025-04-26,17028,42941,36467,32337,26753,26479,42168,22759,8992,25011,22692,27359,22409,17227,23652,21104,17219,19067,24041,22783,16716,1075,2700,2486,2137,1853,1757,2692,1404,682,1675,1435,1865,1476,1354,1697,1544,1289,1247,1691,1423,1192,1,184732
2025-04-27,15174,40265,35681,25678,26064,23767,38652,20586,8441,23266,21743,25652,22256,14924,22691,18909,17071,19266,22055,21624,16604,935,2390,2347,1955,1834,1594,2383,1296,584,1500,1397,1546,1461,1082,1394,1244,1097,1236,1440,1417,1092,1,137894
2025-04-28,15871,50063,35293,27871,30091,26826,48016,22667,9045,26722,25490,27441,23565,17572,23316,23278,15637,22612,22896,22970,17424,996,3218,2558,1922,2118,2022,3189,1418,605,1898,1721,1990,1799,1318,1606,1761,1078,1590,1702,1440,1233,0,195402
2025-04-29,15381,49532,34206,28578,35702,30037,44561,22081,8476,27667,24952,27433,23725,17701,24140,23320,16207,20400,23704,23613,17102,1006,3091,2614,1933,2381,2089,2784,1368,626,2110,1680,1975,1697,1229,1622,1628,1056,1328,1719,1480,1287,0,193362
2025-04-30,14049,53135,33693,29360,32639,29588,43578,22818,9147,26816,23046,31130,22530,17311,22906,24047,16550,22962,22612,28413,13478,906,3288,2410,2035,2269,2066,2767,1550,708,1759,1680,2194,1841,1222,1620,1713,1162,1469,1570,1806,1031,0,202336
2025-05-01,14380,48748,35890,27303,27892,25872,45222,22051,9384,25987,24370,26516,22669,16668,22207,22411,17065,19800,24858,23980,15688,958,3197,2462,1949,1901,2131,2809,1279,607,1632,1519,1788,1743,1291,1630,1469,1236,1319,1665,1423,1002,0,167202
2025-05-02,15934,46401,41818,25940,26926,26027,44885,22737,8910,27443,21820,27814,24805,16085,23573,22691,16319,21399,23323,22116,18683,1027,3046,3144,1715,2104,1755,2899,1435,668,1807,1354,1848,1851,1222,1613,1605,1104,1414,1489,1466,1290,0,219304
2025-05-03,15998,44085,34599,27055,26445,25409,44077,21330,7559,25154,22933,26888,21866,17018,20369,23334,16630,22329,22119,22783,16963,1054,2628,2328,1670,1718,1720,2924,1344,505,1649,1457,1752,1501,1229,1493,1715,1097,1385,1590,1428,1149,1,162253
2025-05-04,15414,43157,33370,26463,25543,24341,43980,20341,7689,24965,20700,25490,21639,14683,22643,19852,15470,20644,21480,22084,15443,1014,2450,2191,1926,1786,1569,2579,1270,484,1644,1339,1558,1338,996,1481,1332,934,1250,1368,1414,1045,1,154945
2025-05-05,14229,42156,35926,25560,26053,24462,42487,21726,8181,23211,21848,25060,20867,15052,21916,20593,14469,19421,22333,22897,13664,899,2698,2417,1651,1653,1571,2425,1260,540,1481,1433,1478,1288,941,1325,1286,953,1149,1325,1308,827,1,155810
2025-05-06,12902,45657,34255,25093,25659,25933,39084,20497,7416,24428,23467,24225,20965,15328,23740,18432,13758,19968,22040,23466,14049,833,2674,2170,1594,1711,1851,2269,1248,480,1543,1438,1397,1331,1164,1500,1188,845,1247,1328,1431,858,1,144803
2025-05-07,17028,49168,34558,27687,28033,30526,44368,22493,8237,27201,23485,28498,22582,17189,23687,22728,15253,22352,22175,23921,17170,1148,3276,2698,2014,2158,2083,2772,1452,582,1939,1901,1956,1736,1284,1630,1594,1001,1477,1693,1682,1322,0,199401
2025-05-08,15409,49322,34270,29019,27113,31919,45977,23192,9240,27145,25167,26787,23870,16972,22760,23048,15646,23072,22390,20551,19343,975,3190,2609,2172,2148,2356,3007,1447,707,2018,1730,1889,1738,1378,1483,1555,970,1483,1668,1385,1296,0,193287
2025-05-09,14482,48545,35657,27813,28111,29681,44895,21983,8184,29453,22868,27573,22419,17323,22234,23216,15685,23487,21689,22551,17137,927,3199,2566,2095,1972,2024,2907,1418,576,1858,1673,1841,1690,1236,1584,1580,1039,1535,1757,1644,1287,0,190637
2025-05-10,14372,46120,34882,26783,26399,25848,45530,22325,8479,24329,24437,26108,23268,15784,24178,21156,16599,21212,21190,21216,17711,945,2770,2174,1797,1862,1912,2632,1322,624,1699,1512,1920,1571,1099,1810,1509,1102,1351,1368,1310,1138,1,197031
2025-05-11,13456,40455,37470,25287,24863,23982,40558,21956,7330,21838,23635,24450,21856,15376,21707,21402,14290,18897,22632,21926,14516,814,2414,2537,1636,1690,1728,2333,1267,476,1459,1471,1519,1348,1056,1356,1288,883,1189,1492,1316,933,1,156516
2025-05-12,15203,50560,36939,27271,27259,27427,48426,22777,8842,27437,26002,38582,208,27123,25262,23976,15459,23577,21864,23604,17969,1060,3350,2606,1962,2125,2118,2978,1394,609,2059,1841,2587,420,2198,1841,1720,1078,1578,1619,1509,1382,0,195250
2025-05-13,13824,49878,46979,11330,35523,26532,50656,22853,7722,28957,24316,41381,0,29411,23352,24491,20436,22861,22109,23859,17422,962,3223,3650,1304,2477,2106,3099,1462,570,2006,1601,2758,0,2522,1632,1935,1361,1475,1552,1616,1169,0,193416
2025-05-14,15512,49690,34640,30822,27924,27653,48359,22351,9338,28147,23483,31109,25275,17528,22216,28317,20516,23599,22186,24154,17957,941,3168,2798,2371,1930,2202,3166,1601,699,1862,1656,2266,1949,1195,1577,1868,1200,1500,1512,1570,1207,0,196796
2025-05-15,14351,49145,41427,27521,28265,28426,41491,21459,8070,29731,22264,30057,26324,16723,24032,29591,17638,22962,23191,23931,18112,927,3209,3103,1814,2246,1976,2700,1255,637,2026,1562,1997,2106,1253,1678,1908,984,1498,1737,1532,1164,0,192272
2025-05-16,14444,50006,39562,27986,28566,26536,48297,21582,8760,27832,23061,28286,26060,16489,27242,25380,15347,22426,24189,24944,16699,929,3283,2868,2237,2102,2070,3224,1270,601,1937,1574,2026,2008,1217,1836,1692,1025,1515,1705,1630,1172,0,200704
2025-05-17,15624,44204,39095,26812,27976,28132,39425,22272,8676,26499,22036,29274,23699,15686,28335,21397,15851,23468,21606,25043,16433,1112,2750,2566,1768,1939,2079,2323,1445,609,1740,1471,1841,1569,1118,1740,1467,1049,1521,1572,1529,1201,1,184454
2025-05-18,13739,44652,34583,26449,26147,24877,39360,21455,7471,24216,20057,26443,23671,13988,21225,22247,14195,19931,21842,23528,14766,831,2573,2381,1908,1763,1619,2408,1258,474,1486,1231,1711,1523,1003,1406,1367,926,1256,1526,1472,1028,1,144010
2025-05-19,12948,51049,40131,28498,27492,26428,49440,23907,9408,25591,24062,29113,27044,17306,22626,24134,16303,23501,23082,25136,16829,891,3187,2990,1903,2331,2124,3329,1548,649,1942,1579,2054,1893,1222,1541,1907,1178,1524,1740,1575,1175,0,188146
2025-05-20,13397,53062,38846,29606,29826,27720,47075,24385,9943,27089,24190,29988,32574,18334,23434,25504,15968,24731,24538,28566,16572,887,3478,2765,2068,2456,2204,3101,1618,705,1934,1567,2290,2154,1202,1601,1951,1025,1705,1817,1976,1071,0,192138
2025-05-21,12823,54250,41629,28522,28814,28095,48328,24812,9756,26190,26831,32735,28983,16324,23505,26292,15845,25070,24885,26377,18212,897,3463,2887,2302,2118,2095,3053,1505,693,1925,1778,2062,1901,1205,1721,1901,1066,1570,1765,1702,1207,0,193722
2025-05-22,15127,51751,38839,28296,27485,26992,46687,22479,9278,28873,24031,35374,24949,17056,22403,23649,16135,22922,23194,24772,16221,958,3396,2618,2087,2135,2227,3135,1471,659,1997,1778,2378,1910,1325,1615,1763,1046,1446,1616,1742,1322,0,188974
2025-05-23,13354,54101,34738,29900,28520,28439,40352,23278,9501,26829,24917,34858,23928,16794,21685,23515,17362,23769,21312,25363,16014,879,3334,2681,2367,1968,2043,2644,1502,720,1951,1586,2213,1738,1313,1601,1780,1236,1544,1590,1711,1060,0,206766
2025-05-24,12451,47951,35947,28522,27227,26779,40958,21011,8439,26647,24427,27821,22534,15525,22313,21805,17615,20061,22610,24383,15383,877,2976,2702,1903,1926,1805,2465,1219,578,1778,1519,1769,1571,984,1591,1578,1138,1261,1483,1408,1100,1,171573
2025-05-25,12365,45992,33604,26248,27181,24209,40236,20162,8241,25023,20569,27288,22716,14981,21119,21101,16189,20061,22020,21396,17256,772,2746,2078,1949,1697,1596,2442,1202,582,1558,1238,1795,1580,1123,1270,1361,1032,1224,1449,1428,1048,1,143985
2025-05-26,14705,50020,38449,28121,27591,27826,44920,22704,8919,26309,26745,30832,24225,17250,23179,22572,17614,23221,23144,24386,17388,991,3290,2825,2077,1903,1968,2865,1450,674,1896,1603,2172,1784,1217,1582,1730,1231,1541,1477,1665,1189,0,193953
2025-05-27,13779,51943,38007,28136,27948,27402,47658,25118,9322,29128,27771,30693,24611,18280,25063,20437,19040,22139,24222,25845,16652,899,3319,2916,2114,2262,2175,3245,1553,703,2059,1848,2107,1718,1308,1882,1576,1426,1414,1593,1693,1109,0,196309
2025-05-28,14075,50782,41876,29069,27498,27769,46850,26761,10323,28934,24239,32391,23949,18878,24602,22922,18013,24667,22645,25011,17499,902,3398,2863,2085,2208,2266,3176,1740,666,2088,1891,2220,1791,1428,1786,1668,1382,1691,1624,1650,1146,0,195146
2025-05-29,14280,50313,38461,29534,27923,31205,44442,24338,9613,26547,23626,28973,23535,17575,24525,22793,17297,23405,24192,24247,16818,916,3396,3089,2160,2077,2135,3314,1586,847,1946,1646,1992,1922,1241,1733,1636,1226,1561,1676,1477,1282,0,190121
2025-05-30,14420,53278,34444,31383,28559,31181,40918,24166,8877,27616,23716,27301,23612,17207,23773,24141,15971,24084,23790,21977,18122,927,3547,2542,2208,2001,2227,2761,1543,591,1874,1546,1978,1855,1246,1723,1663,1118,1598,1728,1469,1290,0,205155
2025-05-31,15237,44025,40418,27838,27665,26255,41659,22420,8019,28217,23801,26831,23590,16516,23922,22197,17295,21676,23601,22765,17208,970,2904,2645,1910,1897,2026,2506,1387,530,1903,1447,1694,1609,1325,1572,1567,1186,1345,1872,1492,1158,1,177491
2025-06-01,16175,45658,37916,29363,27732,25564,45010,23232,8510,27035,21901,29074,22799,15502,26029,25295,17393,22236,23735,23611,15623,1116,2585,2366,2003,1780,1693,2753,1486,549,1735,1354,1817,1475,1032,1639,2028,1032,1417,1613,1538,1086,1,140388
2025-06-02,18662,13276,42698,31273,30933,37602,34889,24267,8880,29321,24986,30344,24693,19072,23988,25295,17575,23079,24426,23196,17787,1244,3233,3024,2214,2164,2627,2469,1495,620,1997,1682,2172,1747,1421,1735,1939,1106,1466,1705,1515,1276,0,190501
2025-06-03,16841,12353,40574,29172,27938,33824,37758,21936,8655,26282,24635,25448,24634,15920,23328,25295,17077,22596,22729,21496,17446,1041,2806,2563,1941,1782,2168,2312,1358,557,1555,1483,1625,1511,1176,1375,1901,1037,1526,1647,1477,1120,1,141436
2025-06-04,18630,12224,43277,32107,30168,37544,38170,24836,9678,32705,24981,30316,25669,26704,214,25295,16795,24191,24209,25386,17443,1346,3329,2758,2281,2058,2471,2867,1582,714,2369,1589,1999,1722,1778,494,1528,1032,1598,1745,1711,1115,0,190546
2025-06-05,17401,13945,41028,33918,30855,33662,42618,24397,10751,37662,25364,31777,24437,25777,0,25295,16570,23798,24920,26203,17245,1139,3461,3002,2356,2195,2473,2809,1610,833,2220,1771,2242,1784,1670,0,1695,1022,1610,1771,1774,1382,0,202607
2025-06-06,15845,46062,39464,30061,28473,28385,45750,22519,9069,29826,24278,27265,23743,16396,20771,25295,16672,23537,22061,23751,16056,1027,2957,2527,2035,1782,1784,2673,1495,618,1663,1474,1718,1500,1015,1406,1726,1008,1547,1621,1584,971,1,156045
2025-06-07,16661,12650,41339,32515,30345,28808,47538,25039,9310,30436,22330,30841,26374,17035,26959,25295,17919,24390,23401,26039,16837,1075,2938,2782,2385,2029,1916,2845,1728,659,1834,1289,1932,1818,1178,1798,1849,1121,1426,1691,1636,1043,1,164892
2025-06-08,15434,48273,39208,31820,30214,28670,45242,24440,8508,27230,22368,31021,25287,16141,22780,25295,16721,23635,23528,26112,15916,1025,3022,2580,2091,2026,1899,2675,1680,476,1762,1356,1949,1778,1164,1488,2054,994,1408,1659,1581,922,1,129361
2025-06-09,17012,14581,42122,34679,31218,32605,49477,25958,12888,31005,26790,32173,25038,18042,24106,20544,16646,27924,24942,26788,18469,1281,3511,3038,2448,2302,2079,2993,1666,858,2294,1711,2294,1908,1270,1788,1920,1027,1731,1771,1742,1414,0,184183
2025-06-10,18570,14452,43565,34116,30990,31381,51035,25563,13161,30695,27208,31265,26520,18892,23983,27231,17850,25831,25967,26388,19835,1154,3283,3074,2302,2321,2195,3162,1829,780,2357,1829,2323,1918,1390,1591,2031,1356,1688,1757,1768,1452,0,187152
2025-06-11,17472,13896,44726,33226,37076,22702,50556,25384,10616,29888,26420,30612,26076,18415,23158,26729,18118,25785,25899,26450,18562,1164,3540,2995,2250,2494,1945,3276,1582,766,2232,1759,1982,1874,1522,1543,1937,1298,1895,1800,1705,1414,0,191557
2025-06-12,17735,14044,44774,33291,29895,30969,50081,25403,10416,31860,27215,32173,24964,19535,23618,27652,17618,27446,23499,27254,18587,1331,3446,3192,2387,2028,2181,3435,1884,699,2261,1874,2129,1918,1346,1608,2028,1174,1665,1613,1734,1509,0,188286
2025-06-13,19889,13035,45359,33468,30967,31391,44864,22847,10215,31133,27722,29965,26925,18346,23413,29156,16866,24258,24711,25198,17384,1321,3269,3384,2287,2193,2344,3141,1464,697,2052,1946,2138,1882,1414,1867,1939,1034,1492,1728,1676,1264,0,193619
2025-06-14,18673,13289,42379,31925,30916,30326,45898,23392,9733,29934,27179,29744,24851,19195,22346,26278,19071,23190,24280,25329,16782,1179,3110,2779,2003,2097,2045,3062,1531,616,2004,1637,1898,1703,1457,1438,1901,1241,1359,1650,1552,1037,1,162189
2025-06-15,16008,51967,37663,32871,29600,30732,41853,24250,10617,27201,24262,31165,25130,16980,21643,24892,17212,22567,26708,27463,15820,958,3144,2215,2122,2031,2004,2475,1598,728,1586,1570,1990,1674,1164,1327,1528,1010,1443,1777,1901,1063,1,127505
2025-06-16,18042,15752,47000,32823,32680,32095,51864,25449,10294,32783,26142,32607,24278,23326,24277,23917,19348,27058,25000,27880,17963,1164,3607,3199,2569,2200,2354,3141,1644,737,2280,1872,2203,1797,1550,1709,1695,1219,1688,1878,1863,1195,0,179925
2025-06-17,18684,15359,44688,34142,32687,32366,50953,27160,10739,32391,27199,32425,24146,24621,25203,24173,19539,25996,25638,28891,17018,1181,3446,3511,2375,2187,2268,3366,1850,778,2371,1745,2196,1839,1764,1829,1726,1265,1901,1740,1852,1253,0,184482
2025-06-18,18022,15970,45620,35663,31120,31682,49104,27871,10806,32855,27802,32216,24358,23438,23376,27195,18856,26731,25792,27895,19045,1142,3569,3050,2496,2292,2419,3139,1788,780,2503,1896,2460,1826,1675,1678,1849,1361,1791,1794,1829,1466,0,186419
2025-06-19,17676,15100,46229,35341,31621,32987,53127,27376,10950,34889,28067,33714,25070,25711,23036,26208,20194,25677,27047,28449,19122,1229,3473,3451,2579,2100,2517,3304,1788,722,2335,1932,2515,1903,1846,1514,1845,1430,1627,1786,1889,1287,0,184979
2025-06-20,17251,15572,44984,36666,33782,32455,54909,26904,11332,35381,28728,31771,26750,24846,23308,27186,18078,25861,26845,28257,19398,1064,3895,3070,2598,2273,2469,3327,1678,808,2294,1951,2155,1868,1706,1697,1928,1214,1627,1889,1803,1446,0,190741
2025-06-21,15519,15554,43653,32915,31316,31827,43944,24183,10027,32620,26401,29988,24456,26185,21282,25899,19013,23520,24993,25194,17757,897,3202,2935,2250,2012,2323,2567,1370,664,2158,1620,1925,1615,1853,1253,1670,1174,1567,1742,1688,1204,1,145706
2025-06-22,16117,49812,38584,31176,30904,29228,40718,22189,9722,28472,24769,30137,24222,22404,20464,21050,20002,22363,21612,25013,15453,1046,2918,2316,2148,1899,1874,2364,1339,678,1793,1577,1906,1549,1416,1241,1225,1207,1331,1636,1472,945,1,128476
2025-06-23,19175,13727,45480,33301,29404,43088,48654,28004,21729,340,46498,33136,27001,21553,26582,24744,19562,25950,24175,28207,17263,1229,3569,3091,2488,2204,3108,3264,1927,1404,811,3252,2191,1907,1718,1781,1784,1212,1691,1711,1814,1192,0,183541
2025-06-24,16202,15362,44766,32377,30103,42598,48400,24354,20697,0,49499,32009,27176,20714,24906,25686,19590,22896,24063,25104,17691,995,3470,3221,2319,2206,3084,2915,1505,1219,0,3418,2244,1826,1498,1814,1910,1188,1449,1630,1843,1164,0,178364
2025-06-25,18151,15440,43375,32886,28931,40937,47532,25292,10849,32616,28391,32680,26265,20199,27886,25758,18265,25412,23257,25881,19430,1164,3638,3288,2467,2062,3199,3187,1694,745,2227,1834,2194,2062,1589,2160,1795,1214,1676,1901,1737,1259,0,188687
2025-06-26,18449,14636,43217,32746,32663,44130,41422,26725,10461,32538,28028,32932,27052,20436,26439,24058,19666,24714,24717,27762,18575,1212,3494,3403,2317,2294,2926,2707,1822,732,2438,1896,2134,2099,1637,1954,1597,1356,1771,1941,1823,1362,0,189684
2025-06-27,18145,15145,43947,34085,33024,46438,40104,27485,11355,33257,29123,33505,26754,21353,24496,26312,20616,26553,25875,27697,20042,1117,3768,2870,2354,2133,3356,2500,1826,760,2314,1879,2405,1811,1673,1802,2060,1370,1679,1803,1823,1452,0,198907
2025-06-28,17112,15594,43285,34056,30436,41801,42880,27449,11143,33085,28165,34075,26879,20650,26230,27036,19386,24918,28053,28542,18020,1069,3396,2599,2256,2233,2556,2563,1834,653,2167,1817,2232,1743,1370,1841,1707,1169,1443,2010,1944,1175,1,166740
2025-06-29,16150,52188,44249,32455,28767,38976,43898,27043,10118,31166,25910,32719,26597,19289,23158,22728,21038,25406,26988,28986,16452,1060,3290,2582,2223,1847,2431,2617,1742,605,1870,1738,2143,1716,1404,1452,1557,1274,1561,1829,1886,1086,1,123476
2025-06-30,17718,15832,45657,36545,34811,34700,53441,28348,11943,35820,28168,34701,26363,25600,25169,22060,22306,29381,28329,29266,20607,1235,4051,3017,2605,2379,3047,3360,1966,810,2323,1877,2405,1918,1620,1942,1953,1589,1924,1973,1843,1290,0,175761
2025-07-01,19807,66455,49382,42504,36751,37749,62189,29208,11126,35881,31837,35168,27303,27233,24863,22851,22007,30291,28588,28277,22016,1405,4210,3384,2771,2680,2667,3869,1994,760,2503,2563,2434,2001,1930,1716,1638,1423,2085,1950,1788,1515,0,175464
2025-07-02,20632,69089,47518,42912,41385,39688,59309,29063,12063,36737,31999,37563,28483,27420,26073,24672,20689,29118,30213,31346,21040,1488,4217,3096,2938,2947,2644,3853,1973,783,2443,2467,2573,2170,2071,1817,2233,1334,1806,2010,2146,1431,0,179896
2025-07-03,20612,67742,52975,42871,41353,39153,57613,30526,11771,34770,31889,38835,27734,27191,23906,28043,20879,29757,29581,30319,22498,1294,4375,3341,2874,3095,2780,3535,2114,845,2414,2232,2666,2001,2110,1654,1983,1457,1809,1999,2062,1391,0,178189
2025-07-04,19557,69305,48610,43487,40148,38776,59558,29954,11532,35419,31824,36340,26642,29596,22766,29187,20335,29638,29866,29256,21869,1430,4406,3310,2949,3151,2840,3798,2052,806,2587,2251,2645,2239,2057,1625,1903,1325,1843,2068,1878,1449,0,198637
2025-07-05,20126,62674,49658,42084,40460,38931,57802,27784,11010,34307,29631,35320,24988,27382,23478,30336,19553,29586,27888,29253,20616,1290,3859,3350,2799,2882,2742,3558,1817,851,2515,1982,2383,1920,2198,1798,2072,1294,1958,1768,1927,1273,1,172309
2025-07-06,17671,61226,45737,39917,37657,35338,52840,26200,10799,32158,28040,35159,24259,27323,22129,26673,19143,27898,28138,28865,19534,1198,3708,3094,2834,2575,2571,3383,1702,828,2129,1776,2410,1857,2030,1555,1678,1246,1771,2053,1875,1224,1,131425
2025-07-07,20298,70670,50676,42726,39579,39081,59738,30052,11390,37606,31883,37557,26788,27450,23134,30097,20078,30718,29850,30608,22786,1544,4404,3403,2849,2953,2784,3658,2045,849,2688,2302,2635,2076,1980,1543,2210,1315,2192,2120,2016,1411,0,174934
2025-07-08,20302,70626,49384,42254,41197,40012,60461,30198,10868,36739,32885,36484,26266,29792,23989,29442,19689,29944,28256,30014,21262,1361,4274,3449,2792,2966,2736,4019,1949,755,2458,2359,2460,1924,2182,1644,2108,1334,1921,1970,1984,1423,0,176055
2025-07-09,19136,64652,53093,41131,38393,38389,60281,29869,10940,35246,32671,33589,25906,28368,22781,29371,19598,28904,27932,26230,22327,1340,4176,3914,2819,2642,2611,4020,2028,785,2501,2196,2434,1930,2136,1752,1937,1279,1941,1958,1794,1480,0,180765
2025-07-10,20003,66037,51722,42833,40615,37756,59359,27656,10998,35900,30126,35920,25031,26802,24879,28703,18808,28083,26752,27827,20661,1396,4166,3871,2838,2870,2742,3665,1915,795,2630,2138,2882,1732,1819,1800,1972,1255,2025,1938,1915,1457,0,177889
2025-07-11,19992,64111,52796,43126,39213,38268,57277,26768,10883,33062,32033,34756,25136,27132,24406,26584,18977,26101,27287,28436,19881,1384,4022,3919,2845,2659,2596,3704,1771,820,2362,2249,2309,1841,1807,1728,1899,1183,1619,1886,1907,1382,0,193177
2025-07-12,17234,60458,52645,41068,40559,36544,55887,24553,11644,33926,26748,33878,25278,27440,23165,25694,19414,26955,24920,26223,20050,1188,3713,3398,2859,2780,2700,3421,1678,814,2225,1699,2194,1801,2074,1534,1743,1402,1731,1665,1561,1273,1,170967
2025-07-13,18997,55813,48067,41555,37817,37011,50226,23250,9583,32676,25910,33690,22747,25874,21308,22689,19105,25047,25361,25217,18126,1396,3670,3031,2861,2605,2686,3306,1488,751,2244,1668,2386,1705,1978,1392,1507,1296,1547,1820,1647,1094,1,123897
2025-07-14,19757,64196,49970,41946,39756,39510,58072,27060,10068,33642,28722,34493,25606,25526,21843,28130,18399,26492,26284,25783,20204,1373,4198,3854,2878,2838,2623,3928,1937,701,2246,1848,2669,2097,1764,1632,2041,1171,1653,1932,1855,1417,0,172622
2025-07-15,19852,62651,51452,41567,40711,39294,53540,26782,10140,32068,29530,33344,25879,25390,23036,25082,18929,26521,24564,26177,19186,1574,3991,3845,2897,3068,2826,3354,1733,753,2338,1915,2244,1976,1714,1666,1630,1325,1725,1728,1786,1204,0,175477
2025-07-16,20160,63796,52225,41223,39805,37973,58068,25670,10030,33944,29888,33873,24856,25195,24463,24514,19976,25546,25256,25791,19292,1492,3934,3722,2870,2769,2579,3911,1716,697,2311,2021,2366,1860,1884,1685,1751,1306,1774,1757,1774,1181,0,175513
2025-07-17,18084,64685,49760,42446,40682,37632,57169,23613,9816,34224,28613,34223,24761,23636,24836,24957,18493,25957,24826,26360,18457,1183,3919,3902,2748,2784,2788,3510,1498,680,2215,1898,2321,1690,1740,1759,1596,1342,1714,1907,1757,1178,0,155474
2025-07-18,19122,68786,44497,42664,41607,39427,58266,26533,10347,33107,28869,35183,26462,25281,25285,25314,20790,26826,25988,27540,19405,1584,4224,3218,2796,2813,2713,3909,1759,818,2215,1901,2510,2028,2122,1771,1960,1414,1895,1820,1924,1287,0,193283
2025-07-19,17454,61095,45994,40433,39880,37155,51614,22894,9801,32381,26281,33393,22308,23827,23140,25440,19421,23853,24290,24633,18371,1258,3710,2870,2778,2844,2713,3610,1411,670,2074,1814,2194,1613,1608,1603,1724,1265,1342,1619,1541,1207,1,136107
2025-07-20,18375,55111,50411,39876,39646,35226,55796,25223,9557,28780,28191,32464,23807,24645,23891,25473,19194,23398,27596,25972,18362,1501,3636,3305,2784,2901,2640,3477,1721,664,1910,1985,2110,1753,1920,1596,1722,1265,1414,1866,1598,1204,1,132958
2025-07-21,19490,64001,54283,42387,42235,38868,57886,26423,11299,34199,30905,35758,25551,29059,23278,27188,21271,26187,27937,28177,20501,1371,3922,3720,2822,2872,2686,3579,1738,918,2167,2004,2830,2250,2114,1565,1786,1423,1610,1840,1950,1279,0,178727
2025-07-22,18536,68385,52210,42110,42292,38467,61031,27710,11194,34541,33081,35833,27014,27884,26776,26301,21596,29036,27513,28690,21918,1238,4207,3602,2801,2955,2882,3596,1867,799,2314,2323,2554,2218,2002,2155,1853,1546,1858,1826,1823,1547,0,178769
2025-07-23,22950,65803,54742,43604,42149,39162,61268,29643,11667,35837,31247,38404,27300,29726,22462,29653,22358,31285,27190,31067,20332,1661,4147,3744,2999,2721,2625,3961,2018,843,2486,2093,2779,2041,2052,1615,2051,1553,2097,1869,2111,1362,0,181899
2025-07-24,21191,67439,55211,43501,41854,39047,63517,28043,11953,36064,32196,37801,26665,30569,23168,28620,21128,30730,27654,30112,21284,1463,4289,4049,2817,2836,2749,4093,1920,983,2398,2018,2525,1857,2172,1862,1878,1394,2053,1961,1964,1356,0,178941
2025-07-25,19932,67948,55402,42578,41771,38373,64272,29350,11487,34531,33172,36488,26474,29391,22191,29460,21132,29912,28769,29732,21339,1388,4270,3833,2776,2790,2796,4080,2172,824,2381,2129,2486,2003,2071,1558,1947,1394,1930,1979,1907,1428,0,191278
2025-07-26,19243,63046,54046,42014,41530,38590,61645,27114,11045,33097,30181,36229,26224,28942,23388,27106,21551,26652,29302,29269,20276,1202,4114,3367,2820,2978,2830,3857,1836,847,2669,2160,2388,1895,2153,1618,1874,1428,1791,2016,1783,1475,1,169614
2025-07-27,17656,60329,50227,41086,40593,34517,58603,26110,10241,32492,28639,34514,23867,26692,22378,24019,21419,27120,27837,28524,19401,1196,3905,3324,2820,2949,2348,3884,1716,770,2148,1841,2431,1761,2078,1478,1645,1404,1596,1866,1803,1152,1,127054
2025-07-28,19719,70152,52456,42647,43133,38936,64676,30142,11687,35261,32416,37417,26100,29758,22040,29792,20470,29932,29891,30514,21055,1455,4207,3514,2832,3072,2632,4180,2033,837,2364,2112,2549,1951,2232,1454,2237,1342,1869,2059,1809,1454,0,175076
2025-07-29,22497,67471,54258,42289,41994,39526,63884,30052,12354,33430,32616,37075,26552,29215,22475,28397,21281,30475,28722,29704,21863,1626,4022,3631,2857,2955,2719,4289,2194,945,2393,2117,2410,1985,2002,1507,1734,1531,1987,1996,1973,1552,0,173784
2025-07-30,21440,67561,52888,41815,40884,38010,65083,30209,11410,34340,33290,37063,26604,29546,22546,26886,22058,29596,29196,30235,20984,1423,4217,3552,2874,2755,2592,4163,2033,1041,2388,2203,2501,1834,2208,1572,1647,1598,1930,1956,1866,1420,0,178512
2025-07-31,17433,69315,55497,41941,41459,39138,62602,30629,11920,35944,31658,37239,26038,30223,22609,29144,20660,29335,29876,30266,20511,1250,4205,3602,2870,3089,2630,4024,2057,941,2436,2345,2422,1960,2299,1625,1832,1356,1993,1964,1826,1440,0,170138
2025-08-01,18948,67481,55703,42932,41881,38886,66375,29077,12127,35396,33182,37740,27413,27415,24799,28209,21649,28481,31315,30153,21439,1371,4178,3708,2924,2895,2628,4272,1908,964,2518,2158,2448,2135,1848,1661,1980,1483,1679,2039,1944,1405,0,179722
2025-08-02,19713,63283,53513,37935,42349,38364,60070,27473,12195,34272,32607,37282,26068,27613,22940,30709,19826,28563,30500,29087,21268,1311,4255,3454,2778,3045,2669,3777,1838,831,2458,2141,2393,1956,1874,1471,2083,1315,1855,2120,1716,1420,1,153998
2025-08-03,17240,61459,51560,40751,40758,36081,58365,26434,10273,33697,28098,37075,24602,28322,19786,27239,20655,27081,27870,28524,19498,1077,3948,3362,2817,2826,2661,3763,1745,745,2292,2059,2498,1903,1968,1421,1768,1404,1567,1881,1659,1221,1,122676
2025-08-04,20676,67337,56135,43340,42905,38631,62678,28655,11655,36198,34160,37820,28602,27751,23173,29501,20647,28723,29622,30228,21120,1645,4260,4174,3187,3085,2669,4047,1898,849,2506,2311,2544,2166,1853,1586,1918,1344,1869,1993,1907,1440,0,168570
2025-08-05,20558,70345,53503,45063,43267,39045,64655,31157,11474,35345,33674,37942,26677,29407,22842,28922,20977,29410,29936,29489,22649,1327,4306,3941,3003,3266,2805,3999,2158,860,2561,2220,2575,1889,2062,1500,1905,1361,1921,2079,1915,1431,0,170624
2025-08-06,21499,67580,56845,44228,42233,39573,64957,29371,11830,37469,33191,38463,26974,26896,24486,29940,21080,27888,30033,29506,22772,1421,4272,4003,2926,2890,2769,4030,1987,843,2585,2210,2705,1859,1894,1783,1970,1466,1878,2094,1970,1463,0,172578
2025-08-07,21824,64505,56104,44274,41997,39243,63370,28553,11834,38843,32602,37966,25820,27614,23915,27335,22114,28696,28058,29222,21008,1498,4198,3869,2903,2945,2653,4011,1874,912,2609,2261,2693,1868,1874,1697,1757,1507,1855,2036,2028,1426,0,172515
2025-08-08,20307,66032,55120,43594,42081,39179,61405,28181,10778,36361,32178,36667,26313,28210,24357,28950,21346,26497,28349,29103,19734,1597,3950,3655,2970,2847,2857,3832,1915,803,2448,2110,2542,2052,1855,1834,1926,1322,1889,1918,1817,1356,0,187915
2025-08-09,18663,58300,54896,43684,40854,37606,57627,24204,10842,34938,31516,36518,23652,28453,22969,26178,21601,23362,27564,27145,17956,1411,3749,3658,3034,2797,2667,3529,1464,818,2474,2198,2222,1878,2062,1598,1768,1411,1405,1780,1714,1146,1,157948
2025-08-10,18534,54965,50769,39960,38627,35218,56762,25634,9807,32512,28564,34424,22480,25842,21394,24268,20581,23597,25613,27526,16266,1277,3444,3144,2840,2736,2548,3779,1644,785,2220,1735,2407,1632,1882,1334,1663,1394,1426,1786,1714,1063,1,126817
2025-08-11,20440,65089,54052,41539,40799,38720,59463,26799,10569,33785,32480,35783,25523,26429,23567,27002,20149,25896,26600,27228,18601,1490,4102,4030,2824,2882,2726,3886,1788,810,2436,2098,2419,1907,1781,1646,1885,1318,1786,2053,1823,1305,0,174764
2025-08-12,18632,64150,54764,39905,39817,38292,57615,25537,10650,32316,31984,35657,24888,25612,25138,25774,19904,25733,25232,27734,17136,1252,4051,3662,2813,2819,2826,3475,1682,828,2220,2136,2371,1878,1692,2062,1711,1363,1621,1757,1803,1112,0,172977
2025-08-13,21068,66748,53858,44112,41841,38291,65288,27440,11131,34165,34492,37732,25344,28231,26063,25202,21675,27620,28581,29377,19309,1626,4385,3610,3024,3132,2573,4353,1879,868,2402,2203,2546,1753,2021,1942,1788,1553,1858,1964,2042,1348,0,184236
2025-08-14,20078,70325,51149,45772,42448,39262,64209,28608,11348,35808,31523,39377,25253,28663,23330,28216,22041,29083,28989,29076,21421,1323,4387,3653,3039,3101,2657,4080,2071,849,2434,2105,2633,1885,2030,1584,1862,1514,1881,1999,1800,1440,0,186520
2025-08-15,17704,62372,52165,41918,41096,36515,58286,26852,10707,31613,32090,35792,24836,25988,21709,27580,20729,28992,26544,28771,18889,1263,3780,3454,2989,3028,2834,3863,1812,787,2105,2011,2263,1626,1944,1406,1922,1447,1912,1714,1705,1236,1,148590
2025-08-16,18949,63430,52790,45191,41793,37717,60730,26692,11182,33547,33741,37454,24012,27082,23855,29536,19912,27184,29135,29309,20323,1294,3900,3293,2934,2986,2872,3892,1898,789,2338,2218,2530,1878,2016,1716,1983,1346,1584,2007,1791,1244,1,155588
2025-08-17,16994,61534,50898,42508,39866,34131,56887,27437,11133,30575,30496,35494,22952,27023,20648,26928,19576,25822,28433,28632,18252,1108,3732,3293,2972,3016,2475,3740,1714,868,2218,1898,2554,1555,2047,1313,1793,1354,1613,1976,1875,1215,1,121879
2025-08-18,19328,71451,52166,45441,44195,38438,62903,29663,11495,36713,31733,38687,25667,28092,22777,28304,21070,29339,28832,30980,20493,1342,4459,3696,2972,2959,2855,3857,2062,912,2530,2088,2604,1887,1963,1570,1876,1370,1812,1858,2016,1319,0,174478
2025-08-19,20245,69358,53258,45430,43006,40142,62371,30622,12174,36227,32363,37392,26218,28636,23164,27805,21859,30408,29159,30152,22000,1323,4243,3809,2980,3066,2644,3884,2059,810,2436,2227,2599,2029,1862,1738,1705,1565,1835,2056,1884,1394,0,173571
2025-08-20,19423,69249,53285,44600,41460,38030,65699,29015,11493,35016,33401,36044,24903,27722,22599,30715,19371,30264,29785,29260,22670,1271,4241,3811,2949,2874,2803,4236,1958,841,2376,2400,2618,1799,2006,1726,2012,1260,2100,1984,1886,1644,0,179766
2025-08-21,21886,70759,54260,44584,42602,38782,65808,29905,12559,36598,34522,37534,27875,27236,23705,29058,21621,29938,29703,29966,22216,1263,4363,3617,2963,2916,2711,4188,2057,956,2518,2340,2496,2162,1879,1723,2006,1476,1964,2039,1924,1469,0,178262
2025-08-22,22435,67751,55199,46558,43278,38590,67138,29326,13080,35396,35286,37771,27783,28127,23401,30707,22316,29752,29033,29775,22916,1411,4308,4066,2999,3130,2790,4084,1973,1062,2753,2362,2573,2198,2038,1697,2206,1404,1941,2010,1892,1547,0,190814
2025-08-23,20326,63516,51543,47061,42844,37134,61547,28757,12962,35544,31212,37367,26114,27283,24079,27306,22143,25880,30914,29789,20929,1217,4022,3257,3180,3101,2901,3827,1963,1041,2513,2054,2518,1981,2150,1661,1866,1560,1521,2076,1809,1305,1,170770
2025-08-24,19971,60800,51460,42363,41178,35900,58672,28259,11619,33925,29888,35872,23840,27334,22283,26916,20075,28792,27504,29737,19529,1198,3732,3984,2974,2888,2565,3736,1826,868,2328,1862,2381,1659,1918,1373,1745,1318,1832,1950,1858,1256,1,127444
2025-08-25,19991,68369,53168,45376,42081,37349,66100,30684,12759,35275,32840,37076,26302,27196,22105,30912,20371,30595,30023,30072,22267,1311,4121,3754,2976,3187,2628,4178,1990,987,2426,2364,2626,1930,1819,1704,2028,1342,1814,2071,2068,1411,0,175854
2025-08-26,20784,68448,53211,45778,42836,38467,63206,29681,12126,35958,33730,36989,27412,28123,22723,27530,22157,28647,29148,29784,21781,1536,4109,3310,2995,2874,2646,4141,2021,856,2563,2177,2503,1870,1951,1786,2022,1548,1797,2120,1909,1403,0,176740
2025-08-27,20393,68186,53914,44806,42148,37727,65272,29756,12177,36445,33061,37490,26263,28162,24536,29483,20213,28685,28731,28827,21656,1455,4166,3586,2988,3001,2698,4163,1942,895,2570,2258,2594,2016,1930,1747,2024,1308,1892,2036,1806,1388,0,182281
2025-08-28,18032,70752,55516,45305,42036,38937,64554,30363,11867,34621,33598,38125,26250,28377,23758,27895,22343,30284,27147,29843,20907,1179,4205,3739,3076,3007,2771,4009,2023,866,2378,2306,2681,1903,1937,1692,2085,1433,1993,1904,1892,1495,0,178332
2025-08-29,18484,71440,53641,46573,43393,39500,64646,30173,12373,35816,34706,37230,27545,27775,24178,27136,22369,30614,29096,29284,22429,1273,4426,3590,3082,2915,2623,3940,2047,897,2839,2203,2657,1943,1903,1783,1885,1560,2013,2019,1863,1670,0,190517
2025-08-30,20318,60799,55348,43754,42498,37915,62334,29456,11556,33811,32149,36395,25212,28679,22970,27580,21377,30182,27491,29174,21370,1405,3804,3725,2984,2807,2707,3913,1906,906,2381,1946,2539,1732,2441,1548,1770,1462,1814,1927,1763,1250,1,166020
2025-08-31,17189,61511,49938,41816,42104,33732,58499,27228,11559,29210,33211,35353,22762,27722,22523,26192,19211,26327,27001,28227,19533,1179,4080,3329,2980,2909,2550,3375,1836,862,1954,2138,2366,1659,1915,1550,1611,1277,1567,1858,1858,1175,1,123112
2025-09-01,20167,67853,55812,43201,42777,38517,64354,34912,97,42148,34588,38398,25653,28434,24024,29050,21460,30191,28302,29770,21159,1277,4375,4032,3060,2859,2688,4059,2218,217,3154,2251,2758,1853,1901,1786,1868,1476,1944,2004,2019,1446,0,180971
2025-09-02,20637,66323,55387,44992,42502,37439,66425,28876,22584,289,57304,38543,26655,28511,24824,26938,22556,28571,28117,29989,20422,1503,4306,3826,3024,2997,2755,4253,1925,2014,679,3950,2573,1949,2016,1795,1788,1498,1918,2007,1950,1310,0,178793
2025-09-03,19065,67770,54895,44785,43091,37217,66337,29185,12206,48187,176,56371,27261,28108,26243,29501,20477,28374,28603,29596,20273,1346,4294,4075,2955,2938,2579,4105,1942,937,3468,706,3955,2244,1980,2110,1903,1488,1932,1944,2013,1253,0,184944
2025-09-04,19446,69425,54344,45081,41981,36484,67534,28886,11532,34495,41558,337,56223,28198,26634,28346,20618,29139,27803,28821,20632,1423,4498,4159,2924,2901,2548,4228,1961,854,2338,2834,701,4070,2078,1889,2056,1327,1964,2010,1852,1394,0,183412
2025-09-05,20257,66539,56961,43061,42250,36563,64819,29248,12035,34223,34183,46882,389,44194,25343,28760,20420,28824,28427,29739,20328,1486,4320,3936,2947,2972,2724,4259,1968,872,2554,2292,3374,660,3058,1853,1872,1445,1912,1990,2033,1446,0,194063
2025-09-06,19100,63772,51003,43762,43140,37320,61306,26629,12534,32271,32020,37669,25298,27674,25792,28297,20418,27702,27840,28988,20418,1250,4164,3490,2986,3012,2715,4026,1848,945,2340,2176,2602,1889,2095,1913,2010,1358,1668,1884,1817,1342,1,176831
2025-09-07,16976,60665,45949,43640,41901,36659,51984,25436,11459,31070,30693,34542,24198,27853,23806,25963,18650,26010,26646,26590,18197,1131,3564,2959,2886,3005,2771,3400,1519,862,2342,2001,2251,1674,2006,1594,1695,1246,1593,1768,1639,1155,1,121576
2025-09-08,20334,64108,51401,41317,40868,37096,59786,26693,10793,32869,33647,34957,26687,28061,24934,27117,20395,25981,25133,26046,20398,1350,3941,3667,2953,2753,2753,3999,1865,847,2285,2169,2414,2056,1858,1776,1772,1308,1558,1918,1797,1241,0,181360
2025-09-09,18576,61323,50429,40008,37934,37348,56783,23360,9874,31739,32318,34148,24992,26679,23531,27390,18691,23937,23993,25350,17729,1296,3924,3386,2822,2772,2659,3769,1519,755,2215,2232,2311,1843,2004,1774,1766,1214,1587,1673,1659,1244,0,174389
2025-09-10,21254,60437,53195,41412,38411,37811,60497,25249,10114,31525,33271,35158,36981,983,38419,26971,20547,25236,24705,26194,18492,1561,3713,3607,2986,2926,2573,3861,1591,870,2206,2349,2369,2665,377,2834,1935,1366,1699,1800,1662,1382,0,188092
2025-09-11,19619,61440,54815,40708,42057,36153,61372,26492,11421,32633,33652,35643,26815,35767,275,44201,20583,26204,24617,27284,18555,1382,3763,3982,2878,2853,2540,4138,1730,870,2386,2299,2542,2243,2587,564,3168,1402,1912,1771,1774,1405,0,190576
2025-09-12,18466,64057,51769,42669,41370,37910,58089,25439,10980,32996,32849,37138,26368,27628,35387,199,33685,25288,25032,27395,17976,1267,3910,3557,2947,2880,2517,3928,1738,829,2158,2131,2592,1920,1908,2311,490,2347,1512,1803,1814,1187,0,194866
2025-09-13,19350,60017,53280,39378,41355,35496,59021,26789,11762,33127,32246,37049,25668,28379,24648,26541,21208,24548,26044,28212,17689,1450,4207,3310,2903,2957,2744,4015,1819,899,2258,2112,2606,2006,1913,1766,1905,1318,1630,1814,1780,1089,1,167492
2025-09-14,18594,53580,49289,39100,38953,34555,55270,23744,10542,29831,28918,34756,23052,25982,23039,25227,18845,22170,25839,27177,15434,1229,3266,3514,2700,2807,2475,3773,1531,831,2057,1822,2426,1569,1956,1639,1764,1243,1299,1780,1676,971,1,134502
2025-09-15,20652,62719,52714,42232,43045,37537,61472,26513,11430,35339,32622,38949,25797,26734,24136,30010,21001,26754,26507,29507,19239,1676,3955,3737,2886,2903,2508,4044,1747,858,2479,2309,2748,1891,1812,1730,1935,1411,1763,1837,1909,1368,0,183155
2025-09-16,19916,66974,53044,43970,43357,37856,63436,29309,12296,33039,35519,38962,27021,28119,26645,29234,20843,27287,27017,29605,20502,1453,4289,4010,2959,3030,2665,4330,2023,950,2270,2530,2671,1964,1894,1853,1995,1442,1740,1800,2025,1308,0,187160
2025-09-17,21335,62061,55507,44202,42643,36871,62529,28679,12320,34736,34450,38854,27875,26849,27589,27279,22229,27578,26901,29902,19683,1430,4037,3984,3045,2840,2408,3901,1910,889,2525,2306,2518,2095,1896,1925,1935,1459,1688,1993,1800,1261,0,182585
2025-09-18,21439,56005,43088,33012,34112,31261,49965,24874,11359,30031,30115,33234,24836,24233,23174,29069,17442,24589,23797,28475,16745,1388,3574,2935,2438,2427,2118,3153,1490,749,1985,1987,2292,1676,1795,1762,1891,1032,1475,1673,1967,1143,0,187727
2025-09-19,18612,56434,44659,31030,34627,31171,51174,24867,10565,30149,30343,31826,24942,24022,23957,26751,17983,22949,24707,26898,17102,1244,3641,2988,2221,2506,2258,3141,1579,737,2088,1987,2285,1711,1771,1778,1953,1186,1446,1607,1725,1152,0,200346
2025-09-20,17283,51640,42982,32282,31858,29709,49065,23388,9973,29640,29165,30452,24305,23293,23143,24827,18228,23052,23041,26248,15658,1261,3146,2770,2191,2014,2058,3009,1466,643,1901,1819,1978,1684,1670,1615,1594,1138,1538,1719,1748,1043,1,177606
2025-09-21,17776,46321,40256,29017,30440,26140,49329,23126,9071,27632,25949,27752,22649,21814,22551,23018,17915,20710,22627,24749,15075,1221,2885,2494,1995,1991,1751,2989,1481,538,1894,1505,1834,1492,1493,1526,1357,1037,1238,1598,1489,930,1,149898
2025-09-22,17267,55942,43211,31247,32956,30068,51907,24059,9954,29929,34679,334,45244,24689,24136,25308,19399,22177,22882,42242,153,1271,3533,3216,2206,2525,2029,3391,1493,618,2006,2287,643,3487,2052,1644,1667,1274,1552,1740,2782,279,0,187579
2025-09-23,19507,54715,41790,31839,33143,28943,51169,24817,11000,29536,35890,0,47460,25474,22918,27481,18582,23773,23001,27284,16974,1354,3475,2710,2421,2657,2114,3287,1582,776,2203,2434,0,3335,1956,1534,1868,1241,1757,1590,1806,1123,0,190309
2025-09-24,19679,54178,41012,33396,35185,30227,51239,24965,10718,29771,29763,32230,24699,26174,22520,28110,18224,24383,24624,27086,18500,1236,3612,2806,2097,2435,2191,3107,1490,697,2311,2090,2350,1768,1894,1462,2083,1123,1728,1691,1878,1233,0,191859
2025-09-25,18327,56186,44471,32508,34391,31330,51520,24496,10299,33013,28276,32746,25268,24722,24067,26308,19232,26205,24432,28288,17739,1165,3526,3425,2304,2287,2277,3172,1534,682,2102,2050,2165,2003,1714,1831,1786,1279,1693,1840,1814,1166,0,184503
2025-09-26,19798,53575,44338,32140,33916,29976,53849,25926,10380,30386,29132,31463,24762,24818,23810,27349,18988,25484,23577,27378,17558,1286,3528,2873,2239,2377,2137,3560,1603,697,1956,2239,2165,1859,1697,1709,1738,1306,1567,1685,1837,1256,0,207267
2025-09-27,16361,51214,45846,31846,31452,29427,49777,25027,10804,28646,28729,31795,23872,23872,22540,25508,19948,22254,23548,28740,15755,1139,3355,2846,2074,2043,1964,3005,1627,687,1757,1728,2011,1597,1656,1474,1812,1241,1466,1682,1889,991,1,180298
2025-09-28,16232,49820,39361,30576,30310,26760,46324,22450,9928,26840,26132,28434,23473,21464,22235,23743,17950,20717,23852,25181,14738,962,2983,2590,2037,2187,1749,2840,1361,641,1704,1591,1778,1473,1490,1440,1438,1032,1426,1575,1431,858,1,128856
2025-09-29,18258,52870,44875,32916,32201,30189,51453,25047,10040,29318,29061,30684,25255,25451,24220,23284,19695,24979,22556,27116,16456,1140,3384,2767,2415,2373,2191,3558,1466,680,2052,2134,2194,1818,1860,1536,1836,1390,1532,1705,1688,1123,0,189799
2025-09-30,16221,56860,42575,31866,33390,29471,50846,24612,10292,29587,29247,30906,25099,25410,26063,17870,21786,23975,22916,26257,16685,1127,3667,2758,2158,2390,2045,3437,1558,735,2059,2011,2311,1784,1934,1848,1373,1586,1570,1742,1719,1184,0,193020
2025-10-01,16337,54437,41165,31516,32213,28356,48873,23669,10595,29066,27845,31457,23701,25675,22343,19177,21055,23387,23260,26907,17295,1198,3257,2875,2319,2287,1832,3590,1536,735,2059,2014,2136,1862,2006,1550,1332,1418,1558,1621,1938,1109,0,199512
2025-10-02,17516,53694,39897,33006,32469,28020,49514,24513,10784,28243,27693,32839,23894,24919,23012,21012,20343,23080,22701,26957,15991,1129,3607,2693,2625,2412,1895,3231,1474,716,1992,1814,2237,1958,1841,1589,1799,1358,1572,1636,1708,1143,0,211627
2025-10-03,14544,48377,37685,28080,30588,24958,48875,20525,8824,25595,26177,28147,20990,22117,17480,25351,15908,20583,21030,24145,15532,906,2894,2542,2060,1966,1816,2893,1186,551,1762,1570,1822,1356,1385,1183,1526,1022,1385,1397,1463,899,1,149804
2025-10-04,14783,51527,39941,30354,32320,27802,48442,22763,10034,27556,26902,28876,21344,23177,20362,26282,16955,21542,22968,25230,15794,906,3178,2669,2302,2124,2008,3034,1471,687,1898,1668,1910,1457,1630,1534,1807,1085,1377,1567,1460,971,1,165071
2025-10-05,17112,45388,41080,28488,30775,25128,44417,21200,9021,27118,24650,28283,21778,20775,20312,24185,15527,22122,20981,26562,14450,1146,2808,2501,1916,2016,1778,2772,1262,589,1742,1486,1805,1494,1375,1370,1523,994,1313,1558,1572,976,1,113268
2025-10-06,15302,45880,36812,28580,27935,24468,46514,21871,8897,23293,26927,26335,20413,20535,18507,24662,17043,20449,22056,26281,13167,1000,2702,2467,1895,1860,1496,2830,1282,553,1555,1625,1718,1640,1332,1217,1559,1046,1204,1463,1688,896,1,74595
2025-10-07,14392,47679,38102,29838,31506,26586,44978,21481,8678,25224,25213,28723,19614,22447,19198,22332,16365,20752,22167,24743,14337,854,2813,2342,2058,2085,1866,2650,1298,495,1637,1591,1877,1334,1601,1231,1442,1034,1221,1567,1428,890,1,117327
2025-10-08,14668,45212,41949,28715,31497,25903,46354,20699,8640,28430,24109,27277,23103,20163,20648,23595,15080,20125,23823,24761,15224,900,2688,2621,1970,2024,1624,2709,1277,551,1838,1553,1735,1588,1382,1286,1492,883,1221,1644,1500,1011,1,143829
2025-10-09,13347,49204,36538,28540,30314,24136,50095,20641,9812,23714,27029,26861,21448,22492,18734,23380,15334,21799,20534,24322,15322,824,3029,2258,1920,2087,1440,2955,1279,680,1493,1642,1685,1334,1433,1200,1498,979,1198,1452,1449,913,1,140540
2025-10-10,16059,52196,41916,30551,31857,27503,50574,23005,9672,28702,26929,29613,21992,24764,21532,24087,16615,23370,22670,26366,16257,1008,3355,3041,2033,2477,2064,3266,1430,672,2083,1800,2122,1647,1754,1435,1741,1159,1610,1745,1745,1089,0,189572
2025-10-11,16514,49660,41389,29849,32085,27008,49635,22539,10062,28721,25204,31043,22663,23121,21284,23693,17466,24716,20750,28024,15336,1085,3058,2590,2206,2152,1884,3047,1478,651,1961,1632,1987,1676,1709,1349,1605,1195,1630,1475,1688,1011,1,170932
2025-10-12,14861,47185,38335,27653,31005,24864,41745,20288,9021,26248,25277,26812,20745,20988,21578,22657,15145,22817,20004,24376,14903,933,2974,2393,1962,2070,1736,2396,1308,614,1697,1558,1764,1482,1428,1378,1624,946,1414,1469,1472,976,1,125904
2025-10-13,15937,54144,39575,28992,31937,27299,48263,23323,10390,27650,27899,29151,23400,23018,22094,25243,17396,22272,23304,24448,16518,1196,3434,2940,2135,2241,2148,3097,1435,689,2100,1987,2009,1805,1759,1690,1870,1238,1483,1630,1685,1106,0,183323
2025-10-14,15756,53935,40768,29081,31028,26913,53736,23099,9665,28155,26784,28116,25738,23406,19262,26658,17440,23656,22409,24183,16595,1085,3458,2868,2342,2191,2085,3610,1474,645,2018,1846,1903,1903,1654,1411,1839,1080,1532,1636,1535,1135,0,176685
2025-10-15,17017,51955,39774,29984,31419,27910,52203,23224,10508,27324,26857,30204,23570,22666,19694,28526,15962,23524,21881,25070,16857,1158,3456,2654,2191,2461,2173,3329,1462,789,2105,1826,2107,1701,1682,1332,1968,991,1670,1593,1601,1175,0,187534
2025-10-16,14673,55366,39708,29200,31387,28884,47393,22937,9728,26338,27414,30329,24876,23261,20046,26027,16900,23845,22419,27109,16593,1023,3535,2772,2164,2406,2150,2993,1531,672,1843,1829,2227,1647,1692,1582,2131,1116,1584,1642,1904,1086,0,182972
2025-10-17,15930,51780,40729,29592,31100,27884,48057,23692,10726,26794,27079,32224,22537,21419,21113,26392,18106,22955,22151,27159,15971,1029,3394,2664,2204,2412,2198,3026,1481,803,1913,1838,2162,1747,1586,1498,1768,1159,1575,1524,1921,1100,0,196041
2025-10-18,16730,48473,38968,29190,30140,27871,40992,21341,9714,28340,25190,28318,24396,17903,23250,36732,5112,21971,21871,24651,16444,1064,2904,2587,1970,2170,1914,2542,1289,662,1891,1591,1822,1605,1219,1697,2354,614,1339,1521,1431,1054,1,170528
2025-10-19,18004,43349,38658,25866,27689,24123,43312,20212,9029,25437,23053,29245,19989,17868,18954,26935,15297,18521,21908,24589,15183,1058,2647,2400,1692,1845,1636,2619,1198,607,1793,1375,1771,1261,1236,1181,1667,953,1172,1365,1434,901,1,133108
2025-10-20,16827,51198,38903,28697,30366,27266,48459,22229,9905,27173,26347,28778,24027,19423,20775,26261,16937,22392,22064,25145,15969,1112,3398,2813,2287,2006,2016,3147,1435,693,2071,1814,1922,1745,1754,1488,1907,1114,1426,1691,1630,1100,0,183756
2025-10-21,16449,51056,39053,29079,30053,27140,48157,22201,9892,26654,27460,26401,25107,19132,24127,23792,16454,21791,23448,23437,16412,1114,3115,3043,1955,2316,2008,3068,1351,639,2083,1795,1865,1793,1493,1692,1561,1025,1385,1619,1480,1066,0,190177
2025-10-22,16669,50815,39712,27688,30238,26913,47284,21899,9866,27191,26894,28036,22483,18994,22651,25120,17089,22296,21961,24285,16497,1196,3180,3206,1891,2193,1912,2986,1387,624,2107,1786,1932,1837,1346,1634,1805,1138,1486,1570,1515,1109,0,188954
2025-10-23,16887,51495,38387,28728,30195,24823,49087,22779,9708,26831,25699,29747,22558,19155,19181,27179,16831,23183,21275,25414,16368,1033,3146,2762,2206,2302,1734,3043,1421,687,1728,1886,2033,1738,1466,1442,2016,1037,1529,1716,1604,1117,0,186525
2025-10-24,15371,52177,37090,28649,30050,25341,48377,22235,9505,27493,23651,30515,20884,18536,21354,26740,14922,24343,19819,25302,16610,970,3343,2717,1983,2421,1958,3128,1351,620,1915,1762,2030,1553,1536,1529,1908,982,1521,1584,1604,1115,0,202095
2025-10-25,16106,46219,39428,27673,28652,24823,44851,21222,9827,27623,24334,26579,23476,17359,21350,24990,15982,22653,20089,24432,15535,1020,2854,2772,1932,2116,1630,2928,1301,666,1867,1596,1750,1559,1286,1476,1766,1020,1443,1506,1454,985,1,188395
2025-10-26,16902,42688,35258,26732,27800,23961,40315,20276,8475,22802,25438,25147,21692,15639,19447,24312,14963,21357,19607,24182,13948,1052,2611,2134,1855,1941,1492,2675,1274,662,1630,1646,1620,1377,1118,1279,1530,898,1290,1394,1457,847,1,142615
2025-10-27,15525,52328,36151,28539,30362,24942,50546,23917,9011,26054,25912,26605,31214,236,32827,21754,17887,24558,22397,21693,19125,1023,3247,2590,2237,2221,1805,3400,1373,591,1877,1769,1858,2087,506,2542,1659,1222,1567,1544,1457,1336,0,187685
2025-10-28,14668,54571,35660,28093,28739,24787,54782,23730,9251,26810,24427,26984,29067,0,35628,24636,15017,29823,21531,25055,16638,1033,3192,2532,2162,1970,2064,3356,1414,641,1841,1699,1915,2001,0,2645,1830,936,1575,1526,1786,1077,0,186747
2025-10-29,15473,50902,37562,27901,28749,25581,52572,23680,9520,25480,29000,27416,22061,18151,20856,25769,15739,27688,21954,24484,18190,1052,3334,2758,2022,2102,1862,3237,1438,664,1870,1865,1954,1705,1490,1370,1692,1080,1572,1621,1800,1172,0,191217
2025-10-30,14460,52663,35432,27977,29158,25368,50433,24091,10022,26280,27650,29163,21445,18842,20258,27136,15669,23887,22534,27210,14506,941,3170,2309,2018,2183,1772,3130,1536,712,1985,1939,1975,1599,1445,1505,1847,1121,1584,1722,1788,1109,0,187424
2025-10-31,14510,51589,36684,28271,29735,24541,52637,22934,9282,27154,25799,29586,21515,18595,20103,26826,15172,23872,22123,25217,16520,1002,3048,2578,1989,2164,1955,3431,1426,630,1922,1709,2064,1690,1433,1514,1907,970,1584,1564,1737,1112,0,205312
2025-11-01,16721,43364,39405,27216,29210,24199,46409,22419,9116,25027,23887,28828,21928,16069,21094,22116,17021,21977,20370,27071,13596,1044,2650,2494,1809,1893,1634,2667,1289,672,1663,1486,1759,1427,1145,1378,1436,1133,1279,1428,1705,919,1,182578
2025-11-02,13895,47083,32946,25854,27061,22496,41266,21359,8685,22889,25035,24689,21435,15707,19063,23201,15134,22067,20991,21743,16106,916,3101,2170,1709,1755,1609,2569,1229,536,1488,1534,1548,1361,1195,1301,1509,974,1276,1440,1428,1037,1,138177
2025-11-03,14655,52468,35776,28068,25557,31150,47652,24564,8977,26975,26103,27880,22014,18614,19657,27096,15778,26986,23178,24624,18117,991,3149,2676,2079,1885,2364,3239,1426,593,1973,2038,1896,1780,1380,1390,1795,1042,1593,1714,1699,1198,0,184092
2025-11-04,14903,51925,36305,29180,29019,24721,52488,23855,10133,26449,24871,30416,22104,18557,19604,28341,14492,26928,21774,25809,16613,906,3194,2554,2072,2241,1701,3204,1507,687,1906,1673,2143,1665,1478,1375,1914,924,1506,1737,1797,1195,0,189560
2025-11-05,15299,51598,36233,28238,28595,24360,49403,25924,8950,27863,25903,29999,20642,19984,19829,24756,17384,23212,23439,24504,16067,1066,3523,2578,2139,2124,1674,3116,1433,614,1903,1706,2030,1563,1625,1474,1638,1370,1486,1760,1728,1103,0,192077
2025-11-06,15297,50248,36443,27515,27525,24159,47442,23325,9064,26915,25975,26967,23063,18586,18892,26006,15662,24240,21738,24384,16710,1196,3173,3132,2100,2099,1889,3039,1442,703,2114,1850,2040,1761,1596,1577,1655,1234,1521,1624,1578,1319,0,192928
2025-11-07,14840,50393,38971,27795,28247,24567,49618,25139,9660,27104,26629,28811,23020,18820,21191,26271,15223,23478,22802,25074,15668,1081,3170,2789,2035,1945,1968,3135,1606,593,1918,1735,2110,1782,1445,1625,1976,965,1572,1483,1797,1071,0,204003
2025-11-08,15678,46995,35620,26969,28166,23352,42429,21973,9240,27275,22453,29340,21335,18264,19912,24815,15406,23847,19547,24458,15687,1008,2875,2249,1926,1972,1855,2473,1327,599,1733,1387,1834,1601,1380,1255,1619,1030,1377,1400,1408,965,1,182865
2025-11-09,15771,42326,34381,25770,27972,21336,41822,23491,8295,24324,23423,26089,19701,16180,19678,23152,15089,20160,22001,23591,14198,1002,2410,2138,1843,1870,1440,2488,1543,574,1538,1493,1610,1373,1054,1243,1555,902,1212,1440,1400,832,1,139384
2025-11-10,14633,51191,35488,27941,28481,25347,50374,23597,9014,27127,25017,26864,21675,19179,23217,23257,15403,24893,22535,24679,16692,925,3278,2203,2052,1941,1859,3166,1332,716,1865,1598,1798,1716,1483,1447,1922,1032,1650,1771,1711,1074,0,187961
2025-11-11,13905,53507,35435,26868,30194,24579,50427,24642,9653,26355,26370,27068,22265,19465,20815,22156,17605,27009,22690,23559,19142,887,3221,2592,2001,2398,1811,3174,1512,762,1908,1627,1723,1620,1644,1534,1475,1217,1584,1627,1561,1339,0,194209
2025-11-12,15627,52190,35816,27502,28633,25851,51513,24015,10417,27986,24556,28446,21870,19861,19940,26640,14813,28049,23106,25052,18845,1052,3144,2501,2112,2172,1814,3189,1481,887,1922,1699,2095,1496,1687,1378,1843,922,1610,1685,1610,1172,0,195293
2025-11-13,18036,50167,37465,28171,28422,25477,51637,25813,9584,27651,27413,29653,22033,19630,19805,26760,15627,27094,22558,26011,17554,1114,3144,2556,2114,2072,1839,3195,1414,770,1860,1867,2030,1567,1680,1680,1991,989,1567,1693,1670,1256,0,188657
2025-11-14,14304,51514,36884,27893,28426,26836,43780,23911,9331,26483,26214,29001,21842,19195,23049,22749,16130,25868,24105,27246,15972,964,3007,2494,2072,1974,1860,2778,1402,620,1925,1790,1949,1555,1397,1608,1452,1022,1457,1636,1878,1117,0,204275
2025-11-15,15370,46423,36715,26576,27850,24522,44404,23660,9374,25175,26784,26585,19945,19426,19066,25965,15243,25098,23379,24617,17076,948,2693,2455,1901,1793,1926,2523,1358,657,1579,1757,1714,1419,1512,1272,1749,977,1489,1714,1426,1011,1,183843
2025-11-16,14879,44814,31696,27105,26519,24703,39427,22255,8557,22504,25973,25547,21528,16864,18937,22944,14479,22374,23756,24153,16118,939,2585,2071,1711,1837,1572,2264,1248,555,1486,1572,1711,1394,1229,1250,1457,866,1460,1541,1564,1020,1,142366
2025-11-17,13370,55048,29734,32718,29815,24574,51487,23899,8799,26421,27842,26474,20479,21634,19268,25369,14509,24916,24222,24509,18713,966,3286,2496,2135,2221,1789,3135,1404,586,1790,1745,1896,1465,1510,1366,1907,984,1728,1742,1725,1230,0,186128
2025-11-18,14737,58049,31163,32001,28107,27255,54435,28310,9102,26080,26266,27350,22285,19312,19070,25799,15645,28280,24979,27002,19067,1027,3430,2602,2220,1956,1932,3034,1570,722,1855,1687,1747,1818,1577,1392,1763,1121,1786,2056,1722,1198,0,183383
2025-11-19,13946,56868,30014,31945,28885,25580,54435,28366,8593,26692,26851,28391,21757,19663,19538,27252,14455,29090,24610,27248,18916,918,3662,2141,2248,2097,1880,3105,1500,589,1838,1786,1927,1793,1589,1354,1958,876,1780,1915,1892,1158,0,192529
2025-11-20,14015,56474,33980,29539,29193,25797,52251,28144,9079,26164,28481,26141,23266,19355,19516,26883,14369,28189,24234,22451,20414,912,3355,2429,2252,2193,1916,3124,1498,630,1800,1889,1906,1870,1553,1522,1797,972,1656,1832,1814,1423,0,193372
2025-11-21,13363,47891,32420,26089,26912,23335,43726,22820,8198,22487,24892,25071,20219,17124,19472,21405,13708,28200,23885,25094,17953,973,3418,2570,2058,2166,1845,2723,1562,507,1632,1793,1606,1574,1433,1337,1716,859,1644,1820,1627,1117,0,202847
2025-11-22,14474,47884,37513,26817,28251,25589,42023,23782,9108,25369,24948,29000,20953,18995,22718,21635,16981,27230,22787,25561,16880,939,2789,2477,1822,1841,1857,2417,1356,578,1721,1490,1754,1444,1524,1596,1380,1123,1434,1561,1696,1158,1,179629
2025-11-23,14742,45373,35923,24766,26712,22989,44493,21569,7909,25676,23640,28081,19707,17323,21016,21135,14909,25715,23003,26479,14173,904,2669,2186,1766,1780,1586,2640,1253,478,1577,1553,1673,1354,1346,1313,1384,910,1581,1621,1668,806,1,136290
2025-11-24,14472,55151,34983,28225,28945,26805,52061,24335,8849,28469,26914,30392,22109,19597,20740,26842,14710,24734,22758,24831,16834,995,3367,2419,1932,2210,1987,3199,1450,728,1882,1862,2213,1561,1603,1541,1860,914,1688,1604,1768,1112,0,185233
2025-11-25,16696,52959,36339,28737,28427,26340,51063,24350,8896,26784,27815,31231,22044,19378,22493,26453,14709,28712,23044,27302,17289,1046,3408,2628,2028,2223,1847,2978,1411,660,2026,1908,2153,1624,1651,1404,1924,960,1670,1837,1846,1140,0,183289
2025-11-26,14470,56773,35201,28134,28563,27518,45653,25916,8848,28340,27155,30636,22005,20468,22988,25293,15574,28631,22919,27733,16710,950,3653,2827,1853,2273,1926,2771,1486,657,1937,1800,2119,1457,1582,1625,1761,1039,1526,1691,1898,1166,0,194447
2025-11-27,15273,55330,35354,28240,28747,27344,49909,25120,8800,27365,28073,28412,22041,19959,19855,26958,15094,28048,24410,26153,18740,1008,3487,2652,2204,2183,1939,2989,1634,624,1757,2170,1968,1768,1627,1426,1830,1097,1829,1872,1728,1175,0,185531
2025-11-28,13345,56926,33914,29034,28953,26785,49395,29086,8612,26821,28130,27569,22571,19426,19777,26799,14759,28844,24702,26401,18481,808,3538,2292,1849,2125,1860,2947,1514,659,1872,1822,1733,1740,1406,1296,1908,910,1786,1740,1642,1175,0,201837
2025-11-29,14459,52769,36642,26082,27877,25604,50170,29644,9118,27433,25262,29815,20795,17801,20884,26414,14980,29926,22391,26765,17335,918,2952,2474,1709,1907,1647,2713,1613,593,1723,1519,1836,1415,1363,1488,1703,991,1748,1601,1714,1040,1,175638
2025-11-30,15510,42827,36149,25366,26633,23977,41151,27367,8624,23119,24184,28426,19358,17464,19837,21576,16723,26275,21328,25457,15625,996,2398,2215,1697,1793,1517,2431,1476,549,1435,1466,1678,1167,1188,1298,1430,1090,1515,1345,1434,844,1,133195
2025-12-01,13655,55941,35747,27663,28273,26961,53232,25258,8534,25994,27149,29213,21927,18980,21086,25880,15119,25391,24145,26133,16615,866,3446,2501,1899,2148,1839,3174,1615,614,1848,1829,1920,1442,1637,1531,1830,953,1731,1760,1656,1126,0,184912
2025-12-02,12834,56072,37072,28329,33745,20600,51421,29390,8938,26270,26578,27865,23035,19134,22422,26207,14644,28835,25931,27012,18027,851,3410,2918,1999,2364,1615,3124,1579,632,1850,1697,1855,1703,1550,1781,1793,1039,1708,1814,1956,1140,0,182992
2025-12-03,15135,59773,36964,28683,33250,21486,57654,32094,8772,36414,279,44738,22691,19640,22319,25328,16294,33553,26917,29849,18636,948,3329,2834,1945,2214,1507,3258,1774,647,2326,569,3166,1530,1517,1574,1705,1051,1984,1912,2189,1192,0,181582
2025-12-04,16100,62282,34621,29222,28868,27447,55897,33607,9267,35470,0,49541,20904,20158,21687,25750,16076,32805,26268,29253,20173,1020,3458,2590,2283,1968,1956,3410,1735,607,2196,0,3300,1553,1745,1464,1747,1130,1699,2071,1947,1218,0,179479
2025-12-05,14802,61792,35373,28804,29245,27224,54529,33107,9077,26671,25531,29884,23314,19559,21841,25548,16215,32454,26873,29280,18963,995,3672,2383,2202,2173,1910,3020,1668,670,1870,1733,2196,1734,1627,1459,1772,1022,1791,1947,1849,1371,0,194912
2025-12-06,14182,59062,32553,28785,28548,26387,50250,32576,8785,26601,24964,29448,22873,19021,20530,25857,14981,30256,25667,28060,17873,937,3317,2246,1926,1849,1722,2753,1656,564,1706,1452,1778,1509,1296,1512,1718,1008,1731,1734,1691,1008,1,178792
2025-12-07,14901,52669,35423,25676,25459,24369,49065,28249,8776,24713,26931,27257,22284,17381,21182,23245,15110,27914,23895,23342,18539,1027,2794,2311,1864,1551,1571,2786,1471,553,1572,1754,1750,1354,1138,1306,1532,874,1567,1449,1480,1063,1,133164
2025-12-08,15092,56962,34424,29254,27791,27880,49308,28206,9182,27655,24001,28632,24602,18563,23349,24262,14335,29688,25000,26654,18427,1046,4015,2422,1903,2064,1999,2976,1754,749,1793,1690,1867,1795,1339,1663,1645,922,1806,1901,1688,1175,0,185636
2025-12-09,16018,61031,35003,28335,29229,25927,55141,31736,9453,26074,28790,28879,22746,18370,22008,26213,15347,32509,24939,27414,18911,1002,3686,2479,2047,2064,2202,3360,1620,680,2009,1925,1853,1686,1534,1543,1793,977,1809,1918,1670,1227,0,185388
2025-12-10,17004,58658,35680,27110,28944,25597,54093,30446,9205,26371,28918,29914,24169,18262,22101,24404,16350,31417,25084,28187,18791,1167,3754,2551,1809,2158,1778,2986,1577,595,2066,1999,2110,1943,1361,1553,1926,1253,1765,1927,2065,1218,0,192052
2025-12-11,16307,55628,38446,24828,29428,25697,51563,26159,9836,27638,28349,28417,23688,19043,23877,24483,15857,30204,24240,26777,17996,1085,3636,2597,1960,2214,1836,3128,1627,674,2018,1824,1937,1747,1733,1548,1784,1080,1797,1679,1665,1178,0,193101
2025-12-12,16048,59570,37234,26947,29873,26563,54393,30430,9068,26854,27461,31894,22644,18516,24348,20739,16985,31241,24656,29498,19058,1112,3682,2633,1857,2195,1836,3322,1745,628,1954,2064,2189,1590,1579,1644,1661,1222,1806,2028,2200,1385,0,204147
2025-12-13,15304,55697,33687,27299,28006,26182,47974,26567,9536,26357,26365,29200,22599,17201,20161,25168,16114,30181,23092,29096,18115,968,3197,2162,1837,1882,1722,2761,1375,591,1889,1670,1834,1548,1090,1308,1647,996,1679,1417,1791,1284,1,184860
2025-12-14,12972,56260,32069,25999,26480,23265,48610,27157,8458,23726,26715,27057,20256,17035,19598,22167,16138,30552,22758,27951,17651,808,3034,1994,1730,1807,1509,2748,1471,507,1637,1644,1651,1396,1262,1279,1457,1025,1604,1737,1578,959,1,146025
2025-12-15,14844,60877,34856,28685,29351,26097,55245,30054,9123,28337,27452,28572,23757,18895,26117,17943,18400,32671,25669,26817,20269,972,3768,2693,2091,2143,1845,3245,1553,660,1934,1742,2011,1837,1406,1913,1542,1332,1884,1814,1835,1259,0,185154
2025-12-16,14499,64852,33611,29403,27264,27484,56378,31194,9276,26972,30439,29783,23358,19005,27347,16482,19053,33393,24273,28212,19796,854,3768,2378,2158,2004,1855,3239,1745,708,2107,2170,2062,1916,1627,1730,1212,1219,1935,1774,1979,1316,0,191018
2025-12-17,15702,57556,35414,29893,26376,26593,53227,28484,9429,27352,28294,30890,22342,19719,26617,19252,18506,30190,23815,28229,18063,1014,3797,2537,2056,2089,1780,3310,1534,624,1934,1990,2090,1745,1488,1829,1444,1296,1705,1840,1832,1210,0,192628
2025-12-18,17056,59048,35200,29024,28585,26702,53091,30302,9369,27497,28731,28868,24458,18067,27763,20482,16370,30454,26098,31749,15947,1039,3557,2354,2072,2148,1851,3032,1634,653,1855,1836,1879,1749,1418,2018,1413,1020,1791,2022,2215,1077,0,188295
2025-12-19,16986,58766,35971,29643,25300,27356,56279,32101,9609,26179,29303,34031,21744,18869,24692,20512,18763,29661,25549,30565,17472,1083,3626,2599,2158,2102,1985,3283,1661,732,1814,1963,2234,1753,1442,1567,1465,1214,1783,2004,1788,1233,0,203185
2025-12-20,15718,49966,36826,28531,28729,28233,46002,25274,9524,26067,28388,33639,24581,18490,25908,21929,18769,28336,22070,28781,16785,948,2837,2395,1947,1937,1805,2753,1454,614,1733,1721,2110,1586,1248,1678,1469,1241,1572,1644,1791,999,1,192572
2025-12-21,16979,44923,36674,25489,27518,23342,43286,25487,8321,25642,25141,27163,20872,16313,23857,21543,15552,26831,26155,28336,16865,1094,2614,2170,1933,1893,1672,2469,1517,511,1598,1632,1692,1411,1051,1483,1354,1003,1414,1572,1630,965,1,140209
2025-12-22,16335,61271,35024,30180,28543,27446,53991,32251,9480,27875,28345,28307,24498,18256,27787,20345,16139,32604,27147,27599,20571,1085,4092,2736,1962,2183,1859,3133,1610,664,1951,1891,2167,1732,1610,1817,1613,1006,1823,2074,1783,1233,0,187810
2025-12-23,15453,61740,35689,28828,28562,26667,54594,33041,9251,27426,28180,28952,24056,18770,25437,20605,18204,32072,25964,27714,20522,981,3797,2340,1991,2102,2012,3214,1771,651,1824,1930,1930,1801,1510,1841,1465,1186,1748,2088,1748,1236,0,188445
2025-12-24,14961,57448,35006,28570,29427,26525,49308,29810,8860,27192,27533,27850,23022,18512,23730,22158,15790,34273,21289,27203,20265,1066,3768,2573,2066,2037,1880,3016,1656,620,2021,1838,1992,1791,1481,1690,1672,1003,1996,1561,2036,1201,0,199631
2025-12-25,15614,55799,30897,28979,29079,23363,49001,32443,8694,23228,26755,26075,21760,16701,21080,23087,16216,29633,26184,27798,17198,985,3074,1829,1770,1839,1532,2509,1654,559,1464,1594,1750,1436,1104,1289,1515,948,1572,1656,1869,936,1,176482
2025-12-26,14907,66881,35478,29674,30746,28316,58141,37182,9348,28687,25074,31372,23525,19163,24440,20723,19271,35603,27275,31856,20567,1033,3910,2746,2225,2112,1914,3226,1946,714,2081,1877,2256,1755,1517,1649,1645,1358,1967,1909,2053,1256,0,182512
2025-12-27,15666,58579,34013,29152,30355,26352,54903,33654,9380,25264,27479,29506,23673,18284,21211,24164,17750,31890,25300,30970,18435,1058,3247,2146,1891,2039,1761,2849,1714,684,1546,1766,1742,1692,1183,1344,1649,1138,1668,1685,1889,1207,1,170385
2025-12-28,16962,49337,36357,25991,27996,24730,51492,29485,8366,24178,27565,25308,22125,16754,21911,21979,16105,31586,23735,26908,17939,1148,2760,2393,1937,1901,1584,2719,1596,495,1644,1632,1654,1421,1092,1411,1503,1046,1878,1639,1771,1097,1,132174
2025-12-29,15603,58213,35986,29366,29425,27162,53970,30021,9191,27999,28578,28576,25009,19756,28635,15893,18911,32923,23224,27657,18618,1087,3480,2362,2200,2179,1841,3180,1673,653,1922,1882,1778,1928,1514,2006,1409,1306,1895,1800,1719,1224,0,194939
2025-12-30,13690,62429,34424,30607,29232,27684,54465,31880,8937,27305,28541,27796,25147,18166,28467,15579,18611,30688,26985,29863,20082,927,3595,2386,2124,2068,2004,3120,1858,580,1975,1884,1966,1749,1385,1896,1000,1202,1728,1791,2076,1282,0,188146
2025-12-31,14065,64296,35258,30106,29481,26300,57983,34433,8912,28115,26894,26955,23589,18344,25690,20677,16636,35148,27518,30155,21918,954,3658,2287,2220,2189,2024,3325,1793,655,2244,1711,1802,1736,1692,1673,1419,1061,1895,1901,1932,1328,0,205745
2026-01-01,,,,,,,,,,,,,,,,,,,,,,,,,,,,,,,,,,,,,,,,,,,1,
2026-01-02,,,,,,,,,,,,,,,,,,,,,,,,,,,,,,,,,,,,,,,,,,,0,
2026-01-03,,,,,,,,,,,,,,,,,,,,,,,,,,,,,,,,,,,,,,,,,,,1,
2026-01-04,,,,,,,,,,,,,,,,,,,,,,,,,,,,,,,,,,,,,,,,,,,1,
2026-01-05,,,,,,,,,,,,,,,,,,,,,,,,,,,,,,,,,,,,,,,,,,,0,
2026-01-06,,,,,,,,,,,,,,,,,,,,,,,,,,,,,,,,,,,,,,,,,,,0,
2026-01-07,,,,,,,,,,,,,,,,,,,,,,,,,,,,,,,,,,,,,,,,,,,0,
2026-01-08,,,,,,,,,,,,,,,,,,,,,,,,,,,,,,,,,,,,,,,,,,,0,
2026-01-09,,,,,,,,,,,,,,,,,,,,,,,,,,,,,,,,,,,,,,,,,,,0,
2026-01-10,,,,,,,,,,,,,,,,,,,,,,,,,,,,,,,,,,,,,,,,,,,1,
2026-01-11,,,,,,,,,,,,,,,,,,,,,,,,,,,,,,,,,,,,,,,,,,,1,
2026-01-12,,,,,,,,,,,,,,,,,,,,,,,,,,,,,,,,,,,,,,,,,,,0,
2026-01-13,,,,,,,,,,,,,,,,,,,,,,,,,,,,,,,,,,,,,,,,,,,0,
2026-01-14,,,,,,,,,,,,,,,,,,,,,,,,,,,,,,,,,,,,,,,,,,,0,
2026-01-15,,,,,,,,,,,,,,,,,,,,,,,,,,,,,,,,,,,,,,,,,,,0,
2026-01-16,,,,,,,,,,,,,,,,,,,,,,,,,,,,,,,,,,,,,,,,,,,0,
2026-01-17,,,,,,,,,,,,,,,,,,,,,,,,,,,,,,,,,,,,,,,,,,,1,
2026-01-18,,,,,,,,,,,,,,,,,,,,,,,,,,,,,,,,,,,,,,,,,,,1,
2026-01-19,,,,,,,,,,,,,,,,,,,,,,,,,,,,,,,,,,,,,,,,,,,0,
2026-01-20,,,,,,,,,,,,,,,,,,,,,,,,,,,,,,,,,,,,,,,,,,,0,
2026-01-21,,,,,,,,,,,,,,,,,,,,,,,,,,,,,,,,,,,,,,,,,,,0,
2026-01-22,,,,,,,,,,,,,,,,,,,,,,,,,,,,,,,,,,,,,,,,,,,0,
2026-01-23,,,,,,,,,,,,,,,,,,,,,,,,,,,,,,,,,,,,,,,,,,,0,
2026-01-24,,,,,,,,,,,,,,,,,,,,,,,,,,,,,,,,,,,,,,,,,,,1,
2026-01-25,,,,,,,,,,,,,,,,,,,,,,,,,,,,,,,,,,,,,,,,,,,1,
2026-01-26,,,,,,,,,,,,,,,,,,,,,,,,,,,,,,,,,,,,,,,,,,,0,
2026-01-27,,,,,,,,,,,,,,,,,,,,,,,,,,,,,,,,,,,,,,,,,,,0,
2026-01-28,,,,,,,,,,,,,,,,,,,,,,,,,,,,,,,,,,,,,,,,,,,0,
2026-01-29,,,,,,,,,,,,,,,,,,,,,,,,,,,,,,,,,,,,,,,,,,,0,
2026-01-30,,,,,,,,,,,,,,,,,,,,,,,,,,,,,,,,,,,,,,,,,,,0,
2026-01-31,,,,,,,,,,,,,,,,,,,,,,,,,,,,,,,,,,,,,,,,,,,1,
2026-02-01,,,,,,,,,,,,,,,,,,,,,,,,,,,,,,,,,,,,,,,,,,,1,
2026-02-02,,,,,,,,,,,,,,,,,,,,,,,,,,,,,,,,,,,,,,,,,,,0,
2026-02-03,,,,,,,,,,,,,,,,,,,,,,,,,,,,,,,,,,,,,,,,,,,0,
2026-02-04,,,,,,,,,,,,,,,,,,,,,,,,,,,,,,,,,,,,,,,,,,,0,
2026-02-05,,,,,,,,,,,,,,,,,,,,,,,,,,,,,,,,,,,,,,,,,,,0,
2026-02-06,,,,,,,,,,,,,,,,,,,,,,,,,,,,,,,,,,,,,,,,,,,0,
2026-02-07,,,,,,,,,,,,,,,,,,,,,,,,,,,,,,,,,,,,,,,,,,,1,
2026-02-08,,,,,,,,,,,,,,,,,,,,,,,,,,,,,,,,,,,,,,,,,,,1,
2026-02-09,,,,,,,,,,,,,,,,,,,,,,,,,,,,,,,,,,,,,,,,,,,0,
2026-02-10,,,,,,,,,,,,,,,,,,,,,,,,,,,,,,,,,,,,,,,,,,,0,
2026-02-11,,,,,,,,,,,,,,,,,,,,,,,,,,,,,,,,,,,,,,,,,,,0,
2026-02-12,,,,,,,,,,,,,,,,,,,,,,,,,,,,,,,,,,,,,,,,,,,0,
2026-02-13,,,,,,,,,,,,,,,,,,,,,,,,,,,,,,,,,,,,,,,,,,,0,
2026-02-14,,,,,,,,,,,,,,,,,,,,,,,,,,,,,,,,,,,,,,,,,,,1,
2026-02-15,,,,,,,,,,,,,,,,,,,,,,,,,,,,,,,,,,,,,,,,,,,1,
2026-02-16,,,,,,,,,,,,,,,,,,,,,,,,,,,,,,,,,,,,,,,,,,,1,
2026-02-17,,,,,,,,,,,,,,,,,,,,,,,,,,,,,,,,,,,,,,,,,,,1,
2026-02-18,,,,,,,,,,,,,,,,,,,,,,,,,,,,,,,,,,,,,,,,,,,1,
2026-02-19,,,,,,,,,,,,,,,,,,,,,,,,,,,,,,,,,,,,,,,,,,,0,
2026-02-20,,,,,,,,,,,,,,,,,,,,,,,,,,,,,,,,,,,,,,,,,,,0,
2026-02-21,,,,,,,,,,,,,,,,,,,,,,,,,,,,,,,,,,,,,,,,,,,1,
2026-02-22,,,,,,,,,,,,,,,,,,,,,,,,,,,,,,,,,,,,,,,,,,,1,
2026-02-23,,,,,,,,,,,,,,,,,,,,,,,,,,,,,,,,,,,,,,,,,,,0,
2026-02-24,,,,,,,,,,,,,,,,,,,,,,,,,,,,,,,,,,,,,,,,,,,0,
2026-02-25,,,,,,,,,,,,,,,,,,,,,,,,,,,,,,,,,,,,,,,,,,,0,
2026-02-26,,,,,,,,,,,,,,,,,,,,,,,,,,,,,,,,,,,,,,,,,,,0,
2026-02-27,,,,,,,,,,,,,,,,,,,,,,,,,,,,,,,,,,,,,,,,,,,0,
2026-02-28,,,,,,,,,,,,,,,,,,,,,,,,,,,,,,,,,,,,,,,,,,,1,
2026-03-01,,,,,,,,,,,,,,,,,,,,,,,,,,,,,,,,,,,,,,,,,,,1,
2026-03-02,,,,,,,,,,,,,,,,,,,,,,,,,,,,,,,,,,,,,,,,,,,1,
2026-03-03,,,,,,,,,,,,,,,,,,,,,,,,,,,,,,,,,,,,,,,,,,,0,
2026-03-04,,,,,,,,,,,,,,,,,,,,,,,,,,,,,,,,,,,,,,,,,,,0,
2026-03-05,,,,,,,,,,,,,,,,,,,,,,,,,,,,,,,,,,,,,,,,,,,0,
2026-03-06,,,,,,,,,,,,,,,,,,,,,,,,,,,,,,,,,,,,,,,,,,,0,
2026-03-07,,,,,,,,,,,,,,,,,,,,,,,,,,,,,,,,,,,,,,,,,,,1,
2026-03-08,,,,,,,,,,,,,,,,,,,,,,,,,,,,,,,,,,,,,,,,,,,1,
2026-03-09,,,,,,,,,,,,,,,,,,,,,,,,,,,,,,,,,,,,,,,,,,,0,
2026-03-10,,,,,,,,,,,,,,,,,,,,,,,,,,,,,,,,,,,,,,,,,,,0,
2026-03-11,,,,,,,,,,,,,,,,,,,,,,,,,,,,,,,,,,,,,,,,,,,0,
2026-03-12,,,,,,,,,,,,,,,,,,,,,,,,,,,,,,,,,,,,,,,,,,,0,
2026-03-13,,,,,,,,,,,,,,,,,,,,,,,,,,,,,,,,,,,,,,,,,,,0,
2026-03-14,,,,,,,,,,,,,,,,,,,,,,,,,,,,,,,,,,,,,,,,,,,1,
2026-03-15,,,,,,,,,,,,,,,,,,,,,,,,,,,,,,,,,,,,,,,,,,,1,
2026-03-16,,,,,,,,,,,,,,,,,,,,,,,,,,,,,,,,,,,,,,,,,,,0,
2026-03-17,,,,,,,,,,,,,,,,,,,,,,,,,,,,,,,,,,,,,,,,,,,0,
2026-03-18,,,,,,,,,,,,,,,,,,,,,,,,,,,,,,,,,,,,,,,,,,,0,
2026-03-19,,,,,,,,,,,,,,,,,,,,,,,,,,,,,,,,,,,,,,,,,,,0,
2026-03-20,,,,,,,,,,,,,,,,,,,,,,,,,,,,,,,,,,,,,,,,,,,0,
2026-03-21,,,,,,,,,,,,,,,,,,,,,,,,,,,,,,,,,,,,,,,,,,,1,
2026-03-22,,,,,,,,,,,,,,,,,,,,,,,,,,,,,,,,,,,,,,,,,,,1,
2026-03-23,,,,,,,,,,,,,,,,,,,,,,,,,,,,,,,,,,,,,,,,,,,0,
2026-03-24,,,,,,,,,,,,,,,,,,,,,,,,,,,,,,,,,,,,,,,,,,,0,
2026-03-25,,,,,,,,,,,,,,,,,,,,,,,,,,,,,,,,,,,,,,,,,,,0,
2026-03-26,,,,,,,,,,,,,,,,,,,,,,,,,,,,,,,,,,,,,,,,,,,0,
2026-03-27,,,,,,,,,,,,,,,,,,,,,,,,,,,,,,,,,,,,,,,,,,,0,
2026-03-28,,,,,,,,,,,,,,,,,,,,,,,,,,,,,,,,,,,,,,,,,,,1,
2026-03-29,,,,,,,,,,,,,,,,,,,,,,,,,,,,,,,,,,,,,,,,,,,1,
2026-03-30,,,,,,,,,,,,,,,,,,,,,,,,,,,,,,,,,,,,,,,,,,,0,
2026-03-31,,,,,,,,,,,,,,,,,,,,,,,,,,,,,,,,,,,,,,,,,,,0,
2026-04-01,,,,,,,,,,,,,,,,,,,,,,,,,,,,,,,,,,,,,,,,,,,0,
2026-04-02,,,,,,,,,,,,,,,,,,,,,,,,,,,,,,,,,,,,,,,,,,,0,
2026-04-03,,,,,,,,,,,,,,,,,,,,,,,,,,,,,,,,,,,,,,,,,,,0,
2026-04-04,,,,,,,,,,,,,,,,,,,,,,,,,,,,,,,,,,,,,,,,,,,1,
2026-04-05,,,,,,,,,,,,,,,,,,,,,,,,,,,,,,,,,,,,,,,,,,,1,
2026-04-06,,,,,,,,,,,,,,,,,,,,,,,,,,,,,,,,,,,,,,,,,,,0,
2026-04-07,,,,,,,,,,,,,,,,,,,,,,,,,,,,,,,,,,,,,,,,,,,0,
2026-04-08,,,,,,,,,,,,,,,,,,,,,,,,,,,,,,,,,,,,,,,,,,,0,
2026-04-09,,,,,,,,,,,,,,,,,,,,,,,,,,,,,,,,,,,,,,,,,,,0,
2026-04-10,,,,,,,,,,,,,,,,,,,,,,,,,,,,,,,,,,,,,,,,,,,0,
2026-04-11,,,,,,,,,,,,,,,,,,,,,,,,,,,,,,,,,,,,,,,,,,,1,
2026-04-12,,,,,,,,,,,,,,,,,,,,,,,,,,,,,,,,,,,,,,,,,,,1,
2026-04-13,,,,,,,,,,,,,,,,,,,,,,,,,,,,,,,,,,,,,,,,,,,0,
2026-04-14,,,,,,,,,,,,,,,,,,,,,,,,,,,,,,,,,,,,,,,,,,,0,
2026-04-15,,,,,,,,,,,,,,,,,,,,,,,,,,,,,,,,,,,,,,,,,,,0,
2026-04-16,,,,,,,,,,,,,,,,,,,,,,,,,,,,,,,,,,,,,,,,,,,0,
2026-04-17,,,,,,,,,,,,,,,,,,,,,,,,,,,,,,,,,,,,,,,,,,,0,
2026-04-18,,,,,,,,,,,,,,,,,,,,,,,,,,,,,,,,,,,,,,,,,,,1,
2026-04-19,,,,,,,,,,,,,,,,,,,,,,,,,,,,,,,,,,,,,,,,,,,1,
2026-04-20,,,,,,,,,,,,,,,,,,,,,,,,,,,,,,,,,,,,,,,,,,,0,
2026-04-21,,,,,,,,,,,,,,,,,,,,,,,,,,,,,,,,,,,,,,,,,,,0,
2026-04-22,,,,,,,,,,,,,,,,,,,,,,,,,,,,,,,,,,,,,,,,,,,0,
2026-04-23,,,,,,,,,,,,,,,,,,,,,,,,,,,,,,,,,,,,,,,,,,,0,
2026-04-24,,,,,,,,,,,,,,,,,,,,,,,,,,,,,,,,,,,,,,,,,,,0,
2026-04-25,,,,,,,,,,,,,,,,,,,,,,,,,,,,,,,,,,,,,,,,,,,1,
2026-04-26,,,,,,,,,,,,,,,,,,,,,,,,,,,,,,,,,,,,,,,,,,,1,
2026-04-27,,,,,,,,,,,,,,,,,,,,,,,,,,,,,,,,,,,,,,,,,,,0,
2026-04-28,,,,,,,,,,,,,,,,,,,,,,,,,,,,,,,,,,,,,,,,,,,0,
2026-04-29,,,,,,,,,,,,,,,,,,,,,,,,,,,,,,,,,,,,,,,,,,,0,
2026-04-30,,,,,,,,,,,,,,,,,,,,,,,,,,,,,,,,,,,,,,,,,,,0,
2026-05-01,,,,,,,,,,,,,,,,,,,,,,,,,,,,,,,,,,,,,,,,,,,0,
2026-05-02,,,,,,,,,,,,,,,,,,,,,,,,,,,,,,,,,,,,,,,,,,,1,
2026-05-03,,,,,,,,,,,,,,,,,,,,,,,,,,,,,,,,,,,,,,,,,,,1,
2026-05-04,,,,,,,,,,,,,,,,,,,,,,,,,,,,,,,,,,,,,,,,,,,0,
2026-05-05,,,,,,,,,,,,,,,,,,,,,,,,,,,,,,,,,,,,,,,,,,,1,
2026-05-06,,,,,,,,,,,,,,,,,,,,,,,,,,,,,,,,,,,,,,,,,,,0,
2026-05-07,,,,,,,,,,,,,,,,,,,,,,,,,,,,,,,,,,,,,,,,,,,0,
2026-05-08,,,,,,,,,,,,,,,,,,,,,,,,,,,,,,,,,,,,,,,,,,,0,
2026-05-09,,,,,,,,,,,,,,,,,,,,,,,,,,,,,,,,,,,,,,,,,,,1,
2026-05-10,,,,,,,,,,,,,,,,,,,,,,,,,,,,,,,,,,,,,,,,,,,1,
2026-05-11,,,,,,,,,,,,,,,,,,,,,,,,,,,,,,,,,,,,,,,,,,,0,
2026-05-12,,,,,,,,,,,,,,,,,,,,,,,,,,,,,,,,,,,,,,,,,,,0,
2026-05-13,,,,,,,,,,,,,,,,,,,,,,,,,,,,,,,,,,,,,,,,,,,0,
2026-05-14,,,,,,,,,,,,,,,,,,,,,,,,,,,,,,,,,,,,,,,,,,,0,
2026-05-15,,,,,,,,,,,,,,,,,,,,,,,,,,,,,,,,,,,,,,,,,,,0,
2026-05-16,,,,,,,,,,,,,,,,,,,,,,,,,,,,,,,,,,,,,,,,,,,1,
2026-05-17,,,,,,,,,,,,,,,,,,,,,,,,,,,,,,,,,,,,,,,,,,,1,
2026-05-18,,,,,,,,,,,,,,,,,,,,,,,,,,,,,,,,,,,,,,,,,,,0,
2026-05-19,,,,,,,,,,,,,,,,,,,,,,,,,,,,,,,,,,,,,,,,,,,0,
2026-05-20,,,,,,,,,,,,,,,,,,,,,,,,,,,,,,,,,,,,,,,,,,,0,
2026-05-21,,,,,,,,,,,,,,,,,,,,,,,,,,,,,,,,,,,,,,,,,,,0,
2026-05-22,,,,,,,,,,,,,,,,,,,,,,,,,,,,,,,,,,,,,,,,,,,0,
2026-05-23,,,,,,,,,,,,,,,,,,,,,,,,,,,,,,,,,,,,,,,,,,,1,
2026-05-24,,,,,,,,,,,,,,,,,,,,,,,,,,,,,,,,,,,,,,,,,,,1,
2026-05-25,,,,,,,,,,,,,,,,,,,,,,,,,,,,,,,,,,,,,,,,,,,1,
2026-05-26,,,,,,,,,,,,,,,,,,,,,,,,,,,,,,,,,,,,,,,,,,,0,
2026-05-27,,,,,,,,,,,,,,,,,,,,,,,,,,,,,,,,,,,,,,,,,,,0,
2026-05-28,,,,,,,,,,,,,,,,,,,,,,,,,,,,,,,,,,,,,,,,,,,0,
2026-05-29,,,,,,,,,,,,,,,,,,,,,,,,,,,,,,,,,,,,,,,,,,,0,
2026-05-30,,,,,,,,,,,,,,,,,,,,,,,,,,,,,,,,,,,,,,,,,,,1,
2026-05-31,,,,,,,,,,,,,,,,,,,,,,,,,,,,,,,,,,,,,,,,,,,1,
2026-06-01,,,,,,,,,,,,,,,,,,,,,,,,,,,,,,,,,,,,,,,,,,,0,
2026-06-02,,,,,,,,,,,,,,,,,,,,,,,,,,,,,,,,,,,,,,,,,,,0,
2026-06-03,,,,,,,,,,,,,,,,,,,,,,,,,,,,,,,,,,,,,,,,,,,1,
2026-06-04,,,,,,,,,,,,,,,,,,,,,,,,,,,,,,,,,,,,,,,,,,,0,
2026-06-05,,,,,,,,,,,,,,,,,,,,,,,,,,,,,,,,,,,,,,,,,,,0,
2026-06-06,,,,,,,,,,,,,,,,,,,,,,,,,,,,,,,,,,,,,,,,,,,1,
2026-06-07,,,,,,,,,,,,,,,,,,,,,,,,,,,,,,,,,,,,,,,,,,,1,
2026-06-08,,,,,,,,,,,,,,,,,,,,,,,,,,,,,,,,,,,,,,,,,,,0,
2026-06-09,,,,,,,,,,,,,,,,,,,,,,,,,,,,,,,,,,,,,,,,,,,0,
2026-06-10,,,,,,,,,,,,,,,,,,,,,,,,,,,,,,,,,,,,,,,,,,,0,
2026-06-11,,,,,,,,,,,,,,,,,,,,,,,,,,,,,,,,,,,,,,,,,,,0,
2026-06-12,,,,,,,,,,,,,,,,,,,,,,,,,,,,,,,,,,,,,,,,,,,0,
2026-06-13,,,,,,,,,,,,,,,,,,,,,,,,,,,,,,,,,,,,,,,,,,,1,
2026-06-14,,,,,,,,,,,,,,,,,,,,,,,,,,,,,,,,,,,,,,,,,,,1,
2026-06-15,,,,,,,,,,,,,,,,,,,,,,,,,,,,,,,,,,,,,,,,,,,0,
2026-06-16,,,,,,,,,,,,,,,,,,,,,,,,,,,,,,,,,,,,,,,,,,,0,
2026-06-17,,,,,,,,,,,,,,,,,,,,,,,,,,,,,,,,,,,,,,,,,,,0,
2026-06-18,,,,,,,,,,,,,,,,,,,,,,,,,,,,,,,,,,,,,,,,,,,0,
2026-06-19,,,,,,,,,,,,,,,,,,,,,,,,,,,,,,,,,,,,,,,,,,,0,
2026-06-20,,,,,,,,,,,,,,,,,,,,,,,,,,,,,,,,,,,,,,,,,,,1,
2026-06-21,,,,,,,,,,,,,,,,,,,,,,,,,,,,,,,,,,,,,,,,,,,1,
2026-06-22,,,,,,,,,,,,,,,,,,,,,,,,,,,,,,,,,,,,,,,,,,,0,
2026-06-23,,,,,,,,,,,,,,,,,,,,,,,,,,,,,,,,,,,,,,,,,,,0,
2026-06-24,,,,,,,,,,,,,,,,,,,,,,,,,,,,,,,,,,,,,,,,,,,0,
2026-06-25,,,,,,,,,,,,,,,,,,,,,,,,,,,,,,,,,,,,,,,,,,,0,
2026-06-26,,,,,,,,,,,,,,,,,,,,,,,,,,,,,,,,,,,,,,,,,,,0,
2026-06-27,,,,,,,,,,,,,,,,,,,,,,,,,,,,,,,,,,,,,,,,,,,1,
2026-06-28,,,,,,,,,,,,,,,,,,,,,,,,,,,,,,,,,,,,,,,,,,,1,
2026-06-29,,,,,,,,,,,,,,,,,,,,,,,,,,,,,,,,,,,,,,,,,,,0,
2026-06-30,,,,,,,,,,,,,,,,,,,,,,,,,,,,,,,,,,,,,,,,,,,0,
2026-07-01,,,,,,,,,,,,,,,,,,,,,,,,,,,,,,,,,,,,,,,,,,,0,
2026-07-02,,,,,,,,,,,,,,,,,,,,,,,,,,,,,,,,,,,,,,,,,,,0,
2026-07-03,,,,,,,,,,,,,,,,,,,,,,,,,,,,,,,,,,,,,,,,,,,0,
2026-07-04,,,,,,,,,,,,,,,,,,,,,,,,,,,,,,,,,,,,,,,,,,,1,
2026-07-05,,,,,,,,,,,,,,,,,,,,,,,,,,,,,,,,,,,,,,,,,,,1,
2026-07-06,,,,,,,,,,,,,,,,,,,,,,,,,,,,,,,,,,,,,,,,,,,0,
2026-07-07,,,,,,,,,,,,,,,,,,,,,,,,,,,,,,,,,,,,,,,,,,,0,
2026-07-08,,,,,,,,,,,,,,,,,,,,,,,,,,,,,,,,,,,,,,,,,,,0,
2026-07-09,,,,,,,,,,,,,,,,,,,,,,,,,,,,,,,,,,,,,,,,,,,0,
2026-07-10,,,,,,,,,,,,,,,,,,,,,,,,,,,,,,,,,,,,,,,,,,,0,
2026-07-11,,,,,,,,,,,,,,,,,,,,,,,,,,,,,,,,,,,,,,,,,,,1,
2026-07-12,,,,,,,,,,,,,,,,,,,,,,,,,,,,,,,,,,,,,,,,,,,1,
2026-07-13,,,,,,,,,,,,,,,,,,,,,,,,,,,,,,,,,,,,,,,,,,,0,
2026-07-14,,,,,,,,,,,,,,,,,,,,,,,,,,,,,,,,,,,,,,,,,,,0,
2026-07-15,,,,,,,,,,,,,,,,,,,,,,,,,,,,,,,,,,,,,,,,,,,0,
2026-07-16,,,,,,,,,,,,,,,,,,,,,,,,,,,,,,,,,,,,,,,,,,,0,
2026-07-17,,,,,,,,,,,,,,,,,,,,,,,,,,,,,,,,,,,,,,,,,,,0,
2026-07-18,,,,,,,,,,,,,,,,,,,,,,,,,,,,,,,,,,,,,,,,,,,1,
2026-07-19,,,,,,,,,,,,,,,,,,,,,,,,,,,,,,,,,,,,,,,,,,,1,
2026-07-20,,,,,,,,,,,,,,,,,,,,,,,,,,,,,,,,,,,,,,,,,,,0,
2026-07-21,,,,,,,,,,,,,,,,,,,,,,,,,,,,,,,,,,,,,,,,,,,0,
2026-07-22,,,,,,,,,,,,,,,,,,,,,,,,,,,,,,,,,,,,,,,,,,,0,
2026-07-23,,,,,,,,,,,,,,,,,,,,,,,,,,,,,,,,,,,,,,,,,,,0,
2026-07-24,,,,,,,,,,,,,,,,,,,,,,,,,,,,,,,,,,,,,,,,,,,0,
2026-07-25,,,,,,,,,,,,,,,,,,,,,,,,,,,,,,,,,,,,,,,,,,,1,
2026-07-26,,,,,,,,,,,,,,,,,,,,,,,,,,,,,,,,,,,,,,,,,,,1,
2026-07-27,,,,,,,,,,,,,,,,,,,,,,,,,,,,,,,,,,,,,,,,,,,0,
2026-07-28,,,,,,,,,,,,,,,,,,,,,,,,,,,,,,,,,,,,,,,,,,,0,
2026-07-29,,,,,,,,,,,,,,,,,,,,,,,,,,,,,,,,,,,,,,,,,,,0,
2026-07-30,,,,,,,,,,,,,,,,,,,,,,,,,,,,,,,,,,,,,,,,,,,0,
2026-07-31,,,,,,,,,,,,,,,,,,,,,,,,,,,,,,,,,,,,,,,,,,,0,
2026-08-01,,,,,,,,,,,,,,,,,,,,,,,,,,,,,,,,,,,,,,,,,,,1,
2026-08-02,,,,,,,,,,,,,,,,,,,,,,,,,,,,,,,,,,,,,,,,,,,1,
2026-08-03,,,,,,,,,,,,,,,,,,,,,,,,,,,,,,,,,,,,,,,,,,,0,
2026-08-04,,,,,,,,,,,,,,,,,,,,,,,,,,,,,,,,,,,,,,,,,,,0,
2026-08-05,,,,,,,,,,,,,,,,,,,,,,,,,,,,,,,,,,,,,,,,,,,0,
2026-08-06,,,,,,,,,,,,,,,,,,,,,,,,,,,,,,,,,,,,,,,,,,,0,
2026-08-07,,,,,,,,,,,,,,,,,,,,,,,,,,,,,,,,,,,,,,,,,,,0,
2026-08-08,,,,,,,,,,,,,,,,,,,,,,,,,,,,,,,,,,,,,,,,,,,1,
2026-08-09,,,,,,,,,,,,,,,,,,,,,,,,,,,,,,,,,,,,,,,,,,,1,
2026-08-10,,,,,,,,,,,,,,,,,,,,,,,,,,,,,,,,,,,,,,,,,,,0,
2026-08-11,,,,,,,,,,,,,,,,,,,,,,,,,,,,,,,,,,,,,,,,,,,0,
2026-08-12,,,,,,,,,,,,,,,,,,,,,,,,,,,,,,,,,,,,,,,,,,,0,
2026-08-13,,,,,,,,,,,,,,,,,,,,,,,,,,,,,,,,,,,,,,,,,,,0,
2026-08-14,,,,,,,,,,,,,,,,,,,,,,,,,,,,,,,,,,,,,,,,,,,0,
2026-08-15,,,,,,,,,,,,,,,,,,,,,,,,,,,,,,,,,,,,,,,,,,,1,
2026-08-16,,,,,,,,,,,,,,,,,,,,,,,,,,,,,,,,,,,,,,,,,,,1,
2026-08-17,,,,,,,,,,,,,,,,,,,,,,,,,,,,,,,,,,,,,,,,,,,1,
2026-08-18,,,,,,,,,,,,,,,,,,,,,,,,,,,,,,,,,,,,,,,,,,,0,
2026-08-19,,,,,,,,,,,,,,,,,,,,,,,,,,,,,,,,,,,,,,,,,,,0,
2026-08-20,,,,,,,,,,,,,,,,,,,,,,,,,,,,,,,,,,,,,,,,,,,0,
2026-08-21,,,,,,,,,,,,,,,,,,,,,,,,,,,,,,,,,,,,,,,,,,,0,
2026-08-22,,,,,,,,,,,,,,,,,,,,,,,,,,,,,,,,,,,,,,,,,,,1,
2026-08-23,,,,,,,,,,,,,,,,,,,,,,,,,,,,,,,,,,,,,,,,,,,1,
2026-08-24,,,,,,,,,,,,,,,,,,,,,,,,,,,,,,,,,,,,,,,,,,,0,
2026-08-25,,,,,,,,,,,,,,,,,,,,,,,,,,,,,,,,,,,,,,,,,,,0,
2026-08-26,,,,,,,,,,,,,,,,,,,,,,,,,,,,,,,,,,,,,,,,,,,0,
2026-08-27,,,,,,,,,,,,,,,,,,,,,,,,,,,,,,,,,,,,,,,,,,,0,
2026-08-28,,,,,,,,,,,,,,,,,,,,,,,,,,,,,,,,,,,,,,,,,,,0,
2026-08-29,,,,,,,,,,,,,,,,,,,,,,,,,,,,,,,,,,,,,,,,,,,1,
2026-08-30,,,,,,,,,,,,,,,,,,,,,,,,,,,,,,,,,,,,,,,,,,,1,
2026-08-31,,,,,,,,,,,,,,,,,,,,,,,,,,,,,,,,,,,,,,,,,,,0,
2026-09-01,,,,,,,,,,,,,,,,,,,,,,,,,,,,,,,,,,,,,,,,,,,0,
2026-09-02,,,,,,,,,,,,,,,,,,,,,,,,,,,,,,,,,,,,,,,,,,,0,
2026-09-03,,,,,,,,,,,,,,,,,,,,,,,,,,,,,,,,,,,,,,,,,,,0,
2026-09-04,,,,,,,,,,,,,,,,,,,,,,,,,,,,,,,,,,,,,,,,,,,0,
2026-09-05,,,,,,,,,,,,,,,,,,,,,,,,,,,,,,,,,,,,,,,,,,,1,
2026-09-06,,,,,,,,,,,,,,,,,,,,,,,,,,,,,,,,,,,,,,,,,,,1,
2026-09-07,,,,,,,,,,,,,,,,,,,,,,,,,,,,,,,,,,,,,,,,,,,0,
2026-09-08,,,,,,,,,,,,,,,,,,,,,,,,,,,,,,,,,,,,,,,,,,,0,
2026-09-09,,,,,,,,,,,,,,,,,,,,,,,,,,,,,,,,,,,,,,,,,,,0,
2026-09-10,,,,,,,,,,,,,,,,,,,,,,,,,,,,,,,,,,,,,,,,,,,0,
2026-09-11,,,,,,,,,,,,,,,,,,,,,,,,,,,,,,,,,,,,,,,,,,,0,
2026-09-12,,,,,,,,,,,,,,,,,,,,,,,,,,,,,,,,,,,,,,,,,,,1,
2026-09-13,,,,,,,,,,,,,,,,,,,,,,,,,,,,,,,,,,,,,,,,,,,1,
2026-09-14,,,,,,,,,,,,,,,,,,,,,,,,,,,,,,,,,,,,,,,,,,,0,
2026-09-15,,,,,,,,,,,,,,,,,,,,,,,,,,,,,,,,,,,,,,,,,,,0,
2026-09-16,,,,,,,,,,,,,,,,,,,,,,,,,,,,,,,,,,,,,,,,,,,0,
2026-09-17,,,,,,,,,,,,,,,,,,,,,,,,,,,,,,,,,,,,,,,,,,,0,
2026-09-18,,,,,,,,,,,,,,,,,,,,,,,,,,,,,,,,,,,,,,,,,,,0,
2026-09-19,,,,,,,,,,,,,,,,,,,,,,,,,,,,,,,,,,,,,,,,,,,1,
2026-09-20,,,,,,,,,,,,,,,,,,,,,,,,,,,,,,,,,,,,,,,,,,,1,
2026-09-21,,,,,,,,,,,,,,,,,,,,,,,,,,,,,,,,,,,,,,,,,,,0,
2026-09-22,,,,,,,,,,,,,,,,,,,,,,,,,,,,,,,,,,,,,,,,,,,0,
2026-09-23,,,,,,,,,,,,,,,,,,,,,,,,,,,,,,,,,,,,,,,,,,,0,
2026-09-24,,,,,,,,,,,,,,,,,,,,,,,,,,,,,,,,,,,,,,,,,,,1,
2026-09-25,,,,,,,,,,,,,,,,,,,,,,,,,,,,,,,,,,,,,,,,,,,1,
2026-09-26,,,,,,,,,,,,,,,,,,,,,,,,,,,,,,,,,,,,,,,,,,,1,
2026-09-27,,,,,,,,,,,,,,,,,,,,,,,,,,,,,,,,,,,,,,,,,,,1,
2026-09-28,,,,,,,,,,,,,,,,,,,,,,,,,,,,,,,,,,,,,,,,,,,0,
2026-09-29,,,,,,,,,,,,,,,,,,,,,,,,,,,,,,,,,,,,,,,,,,,0,
2026-09-30,,,,,,,,,,,,,,,,,,,,,,,,,,,,,,,,,,,,,,,,,,,0,
2026-10-01,,,,,,,,,,,,,,,,,,,,,,,,,,,,,,,,,,,,,,,,,,,0,
2026-10-02,,,,,,,,,,,,,,,,,,,,,,,,,,,,,,,,,,,,,,,,,,,0,
2026-10-03,,,,,,,,,,,,,,,,,,,,,,,,,,,,,,,,,,,,,,,,,,,1,
2026-10-04,,,,,,,,,,,,,,,,,,,,,,,,,,,,,,,,,,,,,,,,,,,1,
2026-10-05,,,,,,,,,,,,,,,,,,,,,,,,,,,,,,,,,,,,,,,,,,,1,
2026-10-06,,,,,,,,,,,,,,,,,,,,,,,,,,,,,,,,,,,,,,,,,,,0,
2026-10-07,,,,,,,,,,,,,,,,,,,,,,,,,,,,,,,,,,,,,,,,,,,0,
2026-10-08,,,,,,,,,,,,,,,,,,,,,,,,,,,,,,,,,,,,,,,,,,,0,
2026-10-09,,,,,,,,,,,,,,,,,,,,,,,,,,,,,,,,,,,,,,,,,,,1,
2026-10-10,,,,,,,,,,,,,,,,,,,,,,,,,,,,,,,,,,,,,,,,,,,1,
2026-10-11,,,,,,,,,,,,,,,,,,,,,,,,,,,,,,,,,,,,,,,,,,,1,
2026-10-12,,,,,,,,,,,,,,,,,,,,,,,,,,,,,,,,,,,,,,,,,,,0,
2026-10-13,,,,,,,,,,,,,,,,,,,,,,,,,,,,,,,,,,,,,,,,,,,0,
2026-10-14,,,,,,,,,,,,,,,,,,,,,,,,,,,,,,,,,,,,,,,,,,,0,
2026-10-15,,,,,,,,,,,,,,,,,,,,,,,,,,,,,,,,,,,,,,,,,,,0,
2026-10-16,,,,,,,,,,,,,,,,,,,,,,,,,,,,,,,,,,,,,,,,,,,0,
2026-10-17,,,,,,,,,,,,,,,,,,,,,,,,,,,,,,,,,,,,,,,,,,,1,
2026-10-18,,,,,,,,,,,,,,,,,,,,,,,,,,,,,,,,,,,,,,,,,,,1,
2026-10-19,,,,,,,,,,,,,,,,,,,,,,,,,,,,,,,,,,,,,,,,,,,0,
2026-10-20,,,,,,,,,,,,,,,,,,,,,,,,,,,,,,,,,,,,,,,,,,,0,
2026-10-21,,,,,,,,,,,,,,,,,,,,,,,,,,,,,,,,,,,,,,,,,,,0,
2026-10-22,,,,,,,,,,,,,,,,,,,,,,,,,,,,,,,,,,,,,,,,,,,0,
2026-10-23,,,,,,,,,,,,,,,,,,,,,,,,,,,,,,,,,,,,,,,,,,,0,
2026-10-24,,,,,,,,,,,,,,,,,,,,,,,,,,,,,,,,,,,,,,,,,,,1,
2026-10-25,,,,,,,,,,,,,,,,,,,,,,,,,,,,,,,,,,,,,,,,,,,1,
2026-10-26,,,,,,,,,,,,,,,,,,,,,,,,,,,,,,,,,,,,,,,,,,,0,
2026-10-27,,,,,,,,,,,,,,,,,,,,,,,,,,,,,,,,,,,,,,,,,,,0,
2026-10-28,,,,,,,,,,,,,,,,,,,,,,,,,,,,,,,,,,,,,,,,,,,0,
2026-10-29,,,,,,,,,,,,,,,,,,,,,,,,,,,,,,,,,,,,,,,,,,,0,
2026-10-30,,,,,,,,,,,,,,,,,,,,,,,,,,,,,,,,,,,,,,,,,,,0,
2026-10-31,,,,,,,,,,,,,,,,,,,,,,,,,,,,,,,,,,,,,,,,,,,1,
2026-11-01,,,,,,,,,,,,,,,,,,,,,,,,,,,,,,,,,,,,,,,,,,,1,
2026-11-02,,,,,,,,,,,,,,,,,,,,,,,,,,,,,,,,,,,,,,,,,,,0,
2026-11-03,,,,,,,,,,,,,,,,,,,,,,,,,,,,,,,,,,,,,,,,,,,0,
2026-11-04,,,,,,,,,,,,,,,,,,,,,,,,,,,,,,,,,,,,,,,,,,,0,
2026-11-05,,,,,,,,,,,,,,,,,,,,,,,,,,,,,,,,,,,,,,,,,,,0,
2026-11-06,,,,,,,,,,,,,,,,,,,,,,,,,,,,,,,,,,,,,,,,,,,0,
2026-11-07,,,,,,,,,,,,,,,,,,,,,,,,,,,,,,,,,,,,,,,,,,,1,
2026-11-08,,,,,,,,,,,,,,,,,,,,,,,,,,,,,,,,,,,,,,,,,,,1,
2026-11-09,,,,,,,,,,,,,,,,,,,,,,,,,,,,,,,,,,,,,,,,,,,0,
2026-11-10,,,,,,,,,,,,,,,,,,,,,,,,,,,,,,,,,,,,,,,,,,,0,
2026-11-11,,,,,,,,,,,,,,,,,,,,,,,,,,,,,,,,,,,,,,,,,,,0,
2026-11-12,,,,,,,,,,,,,,,,,,,,,,,,,,,,,,,,,,,,,,,,,,,0,
2026-11-13,,,,,,,,,,,,,,,,,,,,,,,,,,,,,,,,,,,,,,,,,,,0,
2026-11-14,,,,,,,,,,,,,,,,,,,,,,,,,,,,,,,,,,,,,,,,,,,1,
2026-11-15,,,,,,,,,,,,,,,,,,,,,,,,,,,,,,,,,,,,,,,,,,,1,
2026-11-16,,,,,,,,,,,,,,,,,,,,,,,,,,,,,,,,,,,,,,,,,,,0,
2026-11-17,,,,,,,,,,,,,,,,,,,,,,,,,,,,,,,,,,,,,,,,,,,0,
2026-11-18,,,,,,,,,,,,,,,,,,,,,,,,,,,,,,,,,,,,,,,,,,,0,
2026-11-19,,,,,,,,,,,,,,,,,,,,,,,,,,,,,,,,,,,,,,,,,,,0,
2026-11-20,,,,,,,,,,,,,,,,,,,,,,,,,,,,,,,,,,,,,,,,,,,0,
2026-11-21,,,,,,,,,,,,,,,,,,,,,,,,,,,,,,,,,,,,,,,,,,,1,
2026-11-22,,,,,,,,,,,,,,,,,,,,,,,,,,,,,,,,,,,,,,,,,,,1,
2026-11-23,,,,,,,,,,,,,,,,,,,,,,,,,,,,,,,,,,,,,,,,,,,0,
2026-11-24,,,,,,,,,,,,,,,,,,,,,,,,,,,,,,,,,,,,,,,,,,,0,
2026-11-25,,,,,,,,,,,,,,,,,,,,,,,,,,,,,,,,,,,,,,,,,,,0,
2026-11-26,,,,,,,,,,,,,,,,,,,,,,,,,,,,,,,,,,,,,,,,,,,0,
2026-11-27,,,,,,,,,,,,,,,,,,,,,,,,,,,,,,,,,,,,,,,,,,,0,
2026-11-28,,,,,,,,,,,,,,,,,,,,,,,,,,,,,,,,,,,,,,,,,,,1,
2026-11-29,,,,,,,,,,,,,,,,,,,,,,,,,,,,,,,,,,,,,,,,,,,1,
2026-11-30,,,,,,,,,,,,,,,,,,,,,,,,,,,,,,,,,,,,,,,,,,,0,
2026-12-01,,,,,,,,,,,,,,,,,,,,,,,,,,,,,,,,,,,,,,,,,,,0,
2026-12-02,,,,,,,,,,,,,,,,,,,,,,,,,,,,,,,,,,,,,,,,,,,0,
2026-12-03,,,,,,,,,,,,,,,,,,,,,,,,,,,,,,,,,,,,,,,,,,,0,
2026-12-04,,,,,,,,,,,,,,,,,,,,,,,,,,,,,,,,,,,,,,,,,,,0,
2026-12-05,,,,,,,,,,,,,,,,,,,,,,,,,,,,,,,,,,,,,,,,,,,1,
2026-12-06,,,,,,,,,,,,,,,,,,,,,,,,,,,,,,,,,,,,,,,,,,,1,
2026-12-07,,,,,,,,,,,,,,,,,,,,,,,,,,,,,,,,,,,,,,,,,,,0,
2026-12-08,,,,,,,,,,,,,,,,,,,,,,,,,,,,,,,,,,,,,,,,,,,0,
2026-12-09,,,,,,,,,,,,,,,,,,,,,,,,,,,,,,,,,,,,,,,,,,,0,
2026-12-10,,,,,,,,,,,,,,,,,,,,,,,,,,,,,,,,,,,,,,,,,,,0,
2026-12-11,,,,,,,,,,,,,,,,,,,,,,,,,,,,,,,,,,,,,,,,,,,0,
2026-12-12,,,,,,,,,,,,,,,,,,,,,,,,,,,,,,,,,,,,,,,,,,,1,
2026-12-13,,,,,,,,,,,,,,,,,,,,,,,,,,,,,,,,,,,,,,,,,,,1,
2026-12-14,,,,,,,,,,,,,,,,,,,,,,,,,,,,,,,,,,,,,,,,,,,0,
2026-12-15,,,,,,,,,,,,,,,,,,,,,,,,,,,,,,,,,,,,,,,,,,,0,
2026-12-16,,,,,,,,,,,,,,,,,,,,,,,,,,,,,,,,,,,,,,,,,,,0,
2026-12-17,,,,,,,,,,,,,,,,,,,,,,,,,,,,,,,,,,,,,,,,,,,0,
2026-12-18,,,,,,,,,,,,,,,,,,,,,,,,,,,,,,,,,,,,,,,,,,,0,
2026-12-19,,,,,,,,,,,,,,,,,,,,,,,,,,,,,,,,,,,,,,,,,,,1,
2026-12-20,,,,,,,,,,,,,,,,,,,,,,,,,,,,,,,,,,,,,,,,,,,1,
2026-12-21,,,,,,,,,,,,,,,,,,,,,,,,,,,,,,,,,,,,,,,,,,,0,
2026-12-22,,,,,,,,,,,,,,,,,,,,,,,,,,,,,,,,,,,,,,,,,,,0,
2026-12-23,,,,,,,,,,,,,,,,,,,,,,,,,,,,,,,,,,,,,,,,,,,0,
2026-12-24,,,,,,,,,,,,,,,,,,,,,,,,,,,,,,,,,,,,,,,,,,,0,
2026-12-25,,,,,,,,,,,,,,,,,,,,,,,,,,,,,,,,,,,,,,,,,,,1,
2026-12-26,,,,,,,,,,,,,,,,,,,,,,,,,,,,,,,,,,,,,,,,,,,1,
2026-12-27,,,,,,,,,,,,,,,,,,,,,,,,,,,,,,,,,,,,,,,,,,,1,
2026-12-28,,,,,,,,,,,,,,,,,,,,,,,,,,,,,,,,,,,,,,,,,,,0,
2026-12-29,,,,,,,,,,,,,,,,,,,,,,,,,,,,,,,,,,,,,,,,,,,0,
2026-12-30,,,,,,,,,,,,,,,,,,,,,,,,,,,,,,,,,,,,,,,,,,,0,
2026-12-31,,,,,,,,,,,,,,,,,,,,,,,,,,,,,,,,,,,,,,,,,,,0,
