station,date,time,usage_kwh,peak_kw
설화명곡,2026-09-04,00:15,109.0,435.8
설화명곡,2026-09-04,00:30,61.9,247.7
설화명곡,2026-09-04,00:45,59.5,238.1
설화명곡,2026-09-04,01:00,60.5,241.9
설화명곡,2026-09-04,01:15,52.3,209.3
설화명곡,2026-09-04,01:30,55.7,222.7
설화명곡,2026-09-04,01:45,63.4,253.4
설화명곡,2026-09-04,02:00,57.6,230.4
설화명곡,2026-09-04,02:15,54.2,217.0
설화명곡,2026-09-04,02:30,49.0,195.8
설화명곡,2026-09-04,02:45,51.8,207.4
설화명곡,2026-09-04,03:00,43.7,174.7
설화명곡,2026-09-04,03:15,43.2,172.8
설화명곡,2026-09-04,03:30,51.8,207.4
설화명곡,2026-09-04,03:45,52.8,211.2
설화명곡,2026-09-04,04:00,59.0,236.2
설화명곡,2026-09-04,04:15,52.3,209.3
설화명곡,2026-09-04,04:30,55.7,222.7
설화명곡,2026-09-04,04:45,139.2,556.8
설화명곡,2026-09-04,05:00,189.1,756.5
설화명곡,2026-09-04,05:15,192.0,768.0
설화명곡,2026-09-04,05:30,216.5,865.9
설화명곡,2026-09-04,05:45,230.4,921.6
설화명곡,2026-09-04,06:00,265.0,1059.8
설화명곡,2026-09-04,06:15,251.5,1006.1
설화명곡,2026-09-04,06:30,241.4,965.8
설화명곡,2026-09-04,06:45,210.2,841.0
설화명곡,2026-09-04,07:00,209.3,837.1
설화명곡,2026-09-04,07:15,229.9,919.7
설화명곡,2026-09-04,07:30,255.8,1023.4
설화명곡,2026-09-04,07:45,256.8,1027.2
설화명곡,2026-09-04,08:00,242.9,971.5
설화명곡,2026-09-04,08:15,238.6,954.2
설화명곡,2026-09-04,08:30,239.0,956.2
설화명곡,2026-09-04,08:45,226.6,906.2
설화명곡,2026-09-04,09:00,211.2,844.8
설화명곡,2026-09-04,09:15,219.4,877.4
설화명곡,2026-09-04,09:30,237.6,950.4
설화명곡,2026-09-04,09:45,289.9,1159.7
설화명곡,2026-09-04,10:00,319.7,1278.7
설화명곡,2026-09-04,10:15,328.3,1313.3
설화명곡,2026-09-04,10:30,354.7,1418.9
설화명곡,2026-09-04,10:45,327.4,1309.4
설화명곡,2026-09-04,11:00,314.9,1259.5
설화명곡,2026-09-04,11:15,298.1,1192.3
설화명곡,2026-09-04,11:30,299.0,1196.2
설화명곡,2026-09-04,11:45,274.6,1098.2
설화명곡,2026-09-04,12:00,283.2,1132.8
설화명곡,2026-09-04,12:15,277.0,1107.8
설화명곡,2026-09-04,12:30,287.0,1148.2
설화명곡,2026-09-04,12:45,326.4,1305.6
설화명곡,2026-09-04,13:00,318.7,1274.9
설화명곡,2026-09-04,13:15,287.5,1150.1
설화명곡,2026-09-04,13:30,289.9,1159.7
설화명곡,2026-09-04,13:45,303.8,1215.4
설화명곡,2026-09-04,14:00,326.9,1307.5
설화명곡,2026-09-04,14:15,318.7,1274.9
설화명곡,2026-09-04,14:30,319.2,1276.8
설화명곡,2026-09-04,14:45,308.6,1234.6
설화명곡,2026-09-04,15:00,310.1,1240.3
설화명곡,2026-09-04,15:15,301.0,1203.8
설화명곡,2026-09-04,15:30,318.2,1273.0
설화명곡,2026-09-04,15:45,283.2,1132.8
설화명곡,2026-09-04,16:00,298.1,1192.3
설화명곡,2026-09-04,16:15,295.7,1182.7
설화명곡,2026-09-04,16:30,271.7,1086.7
설화명곡,2026-09-04,16:45,274.6,1098.2
설화명곡,2026-09-04,17:00,300.5,1201.9
설화명곡,2026-09-04,17:15,311.0,1244.2
설화명곡,2026-09-04,17:30,332.6,1330.6
설화명곡,2026-09-04,17:45,354.7,1418.9
설화명곡,2026-09-04,18:00,331.7,1326.7
설화명곡,2026-09-04,18:15,317.3,1269.1
설화명곡,2026-09-04,18:30,303.8,1215.4
설화명곡,2026-09-04,18:45,297.1,1188.5
설화명곡,2026-09-04,19:00,306.2,1225.0
설화명곡,2026-09-04,19:15,276.0,1104.0
설화명곡,2026-09-04,19:30,296.2,1184.6
설화명곡,2026-09-04,19:45,276.5,1105.9
설화명곡,2026-09-04,20:00,266.9,1067.5
설화명곡,2026-09-04,20:15,265.4,1061.8
설화명곡,2026-09-04,20:30,259.2,1036.8
설화명곡,2026-09-04,20:45,250.6,1002.2
설화명곡,2026-09-04,21:00,296.6,1186.6
설화명곡,2026-09-04,21:15,338.4,1353.6
설화명곡,2026-09-04,21:30,332.2,1328.6
설화명곡,2026-09-04,21:45,329.8,1319.0
설화명곡,2026-09-04,22:00,292.8,1171.2
설화명곡,2026-09-04,22:15,273.6,1094.4
설화명곡,2026-09-04,22:30,233.8,935.0
설화명곡,2026-09-04,22:45,236.2,944.6
설화명곡,2026-09-04,23:00,207.4,829.4
설화명곡,2026-09-04,23:15,180.0,720.0
설화명곡,2026-09-04,23:30,228.0,912.0
설화명곡,2026-09-04,23:45,165.6,662.4
설화명곡,2026-09-04,24:00,125.3,501.1
설화명곡,2026-09-05,00:15,110.4,441.6
설화명곡,2026-09-05,00:30,61.0,243.8
설화명곡,2026-09-05,00:45,61.0,243.8
설화명곡,2026-09-05,01:00,50.9,203.5
설화명곡,2026-09-05,01:15,44.2,176.6
설화명곡,2026-09-05,01:30,52.8,211.2
설화명곡,2026-09-05,01:45,51.8,207.4
설화명곡,2026-09-05,02:00,57.6,230.4
설화명곡,2026-09-05,02:15,52.8,211.2
설화명곡,2026-09-05,02:30,52.3,209.3
설화명곡,2026-09-05,02:45,45.1,180.5
설화명곡,2026-09-05,03:00,49.0,195.8
설화명곡,2026-09-05,03:15,50.9,203.5
설화명곡,2026-09-05,03:30,53.8,215.0
설화명곡,2026-09-05,03:45,50.9,203.5
설화명곡,2026-09-05,04:00,49.0,195.8
설화명곡,2026-09-05,04:15,58.1,232.3
설화명곡,2026-09-05,04:30,49.4,197.8
설화명곡,2026-09-05,04:45,64.3,257.3
설화명곡,2026-09-05,05:00,85.4,341.8
설화명곡,2026-09-05,05:15,103.7,414.7
설화명곡,2026-09-05,05:30,143.5,574.1
설화명곡,2026-09-05,05:45,164.6,658.6
설화명곡,2026-09-05,06:00,193.9,775.7
설화명곡,2026-09-05,06:15,193.9,775.7
설화명곡,2026-09-05,06:30,182.9,731.5
설화명곡,2026-09-05,06:45,175.2,700.8
설화명곡,2026-09-05,07:00,199.7,798.7
설화명곡,2026-09-05,07:15,195.4,781.4
설화명곡,2026-09-05,07:30,169.9,679.7
설화명곡,2026-09-05,07:45,205.9,823.7
설화명곡,2026-09-05,08:00,184.8,739.2
설화명곡,2026-09-05,08:15,184.3,737.3
설화명곡,2026-09-05,08:30,167.0,668.2
설화명곡,2026-09-05,08:45,171.4,685.4
설화명곡,2026-09-05,09:00,172.8,691.2
설화명곡,2026-09-05,09:15,178.6,714.2
설화명곡,2026-09-05,09:30,179.0,716.2
설화명곡,2026-09-05,09:45,210.2,841.0
설화명곡,2026-09-05,10:00,298.6,1194.2
설화명곡,2026-09-05,10:15,296.2,1184.6
설화명곡,2026-09-05,10:30,294.7,1178.9
설화명곡,2026-09-05,10:45,302.9,1211.5
설화명곡,2026-09-05,11:00,302.4,1209.6
설화명곡,2026-09-05,11:15,259.7,1038.7
설화명곡,2026-09-05,11:30,260.2,1040.6
설화명곡,2026-09-05,11:45,232.8,931.2
설화명곡,2026-09-05,12:00,239.5,958.1
설화명곡,2026-09-05,12:15,281.8,1127.0
설화명곡,2026-09-05,12:30,297.6,1190.4
설화명곡,2026-09-05,12:45,292.3,1169.3
설화명곡,2026-09-05,13:00,288.0,1152.0
설화명곡,2026-09-05,13:15,283.7,1134.7
설화명곡,2026-09-05,13:30,281.8,1127.0
설화명곡,2026-09-05,13:45,324.5,1297.9
설화명곡,2026-09-05,14:00,342.7,1370.9
설화명곡,2026-09-05,14:15,329.3,1317.1
설화명곡,2026-09-05,14:30,320.6,1282.6
설화명곡,2026-09-05,14:45,309.1,1236.5
설화명곡,2026-09-05,15:00,324.0,1296.0
설화명곡,2026-09-05,15:15,303.8,1215.4
설화명곡,2026-09-05,15:30,302.9,1211.5
설화명곡,2026-09-05,15:45,276.0,1104.0
설화명곡,2026-09-05,16:00,290.9,1163.5
설화명곡,2026-09-05,16:15,329.8,1319.0
설화명곡,2026-09-05,16:30,292.8,1171.2
설화명곡,2026-09-05,16:45,280.8,1123.2
설화명곡,2026-09-05,17:00,304.3,1217.3
설화명곡,2026-09-05,17:15,338.4,1353.6
설화명곡,2026-09-05,17:30,329.3,1317.1
설화명곡,2026-09-05,17:45,369.1,1476.5
설화명곡,2026-09-05,18:00,358.6,1434.2
설화명곡,2026-09-05,18:15,363.8,1455.4
설화명곡,2026-09-05,18:30,361.4,1445.8
설화명곡,2026-09-05,18:45,347.5,1390.1
설화명곡,2026-09-05,19:00,342.7,1370.9
설화명곡,2026-09-05,19:15,340.8,1363.2
설화명곡,2026-09-05,19:30,345.6,1382.4
설화명곡,2026-09-05,19:45,314.4,1257.6
설화명곡,2026-09-05,20:00,299.5,1198.1
설화명곡,2026-09-05,20:15,290.9,1163.5
설화명곡,2026-09-05,20:30,274.6,1098.2
설화명곡,2026-09-05,20:45,266.9,1067.5
설화명곡,2026-09-05,21:00,299.5,1198.1
설화명곡,2026-09-05,21:15,314.9,1259.5
설화명곡,2026-09-05,21:30,325.9,1303.7
설화명곡,2026-09-05,21:45,320.6,1282.6
설화명곡,2026-09-05,22:00,294.7,1178.9
설화명곡,2026-09-05,22:15,241.0,963.8
설화명곡,2026-09-05,22:30,254.9,1019.5
설화명곡,2026-09-05,22:45,220.3,881.3
설화명곡,2026-09-05,23:00,244.8,979.2
설화명곡,2026-09-05,23:15,201.1,804.5
설화명곡,2026-09-05,23:30,239.5,958.1
설화명곡,2026-09-05,23:45,206.4,825.6
설화명곡,2026-09-05,24:00,169.0,675.8
설화명곡,2026-09-06,00:15,128.2,512.6
설화명곡,2026-09-06,00:30,54.2,217.0
설화명곡,2026-09-06,00:45,43.2,172.8
설화명곡,2026-09-06,01:00,48.5,193.9
설화명곡,2026-09-06,01:15,42.7,170.9
설화명곡,2026-09-06,01:30,47.5,190.1
설화명곡,2026-09-06,01:45,53.8,215.0
설화명곡,2026-09-06,02:00,49.0,195.8
설화명곡,2026-09-06,02:15,52.8,211.2
설화명곡,2026-09-06,02:30,50.4,201.6
설화명곡,2026-09-06,02:45,47.5,190.1
설화명곡,2026-09-06,03:00,46.6,186.2
설화명곡,2026-09-06,03:15,45.1,180.5
설화명곡,2026-09-06,03:30,48.5,193.9
설화명곡,2026-09-06,03:45,49.0,195.8
설화명곡,2026-09-06,04:00,58.6,234.2
설화명곡,2026-09-06,04:15,54.2,217.0
설화명곡,2026-09-06,04:30,51.8,207.4
설화명곡,2026-09-06,04:45,86.4,345.6
설화명곡,2026-09-06,05:00,113.3,453.1
설화명곡,2026-09-06,05:15,135.4,541.4
설화명곡,2026-09-06,05:30,166.1,664.3
설화명곡,2026-09-06,05:45,183.8,735.4
설화명곡,2026-09-06,06:00,222.7,890.9
설화명곡,2026-09-06,06:15,213.1,852.5
설화명곡,2026-09-06,06:30,201.6,806.4
설화명곡,2026-09-06,06:45,192.0,768.0
설화명곡,2026-09-06,07:00,216.5,865.9
설화명곡,2026-09-06,07:15,203.0,812.2
설화명곡,2026-09-06,07:30,213.1,852.5
설화명곡,2026-09-06,07:45,224.6,898.6
설화명곡,2026-09-06,08:00,232.8,931.2
설화명곡,2026-09-06,08:15,235.7,942.7
설화명곡,2026-09-06,08:30,236.6,946.6
설화명곡,2026-09-06,08:45,229.4,917.8
설화명곡,2026-09-06,09:00,237.6,950.4
설화명곡,2026-09-06,09:15,233.3,933.1
설화명곡,2026-09-06,09:30,229.4,917.8
설화명곡,2026-09-06,09:45,270.2,1081.0
설화명곡,2026-09-06,10:00,313.4,1253.8
설화명곡,2026-09-06,10:15,353.8,1415.0
설화명곡,2026-09-06,10:30,334.1,1336.3
설화명곡,2026-09-06,10:45,322.1,1288.3
설화명곡,2026-09-06,11:00,304.3,1217.3
설화명곡,2026-09-06,11:15,313.4,1253.8
설화명곡,2026-09-06,11:30,303.8,1215.4
설화명곡,2026-09-06,11:45,256.3,1025.3
설화명곡,2026-09-06,12:00,234.7,938.9
설화명곡,2026-09-06,12:15,247.2,988.8
설화명곡,2026-09-06,12:30,228.0,912.0
설화명곡,2026-09-06,12:45,233.3,933.1
설화명곡,2026-09-06,13:00,229.4,917.8
설화명곡,2026-09-06,13:15,250.6,1002.2
설화명곡,2026-09-06,13:30,256.8,1027.2
설화명곡,2026-09-06,13:45,288.5,1153.9
설화명곡,2026-09-06,14:00,277.9,1111.7
설화명곡,2026-09-06,14:15,263.0,1052.2
설화명곡,2026-09-06,14:30,246.7,986.9
설화명곡,2026-09-06,14:45,263.5,1054.1
설화명곡,2026-09-06,15:00,289.9,1159.7
설화명곡,2026-09-06,15:15,298.1,1192.3
설화명곡,2026-09-06,15:30,295.2,1180.8
설화명곡,2026-09-06,15:45,259.7,1038.7
설화명곡,2026-09-06,16:00,272.6,1090.6
설화명곡,2026-09-06,16:15,297.1,1188.5
설화명곡,2026-09-06,16:30,257.8,1031.0
설화명곡,2026-09-06,16:45,282.2,1129.0
설화명곡,2026-09-06,17:00,273.6,1094.4
설화명곡,2026-09-06,17:15,298.6,1194.2
설화명곡,2026-09-06,17:30,310.1,1240.3
설화명곡,2026-09-06,17:45,314.4,1257.6
설화명곡,2026-09-06,18:00,310.1,1240.3
설화명곡,2026-09-06,18:15,308.6,1234.6
설화명곡,2026-09-06,18:30,282.7,1130.9
설화명곡,2026-09-06,18:45,0.0,0.0
설화명곡,2026-09-06,19:00,0.0,0.0
설화명곡,2026-09-06,19:15,0.0,0.0
설화명곡,2026-09-06,19:30,0.0,0.0
설화명곡,2026-09-06,19:45,0.0,0.0
설화명곡,2026-09-06,20:00,0.0,0.0
설화명곡,2026-09-06,20:15,0.0,0.0
설화명곡,2026-09-06,20:30,0.0,0.0
설화명곡,2026-09-06,20:45,0.0,0.0
설화명곡,2026-09-06,21:00,0.0,0.0
설화명곡,2026-09-06,21:15,0.0,0.0
설화명곡,2026-09-06,21:30,0.0,0.0
설화명곡,2026-09-06,21:45,0.0,0.0
설화명곡,2026-09-06,22:00,0.0,0.0
설화명곡,2026-09-06,22:15,0.0,0.0
설화명곡,2026-09-06,22:30,0.0,0.0
설화명곡,2026-09-06,22:45,0.0,0.0
설화명곡,2026-09-06,23:00,0.0,0.0
설화명곡,2026-09-06,23:15,0.0,0.0
설화명곡,2026-09-06,23:30,0.0,0.0
설화명곡,2026-09-06,23:45,0.0,0.0
설화명곡,2026-09-06,24:00,0.0,0.0
월배기지,2026-09-04,00:15,275.4,1101.6
월배기지,2026-09-04,00:30,210.6,842.4
월배기지,2026-09-04,00:45,205.2,820.8
월배기지,2026-09-04,01:00,207.6,830.4
월배기지,2026-09-04,01:15,208.2,832.8
월배기지,2026-09-04,01:30,205.8,823.2
월배기지,2026-09-04,01:45,195.0,780.0
월배기지,2026-09-04,02:00,197.4,789.6
월배기지,2026-09-04,02:15,199.2,796.8
월배기지,2026-09-04,02:30,193.8,775.2
월배기지,2026-09-04,02:45,202.2,808.8
월배기지,2026-09-04,03:00,213.6,854.4
월배기지,2026-09-04,03:15,204.0,816.0
월배기지,2026-09-04,03:30,200.4,801.6
월배기지,2026-09-04,03:45,195.6,782.4
월배기지,2026-09-04,04:00,200.4,801.6
월배기지,2026-09-04,04:15,231.0,924.0
월배기지,2026-09-04,04:30,294.0,1176.0
월배기지,2026-09-04,04:45,247.2,988.8
월배기지,2026-09-04,05:00,261.6,1046.4
월배기지,2026-09-04,05:15,266.4,1065.6
월배기지,2026-09-04,05:30,296.4,1185.6
월배기지,2026-09-04,05:45,393.6,1574.4
월배기지,2026-09-04,06:00,420.0,1680.0
월배기지,2026-09-04,06:15,483.6,1934.4
월배기지,2026-09-04,06:30,468.6,1874.4
월배기지,2026-09-04,06:45,587.4,2349.6
월배기지,2026-09-04,07:00,637.8,2551.2
월배기지,2026-09-04,07:15,691.8,2767.2
월배기지,2026-09-04,07:30,765.0,3060.0
월배기지,2026-09-04,07:45,858.6,3434.4
월배기지,2026-09-04,08:00,870.6,3482.4
월배기지,2026-09-04,08:15,898.8,3595.2
월배기지,2026-09-04,08:30,940.2,3760.8
월배기지,2026-09-04,08:45,924.6,3698.4
월배기지,2026-09-04,09:00,939.6,3758.4
월배기지,2026-09-04,09:15,906.0,3624.0
월배기지,2026-09-04,09:30,907.8,3631.2
월배기지,2026-09-04,09:45,890.4,3561.6
월배기지,2026-09-04,10:00,929.4,3717.6
월배기지,2026-09-04,10:15,957.6,3830.4
월배기지,2026-09-04,10:30,826.8,3307.2
월배기지,2026-09-04,10:45,859.8,3439.2
월배기지,2026-09-04,11:00,867.6,3470.4
월배기지,2026-09-04,11:15,880.2,3520.8
월배기지,2026-09-04,11:30,894.6,3578.4
월배기지,2026-09-04,11:45,876.6,3506.4
월배기지,2026-09-04,12:00,840.0,3360.0
월배기지,2026-09-04,12:15,883.2,3532.8
월배기지,2026-09-04,12:30,789.0,3156.0
월배기지,2026-09-04,12:45,754.2,3016.8
월배기지,2026-09-04,13:00,833.4,3333.6
월배기지,2026-09-04,13:15,927.0,3708.0
월배기지,2026-09-04,13:30,892.2,3568.8
월배기지,2026-09-04,13:45,914.4,3657.6
월배기지,2026-09-04,14:00,946.8,3787.2
월배기지,2026-09-04,14:15,939.6,3758.4
월배기지,2026-09-04,14:30,845.4,3381.6
월배기지,2026-09-04,14:45,880.8,3523.2
월배기지,2026-09-04,15:00,887.4,3549.6
월배기지,2026-09-04,15:15,942.0,3768.0
월배기지,2026-09-04,15:30,916.8,3667.2
월배기지,2026-09-04,15:45,891.6,3566.4
월배기지,2026-09-04,16:00,835.8,3343.2
월배기지,2026-09-04,16:15,929.4,3717.6
월배기지,2026-09-04,16:30,873.0,3492.0
월배기지,2026-09-04,16:45,895.2,3580.8
월배기지,2026-09-04,17:00,938.4,3753.6
월배기지,2026-09-04,17:15,928.2,3712.8
월배기지,2026-09-04,17:30,983.4,3933.6
월배기지,2026-09-04,17:45,922.2,3688.8
월배기지,2026-09-04,18:00,894.6,3578.4
월배기지,2026-09-04,18:15,1026.6,4106.4
월배기지,2026-09-04,18:30,1011.6,4046.4
월배기지,2026-09-04,18:45,927.6,3710.4
월배기지,2026-09-04,19:00,956.4,3825.6
월배기지,2026-09-04,19:15,1066.8,4267.2
월배기지,2026-09-04,19:30,924.0,3696.0
월배기지,2026-09-04,19:45,880.8,3523.2
월배기지,2026-09-04,20:00,823.8,3295.2
월배기지,2026-09-04,20:15,841.2,3364.8
월배기지,2026-09-04,20:30,822.6,3290.4
월배기지,2026-09-04,20:45,768.0,3072.0
월배기지,2026-09-04,21:00,774.6,3098.4
월배기지,2026-09-04,21:15,836.4,3345.6
월배기지,2026-09-04,21:30,809.4,3237.6
월배기지,2026-09-04,21:45,750.6,3002.4
월배기지,2026-09-04,22:00,728.4,2913.6
월배기지,2026-09-04,22:15,609.6,2438.4
월배기지,2026-09-04,22:30,575.4,2301.6
월배기지,2026-09-04,22:45,549.6,2198.4
월배기지,2026-09-04,23:00,681.0,2724.0
월배기지,2026-09-04,23:15,662.4,2649.6
월배기지,2026-09-04,23:30,669.6,2678.4
월배기지,2026-09-04,23:45,553.2,2212.8
월배기지,2026-09-04,24:00,474.0,1896.0
월배기지,2026-09-05,00:15,241.8,967.2
월배기지,2026-09-05,00:30,202.2,808.8
월배기지,2026-09-05,00:45,192.6,770.4
월배기지,2026-09-05,01:00,193.2,772.8
월배기지,2026-09-05,01:15,201.0,804.0
월배기지,2026-09-05,01:30,205.8,823.2
월배기지,2026-09-05,01:45,198.6,794.4
월배기지,2026-09-05,02:00,198.6,794.4
월배기지,2026-09-05,02:15,198.6,794.4
월배기지,2026-09-05,02:30,196.2,784.8
월배기지,2026-09-05,02:45,195.0,780.0
월배기지,2026-09-05,03:00,199.8,799.2
월배기지,2026-09-05,03:15,195.0,780.0
월배기지,2026-09-05,03:30,193.2,772.8
월배기지,2026-09-05,03:45,193.8,775.2
월배기지,2026-09-05,04:00,217.8,871.2
월배기지,2026-09-05,04:15,254.4,1017.6
월배기지,2026-09-05,04:30,283.8,1135.2
월배기지,2026-09-05,04:45,237.6,950.4
월배기지,2026-09-05,05:00,257.4,1029.6
월배기지,2026-09-05,05:15,290.4,1161.6
월배기지,2026-09-05,05:30,325.8,1303.2
월배기지,2026-09-05,05:45,460.2,1840.8
월배기지,2026-09-05,06:00,507.0,2028.0
월배기지,2026-09-05,06:15,579.0,2316.0
월배기지,2026-09-05,06:30,544.8,2179.2
월배기지,2026-09-05,06:45,585.6,2342.4
월배기지,2026-09-05,07:00,645.0,2580.0
월배기지,2026-09-05,07:15,637.2,2548.8
월배기지,2026-09-05,07:30,658.2,2632.8
월배기지,2026-09-05,07:45,736.8,2947.2
월배기지,2026-09-05,08:00,796.8,3187.2
월배기지,2026-09-05,08:15,808.2,3232.8
월배기지,2026-09-05,08:30,813.0,3252.0
월배기지,2026-09-05,08:45,784.2,3136.8
월배기지,2026-09-05,09:00,735.0,2940.0
월배기지,2026-09-05,09:15,729.6,2918.4
월배기지,2026-09-05,09:30,700.8,2803.2
월배기지,2026-09-05,09:45,708.6,2834.4
월배기지,2026-09-05,10:00,733.8,2935.2
월배기지,2026-09-05,10:15,852.6,3410.4
월배기지,2026-09-05,10:30,740.4,2961.6
월배기지,2026-09-05,10:45,762.0,3048.0
월배기지,2026-09-05,11:00,805.2,3220.8
월배기지,2026-09-05,11:15,891.0,3564.0
월배기지,2026-09-05,11:30,919.8,3679.2
월배기지,2026-09-05,11:45,855.6,3422.4
월배기지,2026-09-05,12:00,834.0,3336.0
월배기지,2026-09-05,12:15,834.6,3338.4
월배기지,2026-09-05,12:30,755.4,3021.6
월배기지,2026-09-05,12:45,819.6,3278.4
월배기지,2026-09-05,13:00,862.2,3448.8
월배기지,2026-09-05,13:15,901.8,3607.2
월배기지,2026-09-05,13:30,898.8,3595.2
월배기지,2026-09-05,13:45,886.8,3547.2
월배기지,2026-09-05,14:00,915.0,3660.0
월배기지,2026-09-05,14:15,864.6,3458.4
월배기지,2026-09-05,14:30,789.0,3156.0
월배기지,2026-09-05,14:45,830.4,3321.6
월배기지,2026-09-05,15:00,828.0,3312.0
월배기지,2026-09-05,15:15,877.2,3508.8
월배기지,2026-09-05,15:30,807.6,3230.4
월배기지,2026-09-05,15:45,826.8,3307.2
월배기지,2026-09-05,16:00,765.6,3062.4
월배기지,2026-09-05,16:15,786.0,3144.0
월배기지,2026-09-05,16:30,746.4,2985.6
월배기지,2026-09-05,16:45,714.6,2858.4
월배기지,2026-09-05,17:00,772.8,3091.2
월배기지,2026-09-05,17:15,774.0,3096.0
월배기지,2026-09-05,17:30,700.8,2803.2
월배기지,2026-09-05,17:45,719.4,2877.6
월배기지,2026-09-05,18:00,675.6,2702.4
월배기지,2026-09-05,18:15,762.6,3050.4
월배기지,2026-09-05,18:30,813.6,3254.4
월배기지,2026-09-05,18:45,805.8,3223.2
월배기지,2026-09-05,19:00,795.0,3180.0
월배기지,2026-09-05,19:15,796.8,3187.2
월배기지,2026-09-05,19:30,782.4,3129.6
월배기지,2026-09-05,19:45,825.0,3300.0
월배기지,2026-09-05,20:00,709.8,2839.2
월배기지,2026-09-05,20:15,765.6,3062.4
월배기지,2026-09-05,20:30,729.6,2918.4
월배기지,2026-09-05,20:45,739.8,2959.2
월배기지,2026-09-05,21:00,732.0,2928.0
월배기지,2026-09-05,21:15,779.4,3117.6
월배기지,2026-09-05,21:30,741.6,2966.4
월배기지,2026-09-05,21:45,751.8,3007.2
월배기지,2026-09-05,22:00,685.2,2740.8
월배기지,2026-09-05,22:15,567.6,2270.4
월배기지,2026-09-05,22:30,548.4,2193.6
월배기지,2026-09-05,22:45,511.8,2047.2
월배기지,2026-09-05,23:00,518.4,2073.6
월배기지,2026-09-05,23:15,512.4,2049.6
월배기지,2026-09-05,23:30,507.0,2028.0
월배기지,2026-09-05,23:45,450.6,1802.4
월배기지,2026-09-05,24:00,397.2,1588.8
월배기지,2026-09-06,00:15,236.4,945.6
월배기지,2026-09-06,00:30,213.6,854.4
월배기지,2026-09-06,00:45,194.4,777.6
월배기지,2026-09-06,01:00,192.6,770.4
월배기지,2026-09-06,01:15,196.8,787.2
월배기지,2026-09-06,01:30,193.2,772.8
월배기지,2026-09-06,01:45,195.6,782.4
월배기지,2026-09-06,02:00,190.8,763.2
월배기지,2026-09-06,02:15,195.0,780.0
월배기지,2026-09-06,02:30,192.6,770.4
월배기지,2026-09-06,02:45,195.0,780.0
월배기지,2026-09-06,03:00,200.4,801.6
월배기지,2026-09-06,03:15,192.0,768.0
월배기지,2026-09-06,03:30,190.8,763.2
월배기지,2026-09-06,03:45,193.2,772.8
월배기지,2026-09-06,04:00,192.0,768.0
월배기지,2026-09-06,04:15,249.0,996.0
월배기지,2026-09-06,04:30,279.6,1118.4
월배기지,2026-09-06,04:45,216.6,866.4
월배기지,2026-09-06,05:00,219.6,878.4
월배기지,2026-09-06,05:15,240.6,962.4
월배기지,2026-09-06,05:30,268.2,1072.8
월배기지,2026-09-06,05:45,366.0,1464.0
월배기지,2026-09-06,06:00,403.8,1615.2
월배기지,2026-09-06,06:15,457.2,1828.8
월배기지,2026-09-06,06:30,439.8,1759.2
월배기지,2026-09-06,06:45,482.4,1929.6
월배기지,2026-09-06,07:00,490.2,1960.8
월배기지,2026-09-06,07:15,522.0,2088.0
월배기지,2026-09-06,07:30,518.4,2073.6
월배기지,2026-09-06,07:45,598.2,2392.8
월배기지,2026-09-06,08:00,605.4,2421.6
월배기지,2026-09-06,08:15,603.0,2412.0
월배기지,2026-09-06,08:30,659.4,2637.6
월배기지,2026-09-06,08:45,625.8,2503.2
월배기지,2026-09-06,09:00,614.4,2457.6
월배기지,2026-09-06,09:15,593.4,2373.6
월배기지,2026-09-06,09:30,588.0,2352.0
월배기지,2026-09-06,09:45,610.2,2440.8
월배기지,2026-09-06,10:00,646.8,2587.2
월배기지,2026-09-06,10:15,726.6,2906.4
월배기지,2026-09-06,10:30,721.2,2884.8
월배기지,2026-09-06,10:45,716.4,2865.6
월배기지,2026-09-06,11:00,720.6,2882.4
월배기지,2026-09-06,11:15,756.0,3024.0
월배기지,2026-09-06,11:30,736.2,2944.8
월배기지,2026-09-06,11:45,789.6,3158.4
월배기지,2026-09-06,12:00,813.6,3254.4
월배기지,2026-09-06,12:15,862.8,3451.2
월배기지,2026-09-06,12:30,885.6,3542.4
월배기지,2026-09-06,12:45,862.8,3451.2
월배기지,2026-09-06,13:00,863.4,3453.6
월배기지,2026-09-06,13:15,891.6,3566.4
월배기지,2026-09-06,13:30,899.4,3597.6
월배기지,2026-09-06,13:45,880.8,3523.2
월배기지,2026-09-06,14:00,925.2,3700.8
월배기지,2026-09-06,14:15,876.0,3504.0
월배기지,2026-09-06,14:30,834.6,3338.4
월배기지,2026-09-06,14:45,806.4,3225.6
월배기지,2026-09-06,15:00,729.0,2916.0
월배기지,2026-09-06,15:15,819.0,3276.0
월배기지,2026-09-06,15:30,796.2,3184.8
월배기지,2026-09-06,15:45,787.2,3148.8
월배기지,2026-09-06,16:00,762.0,3048.0
월배기지,2026-09-06,16:15,759.6,3038.4
월배기지,2026-09-06,16:30,775.8,3103.2
월배기지,2026-09-06,16:45,733.2,2932.8
월배기지,2026-09-06,17:00,752.4,3009.6
월배기지,2026-09-06,17:15,755.4,3021.6
월배기지,2026-09-06,17:30,730.2,2920.8
월배기지,2026-09-06,17:45,672.6,2690.4
월배기지,2026-09-06,18:00,677.4,2709.6
월배기지,2026-09-06,18:15,763.2,3052.8
월배기지,2026-09-06,18:30,0.0,0.0
월배기지,2026-09-06,18:45,0.0,0.0
월배기지,2026-09-06,19:00,0.0,0.0
월배기지,2026-09-06,19:15,0.0,0.0
월배기지,2026-09-06,19:30,0.0,0.0
월배기지,2026-09-06,19:45,0.0,0.0
월배기지,2026-09-06,20:00,0.0,0.0
월배기지,2026-09-06,20:15,0.0,0.0
월배기지,2026-09-06,20:30,0.0,0.0
월배기지,2026-09-06,20:45,0.0,0.0
월배기지,2026-09-06,21:00,0.0,0.0
월배기지,2026-09-06,21:15,0.0,0.0
월배기지,2026-09-06,21:30,0.0,0.0
월배기지,2026-09-06,21:45,0.0,0.0
월배기지,2026-09-06,22:00,0.0,0.0
월배기지,2026-09-06,22:15,0.0,0.0
월배기지,2026-09-06,22:30,0.0,0.0
월배기지,2026-09-06,22:45,0.0,0.0
월배기지,2026-09-06,23:00,0.0,0.0
월배기지,2026-09-06,23:15,0.0,0.0
월배기지,2026-09-06,23:30,0.0,0.0
월배기지,2026-09-06,23:45,0.0,0.0
월배기지,2026-09-06,24:00,0.0,0.0
서부정류장,2026-09-04,00:15,185.4,741.6
서부정류장,2026-09-04,00:30,170.4,681.6
서부정류장,2026-09-04,00:45,172.2,688.8
서부정류장,2026-09-04,01:00,166.8,667.2
서부정류장,2026-09-04,01:15,183.0,732.0
서부정류장,2026-09-04,01:30,180.0,720.0
서부정류장,2026-09-04,01:45,198.6,794.4
서부정류장,2026-09-04,02:00,194.4,777.6
서부정류장,2026-09-04,02:15,195.0,780.0
서부정류장,2026-09-04,02:30,175.8,703.2
서부정류장,2026-09-04,02:45,168.6,674.4
서부정류장,2026-09-04,03:00,160.8,643.2
서부정류장,2026-09-04,03:15,181.2,724.8
서부정류장,2026-09-04,03:30,181.8,727.2
서부정류장,2026-09-04,03:45,187.8,751.2
서부정류장,2026-09-04,04:00,177.6,710.4
서부정류장,2026-09-04,04:15,172.8,691.2
서부정류장,2026-09-04,04:30,151.2,604.8
서부정류장,2026-09-04,04:45,166.8,667.2
서부정류장,2026-09-04,05:00,170.4,681.6
서부정류장,2026-09-04,05:15,214.2,856.8
서부정류장,2026-09-04,05:30,232.8,931.2
서부정류장,2026-09-04,05:45,311.4,1245.6
서부정류장,2026-09-04,06:00,393.0,1572.0
서부정류장,2026-09-04,06:15,452.4,1809.6
서부정류장,2026-09-04,06:30,364.8,1459.2
서부정류장,2026-09-04,06:45,343.8,1375.2
서부정류장,2026-09-04,07:00,327.0,1308.0
서부정류장,2026-09-04,07:15,360.0,1440.0
서부정류장,2026-09-04,07:30,431.4,1725.6
서부정류장,2026-09-04,07:45,489.6,1958.4
서부정류장,2026-09-04,08:00,580.2,2320.8
서부정류장,2026-09-04,08:15,630.0,2520.0
서부정류장,2026-09-04,08:30,636.6,2546.4
서부정류장,2026-09-04,08:45,660.6,2642.4
서부정류장,2026-09-04,09:00,660.6,2642.4
서부정류장,2026-09-04,09:15,741.0,2964.0
서부정류장,2026-09-04,09:30,707.4,2829.6
서부정류장,2026-09-04,09:45,627.6,2510.4
서부정류장,2026-09-04,10:00,517.2,2068.8
서부정류장,2026-09-04,10:15,732.0,2928.0
서부정류장,2026-09-04,10:30,688.2,2752.8
서부정류장,2026-09-04,10:45,685.2,2740.8
서부정류장,2026-09-04,11:00,669.6,2678.4
서부정류장,2026-09-04,11:15,667.2,2668.8
서부정류장,2026-09-04,11:30,664.8,2659.2
서부정류장,2026-09-04,11:45,685.2,2740.8
서부정류장,2026-09-04,12:00,762.0,3048.0
서부정류장,2026-09-04,12:15,747.0,2988.0
서부정류장,2026-09-04,12:30,669.6,2678.4
서부정류장,2026-09-04,12:45,715.2,2860.8
서부정류장,2026-09-04,13:00,731.4,2925.6
서부정류장,2026-09-04,13:15,669.6,2678.4
서부정류장,2026-09-04,13:30,625.2,2500.8
서부정류장,2026-09-04,13:45,609.6,2438.4
서부정류장,2026-09-04,14:00,570.0,2280.0
서부정류장,2026-09-04,14:15,604.2,2416.8
서부정류장,2026-09-04,14:30,578.4,2313.6
서부정류장,2026-09-04,14:45,646.8,2587.2
서부정류장,2026-09-04,15:00,588.6,2354.4
서부정류장,2026-09-04,15:15,637.2,2548.8
서부정류장,2026-09-04,15:30,625.8,2503.2
서부정류장,2026-09-04,15:45,633.0,2532.0
서부정류장,2026-09-04,16:00,607.8,2431.2
서부정류장,2026-09-04,16:15,654.6,2618.4
서부정류장,2026-09-04,16:30,627.6,2510.4
서부정류장,2026-09-04,16:45,590.4,2361.6
서부정류장,2026-09-04,17:00,589.2,2356.8
서부정류장,2026-09-04,17:15,628.2,2512.8
서부정류장,2026-09-04,17:30,641.4,2565.6
서부정류장,2026-09-04,17:45,683.4,2733.6
서부정류장,2026-09-04,18:00,767.4,3069.6
서부정류장,2026-09-04,18:15,698.4,2793.6
서부정류장,2026-09-04,18:30,706.8,2827.2
서부정류장,2026-09-04,18:45,648.0,2592.0
서부정류장,2026-09-04,19:00,649.2,2596.8
서부정류장,2026-09-04,19:15,619.8,2479.2
서부정류장,2026-09-04,19:30,606.0,2424.0
서부정류장,2026-09-04,19:45,577.8,2311.2
서부정류장,2026-09-04,20:00,559.2,2236.8
서부정류장,2026-09-04,20:15,580.2,2320.8
서부정류장,2026-09-04,20:30,568.2,2272.8
서부정류장,2026-09-04,20:45,556.8,2227.2
서부정류장,2026-09-04,21:00,520.2,2080.8
서부정류장,2026-09-04,21:15,633.0,2532.0
서부정류장,2026-09-04,21:30,596.4,2385.6
서부정류장,2026-09-04,21:45,622.2,2488.8
서부정류장,2026-09-04,22:00,615.0,2460.0
서부정류장,2026-09-04,22:15,442.8,1771.2
서부정류장,2026-09-04,22:30,426.6,1706.4
서부정류장,2026-09-04,22:45,405.6,1622.4
서부정류장,2026-09-04,23:00,356.4,1425.6
서부정류장,2026-09-04,23:15,345.0,1380.0
서부정류장,2026-09-04,23:30,355.8,1423.2
서부정류장,2026-09-04,23:45,408.6,1634.4
서부정류장,2026-09-04,24:00,314.4,1257.6
서부정류장,2026-09-05,00:15,193.8,775.2
서부정류장,2026-09-05,00:30,186.0,744.0
서부정류장,2026-09-05,00:45,165.0,660.0
서부정류장,2026-09-05,01:00,159.6,638.4
서부정류장,2026-09-05,01:15,178.8,715.2
서부정류장,2026-09-05,01:30,184.2,736.8
서부정류장,2026-09-05,01:45,196.2,784.8
서부정류장,2026-09-05,02:00,189.0,756.0
서부정류장,2026-09-05,02:15,187.2,748.8
서부정류장,2026-09-05,02:30,165.6,662.4
서부정류장,2026-09-05,02:45,161.4,645.6
서부정류장,2026-09-05,03:00,163.8,655.2
서부정류장,2026-09-05,03:15,177.0,708.0
서부정류장,2026-09-05,03:30,180.6,722.4
서부정류장,2026-09-05,03:45,177.0,708.0
서부정류장,2026-09-05,04:00,182.4,729.6
서부정류장,2026-09-05,04:15,174.6,698.4
서부정류장,2026-09-05,04:30,148.8,595.2
서부정류장,2026-09-05,04:45,159.0,636.0
서부정류장,2026-09-05,05:00,165.0,660.0
서부정류장,2026-09-05,05:15,214.8,859.2
서부정류장,2026-09-05,05:30,229.2,916.8
서부정류장,2026-09-05,05:45,264.0,1056.0
서부정류장,2026-09-05,06:00,290.4,1161.6
서부정류장,2026-09-05,06:15,330.0,1320.0
서부정류장,2026-09-05,06:30,324.0,1296.0
서부정류장,2026-09-05,06:45,325.2,1300.8
서부정류장,2026-09-05,07:00,369.6,1478.4
서부정류장,2026-09-05,07:15,362.4,1449.6
서부정류장,2026-09-05,07:30,434.4,1737.6
서부정류장,2026-09-05,07:45,381.0,1524.0
서부정류장,2026-09-05,08:00,433.8,1735.2
서부정류장,2026-09-05,08:15,571.8,2287.2
서부정류장,2026-09-05,08:30,496.2,1984.8
서부정류장,2026-09-05,08:45,529.2,2116.8
서부정류장,2026-09-05,09:00,593.4,2373.6
서부정류장,2026-09-05,09:15,475.8,1903.2
서부정류장,2026-09-05,09:30,542.4,2169.6
서부정류장,2026-09-05,09:45,449.4,1797.6
서부정류장,2026-09-05,10:00,440.4,1761.6
서부정류장,2026-09-05,10:15,591.0,2364.0
서부정류장,2026-09-05,10:30,622.2,2488.8
서부정류장,2026-09-05,10:45,649.2,2596.8
서부정류장,2026-09-05,11:00,687.0,2748.0
서부정류장,2026-09-05,11:15,647.4,2589.6
서부정류장,2026-09-05,11:30,627.6,2510.4
서부정류장,2026-09-05,11:45,672.6,2690.4
서부정류장,2026-09-05,12:00,635.4,2541.6
서부정류장,2026-09-05,12:15,751.8,3007.2
서부정류장,2026-09-05,12:30,772.8,3091.2
서부정류장,2026-09-05,12:45,720.6,2882.4
서부정류장,2026-09-05,13:00,708.6,2834.4
서부정류장,2026-09-05,13:15,761.4,3045.6
서부정류장,2026-09-05,13:30,699.6,2798.4
서부정류장,2026-09-05,13:45,676.2,2704.8
서부정류장,2026-09-05,14:00,711.6,2846.4
서부정류장,2026-09-05,14:15,700.2,2800.8
서부정류장,2026-09-05,14:30,676.2,2704.8
서부정류장,2026-09-05,14:45,693.6,2774.4
서부정류장,2026-09-05,15:00,617.4,2469.6
서부정류장,2026-09-05,15:15,681.0,2724.0
서부정류장,2026-09-05,15:30,693.6,2774.4
서부정류장,2026-09-05,15:45,622.2,2488.8
서부정류장,2026-09-05,16:00,663.6,2654.4
서부정류장,2026-09-05,16:15,715.8,2863.2
서부정류장,2026-09-05,16:30,715.2,2860.8
서부정류장,2026-09-05,16:45,661.2,2644.8
서부정류장,2026-09-05,17:00,668.4,2673.6
서부정류장,2026-09-05,17:15,730.2,2920.8
서부정류장,2026-09-05,17:30,693.6,2774.4
서부정류장,2026-09-05,17:45,790.2,3160.8
서부정류장,2026-09-05,18:00,769.8,3079.2
서부정류장,2026-09-05,18:15,720.0,2880.0
서부정류장,2026-09-05,18:30,757.8,3031.2
서부정류장,2026-09-05,18:45,709.2,2836.8
서부정류장,2026-09-05,19:00,686.4,2745.6
서부정류장,2026-09-05,19:15,735.0,2940.0
서부정류장,2026-09-05,19:30,725.4,2901.6
서부정류장,2026-09-05,19:45,715.8,2863.2
서부정류장,2026-09-05,20:00,657.6,2630.4
서부정류장,2026-09-05,20:15,690.0,2760.0
서부정류장,2026-09-05,20:30,715.8,2863.2
서부정류장,2026-09-05,20:45,679.8,2719.2
서부정류장,2026-09-05,21:00,622.8,2491.2
서부정류장,2026-09-05,21:15,637.8,2551.2
서부정류장,2026-09-05,21:30,655.2,2620.8
서부정류장,2026-09-05,21:45,652.2,2608.8
서부정류장,2026-09-05,22:00,630.0,2520.0
서부정류장,2026-09-05,22:15,475.2,1900.8
서부정류장,2026-09-05,22:30,436.8,1747.2
서부정류장,2026-09-05,22:45,412.8,1651.2
서부정류장,2026-09-05,23:00,404.4,1617.6
서부정류장,2026-09-05,23:15,408.6,1634.4
서부정류장,2026-09-05,23:30,402.0,1608.0
서부정류장,2026-09-05,23:45,478.2,1912.8
서부정류장,2026-09-05,24:00,349.8,1399.2
서부정류장,2026-09-06,00:15,199.8,799.2
서부정류장,2026-09-06,00:30,171.6,686.4
서부정류장,2026-09-06,00:45,144.6,578.4
서부정류장,2026-09-06,01:00,150.0,600.0
서부정류장,2026-09-06,01:15,167.4,669.6
서부정류장,2026-09-06,01:30,168.0,672.0
서부정류장,2026-09-06,01:45,172.8,691.2
서부정류장,2026-09-06,02:00,179.4,717.6
서부정류장,2026-09-06,02:15,178.2,712.8
서부정류장,2026-09-06,02:30,151.8,607.2
서부정류장,2026-09-06,02:45,144.0,576.0
서부정류장,2026-09-06,03:00,142.8,571.2
서부정류장,2026-09-06,03:15,161.4,645.6
서부정류장,2026-09-06,03:30,169.2,676.8
서부정류장,2026-09-06,03:45,172.8,691.2
서부정류장,2026-09-06,04:00,178.8,715.2
서부정류장,2026-09-06,04:15,173.4,693.6
서부정류장,2026-09-06,04:30,148.8,595.2
서부정류장,2026-09-06,04:45,156.0,624.0
서부정류장,2026-09-06,05:00,162.6,650.4
서부정류장,2026-09-06,05:15,209.4,837.6
서부정류장,2026-09-06,05:30,223.2,892.8
서부정류장,2026-09-06,05:45,280.2,1120.8
서부정류장,2026-09-06,06:00,369.6,1478.4
서부정류장,2026-09-06,06:15,408.6,1634.4
서부정류장,2026-09-06,06:30,416.4,1665.6
서부정류장,2026-09-06,06:45,411.0,1644.0
서부정류장,2026-09-06,07:00,468.0,1872.0
서부정류장,2026-09-06,07:15,490.2,1960.8
서부정류장,2026-09-06,07:30,489.6,1958.4
서부정류장,2026-09-06,07:45,494.4,1977.6
서부정류장,2026-09-06,08:00,458.4,1833.6
서부정류장,2026-09-06,08:15,556.2,2224.8
서부정류장,2026-09-06,08:30,572.4,2289.6
서부정류장,2026-09-06,08:45,555.6,2222.4
서부정류장,2026-09-06,09:00,586.8,2347.2
서부정류장,2026-09-06,09:15,541.8,2167.2
서부정류장,2026-09-06,09:30,514.2,2056.8
서부정류장,2026-09-06,09:45,460.8,1843.2
서부정류장,2026-09-06,10:00,445.2,1780.8
서부정류장,2026-09-06,10:15,638.4,2553.6
서부정류장,2026-09-06,10:30,656.4,2625.6
서부정류장,2026-09-06,10:45,619.2,2476.8
서부정류장,2026-09-06,11:00,636.6,2546.4
서부정류장,2026-09-06,11:15,596.4,2385.6
서부정류장,2026-09-06,11:30,629.4,2517.6
서부정류장,2026-09-06,11:45,640.8,2563.2
서부정류장,2026-09-06,12:00,583.2,2332.8
서부정류장,2026-09-06,12:15,615.6,2462.4
서부정류장,2026-09-06,12:30,570.6,2282.4
서부정류장,2026-09-06,12:45,624.0,2496.0
서부정류장,2026-09-06,13:00,597.0,2388.0
서부정류장,2026-09-06,13:15,663.6,2654.4
서부정류장,2026-09-06,13:30,643.8,2575.2
서부정류장,2026-09-06,13:45,654.6,2618.4
서부정류장,2026-09-06,14:00,610.8,2443.2
서부정류장,2026-09-06,14:15,633.6,2534.4
서부정류장,2026-09-06,14:30,596.4,2385.6
서부정류장,2026-09-06,14:45,579.6,2318.4
서부정류장,2026-09-06,15:00,602.4,2409.6
서부정류장,2026-09-06,15:15,651.0,2604.0
서부정류장,2026-09-06,15:30,663.0,2652.0
서부정류장,2026-09-06,15:45,693.6,2774.4
서부정류장,2026-09-06,16:00,681.0,2724.0
서부정류장,2026-09-06,16:15,657.6,2630.4
서부정류장,2026-09-06,16:30,642.0,2568.0
서부정류장,2026-09-06,16:45,612.0,2448.0
서부정류장,2026-09-06,17:00,649.2,2596.8
서부정류장,2026-09-06,17:15,718.2,2872.8
서부정류장,2026-09-06,17:30,640.2,2560.8
서부정류장,2026-09-06,17:45,690.6,2762.4
서부정류장,2026-09-06,18:00,641.4,2565.6
서부정류장,2026-09-06,18:15,635.4,2541.6
서부정류장,2026-09-06,18:30,613.2,2452.8
서부정류장,2026-09-06,18:45,0.0,0.0
서부정류장,2026-09-06,19:00,0.0,0.0
서부정류장,2026-09-06,19:15,0.0,0.0
서부정류장,2026-09-06,19:30,0.0,0.0
서부정류장,2026-09-06,19:45,0.0,0.0
서부정류장,2026-09-06,20:00,0.0,0.0
서부정류장,2026-09-06,20:15,0.0,0.0
서부정류장,2026-09-06,20:30,0.0,0.0
서부정류장,2026-09-06,20:45,0.0,0.0
서부정류장,2026-09-06,21:00,0.0,0.0
서부정류장,2026-09-06,21:15,0.0,0.0
서부정류장,2026-09-06,21:30,0.0,0.0
서부정류장,2026-09-06,21:45,0.0,0.0
서부정류장,2026-09-06,22:00,0.0,0.0
서부정류장,2026-09-06,22:15,0.0,0.0
서부정류장,2026-09-06,22:30,0.0,0.0
서부정류장,2026-09-06,22:45,0.0,0.0
서부정류장,2026-09-06,23:00,0.0,0.0
서부정류장,2026-09-06,23:15,0.0,0.0
서부정류장,2026-09-06,23:30,0.0,0.0
서부정류장,2026-09-06,23:45,0.0,0.0
서부정류장,2026-09-06,24:00,0.0,0.0
반월당,2026-09-04,00:15,126.2,505.0
반월당,2026-09-04,00:30,96.0,384.0
반월당,2026-09-04,00:45,93.6,374.4
반월당,2026-09-04,01:00,89.8,359.0
반월당,2026-09-04,01:15,102.7,410.9
반월당,2026-09-04,01:30,105.1,420.5
반월당,2026-09-04,01:45,102.2,409.0
반월당,2026-09-04,02:00,104.2,416.6
반월당,2026-09-04,02:15,106.1,424.3
반월당,2026-09-04,02:30,86.9,347.5
반월당,2026-09-04,02:45,85.4,341.8
반월당,2026-09-04,03:00,82.6,330.2
반월당,2026-09-04,03:15,108.5,433.9
반월당,2026-09-04,03:30,105.6,422.4
반월당,2026-09-04,03:45,107.0,428.2
반월당,2026-09-04,04:00,104.6,418.6
반월당,2026-09-04,04:15,106.1,424.3
반월당,2026-09-04,04:30,84.0,336.0
반월당,2026-09-04,04:45,86.9,347.5
반월당,2026-09-04,05:00,91.2,364.8
반월당,2026-09-04,05:15,128.6,514.6
반월당,2026-09-04,05:30,145.4,581.8
반월당,2026-09-04,05:45,181.9,727.7
반월당,2026-09-04,06:00,228.5,913.9
반월당,2026-09-04,06:15,244.8,979.2
반월당,2026-09-04,06:30,314.4,1257.6
반월당,2026-09-04,06:45,295.7,1182.7
반월당,2026-09-04,07:00,316.3,1265.3
반월당,2026-09-04,07:15,381.6,1526.4
반월당,2026-09-04,07:30,369.1,1476.5
반월당,2026-09-04,07:45,549.1,2196.5
반월당,2026-09-04,08:00,604.8,2419.2
반월당,2026-09-04,08:15,677.3,2709.1
반월당,2026-09-04,08:30,647.0,2588.2
반월당,2026-09-04,08:45,646.6,2586.2
반월당,2026-09-04,09:00,589.4,2357.8
반월당,2026-09-04,09:15,602.9,2411.5
반월당,2026-09-04,09:30,645.1,2580.5
반월당,2026-09-04,09:45,565.0,2259.8
반월당,2026-09-04,10:00,583.7,2334.7
반월당,2026-09-04,10:15,513.6,2054.4
반월당,2026-09-04,10:30,550.1,2200.3
반월당,2026-09-04,10:45,602.4,2409.6
반월당,2026-09-04,11:00,599.0,2396.2
반월당,2026-09-04,11:15,594.7,2378.9
반월당,2026-09-04,11:30,619.7,2478.7
반월당,2026-09-04,11:45,582.2,2329.0
반월당,2026-09-04,12:00,565.4,2261.8
반월당,2026-09-04,12:15,519.4,2077.4
반월당,2026-09-04,12:30,606.7,2426.9
반월당,2026-09-04,12:45,621.6,2486.4
반월당,2026-09-04,13:00,609.6,2438.4
반월당,2026-09-04,13:15,656.2,2624.6
반월당,2026-09-04,13:30,644.2,2576.6
반월당,2026-09-04,13:45,683.0,2732.2
반월당,2026-09-04,14:00,637.0,2547.8
반월당,2026-09-04,14:15,643.2,2572.8
반월당,2026-09-04,14:30,697.9,2791.7
반월당,2026-09-04,14:45,596.2,2384.6
반월당,2026-09-04,15:00,536.2,2144.6
반월당,2026-09-04,15:15,599.5,2398.1
반월당,2026-09-04,15:30,574.1,2296.3
반월당,2026-09-04,15:45,575.0,2300.2
반월당,2026-09-04,16:00,637.0,2547.8
반월당,2026-09-04,16:15,674.9,2699.5
반월당,2026-09-04,16:30,612.5,2449.9
반월당,2026-09-04,16:45,587.5,2350.1
반월당,2026-09-04,17:00,550.1,2200.3
반월당,2026-09-04,17:15,500.6,2002.6
반월당,2026-09-04,17:30,522.7,2090.9
반월당,2026-09-04,17:45,601.0,2403.8
반월당,2026-09-04,18:00,625.4,2501.8
반월당,2026-09-04,18:15,635.5,2542.1
반월당,2026-09-04,18:30,654.7,2618.9
반월당,2026-09-04,18:45,633.6,2534.4
반월당,2026-09-04,19:00,579.4,2317.4
반월당,2026-09-04,19:15,551.0,2204.2
반월당,2026-09-04,19:30,558.7,2234.9
반월당,2026-09-04,19:45,587.5,2350.1
반월당,2026-09-04,20:00,598.1,2392.3
반월당,2026-09-04,20:15,575.5,2302.1
반월당,2026-09-04,20:30,519.4,2077.4
반월당,2026-09-04,20:45,521.8,2087.0
반월당,2026-09-04,21:00,558.7,2234.9
반월당,2026-09-04,21:15,528.5,2113.9
반월당,2026-09-04,21:30,558.7,2234.9
반월당,2026-09-04,21:45,517.9,2071.7
반월당,2026-09-04,22:00,479.0,1916.2
반월당,2026-09-04,22:15,433.9,1735.7
반월당,2026-09-04,22:30,432.5,1729.9
반월당,2026-09-04,22:45,375.4,1501.4
반월당,2026-09-04,23:00,359.5,1438.1
반월당,2026-09-04,23:15,342.2,1369.0
반월당,2026-09-04,23:30,371.5,1486.1
반월당,2026-09-04,23:45,363.4,1453.4
반월당,2026-09-04,24:00,287.5,1150.1
반월당,2026-09-05,00:15,162.2,649.0
반월당,2026-09-05,00:30,142.1,568.3
반월당,2026-09-05,00:45,137.3,549.1
반월당,2026-09-05,01:00,136.8,547.2
반월당,2026-09-05,01:15,149.8,599.0
반월당,2026-09-05,01:30,141.6,566.4
반월당,2026-09-05,01:45,144.0,576.0
반월당,2026-09-05,02:00,137.8,551.0
반월당,2026-09-05,02:15,135.4,541.4
반월당,2026-09-05,02:30,128.2,512.6
반월당,2026-09-05,02:45,130.6,522.2
반월당,2026-09-05,03:00,129.6,518.4
반월당,2026-09-05,03:15,145.4,581.8
반월당,2026-09-05,03:30,142.6,570.2
반월당,2026-09-05,03:45,97.9,391.7
반월당,2026-09-05,04:00,93.1,372.5
반월당,2026-09-05,04:15,89.3,357.1
반월당,2026-09-05,04:30,80.2,320.6
반월당,2026-09-05,04:45,84.5,337.9
반월당,2026-09-05,05:00,93.1,372.5
반월당,2026-09-05,05:15,131.0,524.2
반월당,2026-09-05,05:30,144.5,577.9
반월당,2026-09-05,05:45,196.3,785.3
반월당,2026-09-05,06:00,254.9,1019.5
반월당,2026-09-05,06:15,274.6,1098.2
반월당,2026-09-05,06:30,271.2,1084.8
반월당,2026-09-05,06:45,297.1,1188.5
반월당,2026-09-05,07:00,301.4,1205.8
반월당,2026-09-05,07:15,318.2,1273.0
반월당,2026-09-05,07:30,333.1,1332.5
반월당,2026-09-05,07:45,384.5,1537.9
반월당,2026-09-05,08:00,396.5,1585.9
반월당,2026-09-05,08:15,440.2,1760.6
반월당,2026-09-05,08:30,522.7,2090.9
반월당,2026-09-05,08:45,494.9,1979.5
반월당,2026-09-05,09:00,448.3,1793.3
반월당,2026-09-05,09:15,634.1,2536.3
반월당,2026-09-05,09:30,542.9,2171.5
반월당,2026-09-05,09:45,625.4,2501.8
반월당,2026-09-05,10:00,619.2,2476.8
반월당,2026-09-05,10:15,586.1,2344.3
반월당,2026-09-05,10:30,493.9,1975.7
반월당,2026-09-05,10:45,525.1,2100.5
반월당,2026-09-05,11:00,548.6,2194.6
반월당,2026-09-05,11:15,553.4,2213.8
반월당,2026-09-05,11:30,553.0,2211.8
반월당,2026-09-05,11:45,520.8,2083.2
반월당,2026-09-05,12:00,513.6,2054.4
반월당,2026-09-05,12:15,499.7,1998.7
반월당,2026-09-05,12:30,475.7,1902.7
반월당,2026-09-05,12:45,565.9,2263.7
반월당,2026-09-05,13:00,557.8,2231.0
반월당,2026-09-05,13:15,732.0,2928.0
반월당,2026-09-05,13:30,701.3,2805.1
반월당,2026-09-05,13:45,689.8,2759.0
반월당,2026-09-05,14:00,675.8,2703.4
반월당,2026-09-05,14:15,654.2,2617.0
반월당,2026-09-05,14:30,565.0,2259.8
반월당,2026-09-05,14:45,556.8,2227.2
반월당,2026-09-05,15:00,535.2,2140.8
반월당,2026-09-05,15:15,533.3,2133.1
반월당,2026-09-05,15:30,490.1,1960.3
반월당,2026-09-05,15:45,480.0,1920.0
반월당,2026-09-05,16:00,537.1,2148.5
반월당,2026-09-05,16:15,613.4,2453.8
반월당,2026-09-05,16:30,590.4,2361.6
반월당,2026-09-05,16:45,561.6,2246.4
반월당,2026-09-05,17:00,554.4,2217.6
반월당,2026-09-05,17:15,377.3,1509.1
반월당,2026-09-05,17:30,467.5,1870.1
반월당,2026-09-05,17:45,423.8,1695.4
반월당,2026-09-05,18:00,516.5,2065.9
반월당,2026-09-05,18:15,515.5,2062.1
반월당,2026-09-05,18:30,557.8,2231.0
반월당,2026-09-05,18:45,540.5,2161.9
반월당,2026-09-05,19:00,521.8,2087.0
반월당,2026-09-05,19:15,525.6,2102.4
반월당,2026-09-05,19:30,497.3,1989.1
반월당,2026-09-05,19:45,571.2,2284.8
반월당,2026-09-05,20:00,558.2,2233.0
반월당,2026-09-05,20:15,569.8,2279.0
반월당,2026-09-05,20:30,464.6,1858.6
반월당,2026-09-05,20:45,532.3,2129.3
반월당,2026-09-05,21:00,565.4,2261.8
반월당,2026-09-05,21:15,569.3,2277.1
반월당,2026-09-05,21:30,542.4,2169.6
반월당,2026-09-05,21:45,440.6,1762.6
반월당,2026-09-05,22:00,434.4,1737.6
반월당,2026-09-05,22:15,372.0,1488.0
반월당,2026-09-05,22:30,356.2,1424.6
반월당,2026-09-05,22:45,341.3,1365.1
반월당,2026-09-05,23:00,249.1,996.5
반월당,2026-09-05,23:15,331.2,1324.8
반월당,2026-09-05,23:30,331.7,1326.7
반월당,2026-09-05,23:45,315.8,1263.4
반월당,2026-09-05,24:00,230.9,923.5
반월당,2026-09-06,00:15,118.6,474.2
반월당,2026-09-06,00:30,100.8,403.2
반월당,2026-09-06,00:45,83.5,334.1
반월당,2026-09-06,01:00,82.1,328.3
반월당,2026-09-06,01:15,96.0,384.0
반월당,2026-09-06,01:30,89.8,359.0
반월당,2026-09-06,01:45,93.1,372.5
반월당,2026-09-06,02:00,93.6,374.4
반월당,2026-09-06,02:15,93.6,374.4
반월당,2026-09-06,02:30,84.0,336.0
반월당,2026-09-06,02:45,78.2,313.0
반월당,2026-09-06,03:00,79.2,316.8
반월당,2026-09-06,03:15,94.6,378.2
반월당,2026-09-06,03:30,91.7,366.7
반월당,2026-09-06,03:45,93.1,372.5
반월당,2026-09-06,04:00,97.4,389.8
반월당,2026-09-06,04:15,97.0,387.8
반월당,2026-09-06,04:30,85.9,343.7
반월당,2026-09-06,04:45,84.0,336.0
반월당,2026-09-06,05:00,93.1,372.5
반월당,2026-09-06,05:15,128.2,512.6
반월당,2026-09-06,05:30,141.6,566.4
반월당,2026-09-06,05:45,188.2,752.6
반월당,2026-09-06,06:00,260.6,1042.6
반월당,2026-09-06,06:15,271.2,1084.8
반월당,2026-09-06,06:30,273.6,1094.4
반월당,2026-09-06,06:45,267.8,1071.4
반월당,2026-09-06,07:00,218.9,875.5
반월당,2026-09-06,07:15,296.2,1184.6
반월당,2026-09-06,07:30,316.3,1265.3
반월당,2026-09-06,07:45,362.9,1451.5
반월당,2026-09-06,08:00,324.0,1296.0
반월당,2026-09-06,08:15,373.0,1491.8
반월당,2026-09-06,08:30,358.1,1432.3
반월당,2026-09-06,08:45,349.4,1397.8
반월당,2026-09-06,09:00,355.7,1422.7
반월당,2026-09-06,09:15,519.8,2079.4
반월당,2026-09-06,09:30,492.0,1968.0
반월당,2026-09-06,09:45,462.7,1850.9
반월당,2026-09-06,10:00,460.8,1843.2
반월당,2026-09-06,10:15,469.9,1879.7
반월당,2026-09-06,10:30,510.7,2042.9
반월당,2026-09-06,10:45,525.1,2100.5
반월당,2026-09-06,11:00,518.4,2073.6
반월당,2026-09-06,11:15,535.2,2140.8
반월당,2026-09-06,11:30,519.8,2079.4
반월당,2026-09-06,11:45,454.1,1816.3
반월당,2026-09-06,12:00,474.2,1897.0
반월당,2026-09-06,12:15,534.7,2138.9
반월당,2026-09-06,12:30,535.2,2140.8
반월당,2026-09-06,12:45,538.1,2152.3
반월당,2026-09-06,13:00,528.5,2113.9
반월당,2026-09-06,13:15,533.3,2133.1
반월당,2026-09-06,13:30,582.2,2329.0
반월당,2026-09-06,13:45,593.3,2373.1
반월당,2026-09-06,14:00,555.8,2223.4
반월당,2026-09-06,14:15,635.0,2540.2
반월당,2026-09-06,14:30,579.4,2317.4
반월당,2026-09-06,14:45,575.5,2302.1
반월당,2026-09-06,15:00,567.4,2269.4
반월당,2026-09-06,15:15,518.4,2073.6
반월당,2026-09-06,15:30,515.0,2060.2
반월당,2026-09-06,15:45,554.9,2219.5
반월당,2026-09-06,16:00,581.3,2325.1
반월당,2026-09-06,16:15,638.4,2553.6
반월당,2026-09-06,16:30,637.4,2549.8
반월당,2026-09-06,16:45,561.1,2244.5
반월당,2026-09-06,17:00,525.6,2102.4
반월당,2026-09-06,17:15,445.0,1779.8
반월당,2026-09-06,17:30,525.1,2100.5
반월당,2026-09-06,17:45,458.9,1835.5
반월당,2026-09-06,18:00,450.2,1801.0
반월당,2026-09-06,18:15,473.8,1895.0
반월당,2026-09-06,18:30,469.9,1879.7
반월당,2026-09-06,18:45,0.0,0.0
반월당,2026-09-06,19:00,0.0,0.0
반월당,2026-09-06,19:15,0.0,0.0
반월당,2026-09-06,19:30,0.0,0.0
반월당,2026-09-06,19:45,0.0,0.0
반월당,2026-09-06,20:00,0.0,0.0
반월당,2026-09-06,20:15,0.0,0.0
반월당,2026-09-06,20:30,0.0,0.0
반월당,2026-09-06,20:45,0.0,0.0
반월당,2026-09-06,21:00,0.0,0.0
반월당,2026-09-06,21:15,0.0,0.0
반월당,2026-09-06,21:30,0.0,0.0
반월당,2026-09-06,21:45,0.0,0.0
반월당,2026-09-06,22:00,0.0,0.0
반월당,2026-09-06,22:15,0.0,0.0
반월당,2026-09-06,22:30,0.0,0.0
반월당,2026-09-06,22:45,0.0,0.0
반월당,2026-09-06,23:00,0.0,0.0
반월당,2026-09-06,23:15,0.0,0.0
반월당,2026-09-06,23:30,0.0,0.0
반월당,2026-09-06,23:45,0.0,0.0
반월당,2026-09-06,24:00,0.0,0.0
신천,2026-09-04,00:15,121.4,485.8
신천,2026-09-04,00:30,105.1,420.5
신천,2026-09-04,00:45,109.9,439.7
신천,2026-09-04,01:00,119.5,478.1
신천,2026-09-04,01:15,126.7,506.9
신천,2026-09-04,01:30,122.9,491.5
신천,2026-09-04,01:45,121.9,487.7
신천,2026-09-04,02:00,118.6,474.2
신천,2026-09-04,02:15,115.7,462.7
신천,2026-09-04,02:30,112.8,451.2
신천,2026-09-04,02:45,118.6,474.2
신천,2026-09-04,03:00,115.7,462.7
신천,2026-09-04,03:15,106.1,424.3
신천,2026-09-04,03:30,107.0,428.2
신천,2026-09-04,03:45,107.5,430.1
신천,2026-09-04,04:00,106.6,426.2
신천,2026-09-04,04:15,100.8,403.2
신천,2026-09-04,04:30,82.1,328.3
신천,2026-09-04,04:45,87.8,351.4
신천,2026-09-04,05:00,98.4,393.6
신천,2026-09-04,05:15,124.8,499.2
신천,2026-09-04,05:30,134.4,537.6
신천,2026-09-04,05:45,189.6,758.4
신천,2026-09-04,06:00,260.6,1042.6
신천,2026-09-04,06:15,249.1,996.5
신천,2026-09-04,06:30,308.6,1234.6
신천,2026-09-04,06:45,315.4,1261.4
신천,2026-09-04,07:00,341.8,1367.0
신천,2026-09-04,07:15,391.7,1566.7
신천,2026-09-04,07:30,433.0,1731.8
신천,2026-09-04,07:45,505.4,2021.8
신천,2026-09-04,08:00,595.7,2382.7
신천,2026-09-04,08:15,578.9,2315.5
신천,2026-09-04,08:30,610.6,2442.2
신천,2026-09-04,08:45,649.0,2595.8
신천,2026-09-04,09:00,684.5,2737.9
신천,2026-09-04,09:15,601.0,2403.8
신천,2026-09-04,09:30,449.3,1797.1
신천,2026-09-04,09:45,413.3,1653.1
신천,2026-09-04,10:00,496.3,1985.3
신천,2026-09-04,10:15,487.2,1948.8
신천,2026-09-04,10:30,449.3,1797.1
신천,2026-09-04,10:45,553.9,2215.7
신천,2026-09-04,11:00,687.4,2749.4
신천,2026-09-04,11:15,712.3,2849.3
신천,2026-09-04,11:30,733.9,2935.7
신천,2026-09-04,11:45,711.4,2845.4
신천,2026-09-04,12:00,620.2,2480.6
신천,2026-09-04,12:15,561.6,2246.4
신천,2026-09-04,12:30,539.0,2156.2
신천,2026-09-04,12:45,478.6,1914.2
신천,2026-09-04,13:00,512.2,2048.6
신천,2026-09-04,13:15,601.0,2403.8
신천,2026-09-04,13:30,543.8,2175.4
신천,2026-09-04,13:45,640.3,2561.3
신천,2026-09-04,14:00,611.5,2446.1
신천,2026-09-04,14:15,548.6,2194.6
신천,2026-09-04,14:30,431.5,1726.1
신천,2026-09-04,14:45,485.8,1943.0
신천,2026-09-04,15:00,493.9,1975.7
신천,2026-09-04,15:15,603.8,2415.4
신천,2026-09-04,15:30,629.8,2519.0
신천,2026-09-04,15:45,641.3,2565.1
신천,2026-09-04,16:00,689.8,2759.0
신천,2026-09-04,16:15,710.4,2841.6
신천,2026-09-04,16:30,681.6,2726.4
신천,2026-09-04,16:45,568.3,2273.3
신천,2026-09-04,17:00,557.8,2231.0
신천,2026-09-04,17:15,513.6,2054.4
신천,2026-09-04,17:30,513.1,2052.5
신천,2026-09-04,17:45,671.5,2686.1
신천,2026-09-04,18:00,697.0,2787.8
신천,2026-09-04,18:15,660.5,2641.9
신천,2026-09-04,18:30,640.3,2561.3
신천,2026-09-04,18:45,624.5,2497.9
신천,2026-09-04,19:00,571.7,2286.7
신천,2026-09-04,19:15,637.9,2551.7
신천,2026-09-04,19:30,605.3,2421.1
신천,2026-09-04,19:45,630.7,2522.9
신천,2026-09-04,20:00,613.0,2451.8
신천,2026-09-04,20:15,564.0,2256.0
신천,2026-09-04,20:30,577.4,2309.8
신천,2026-09-04,20:45,548.6,2194.6
신천,2026-09-04,21:00,573.1,2292.5
신천,2026-09-04,21:15,625.0,2499.8
신천,2026-09-04,21:30,589.4,2357.8
신천,2026-09-04,21:45,602.4,2409.6
신천,2026-09-04,22:00,577.9,2311.7
신천,2026-09-04,22:15,395.5,1582.1
신천,2026-09-04,22:30,395.5,1582.1
신천,2026-09-04,22:45,404.6,1618.6
신천,2026-09-04,23:00,415.2,1660.8
신천,2026-09-04,23:15,368.2,1472.6
신천,2026-09-04,23:30,337.4,1349.8
신천,2026-09-04,23:45,338.9,1355.5
신천,2026-09-04,24:00,275.5,1102.1
신천,2026-09-05,00:15,107.0,428.2
신천,2026-09-05,00:30,91.2,364.8
신천,2026-09-05,00:45,99.8,399.4
신천,2026-09-05,01:00,105.6,422.4
신천,2026-09-05,01:15,115.7,462.7
신천,2026-09-05,01:30,112.3,449.3
신천,2026-09-05,01:45,109.9,439.7
신천,2026-09-05,02:00,110.4,441.6
신천,2026-09-05,02:15,105.6,422.4
신천,2026-09-05,02:30,106.1,424.3
신천,2026-09-05,02:45,110.4,441.6
신천,2026-09-05,03:00,111.4,445.4
신천,2026-09-05,03:15,112.3,449.3
신천,2026-09-05,03:30,112.3,449.3
신천,2026-09-05,03:45,81.6,326.4
신천,2026-09-05,04:00,81.1,324.5
신천,2026-09-05,04:15,76.3,305.3
신천,2026-09-05,04:30,71.5,286.1
신천,2026-09-05,04:45,76.8,307.2
신천,2026-09-05,05:00,83.5,334.1
신천,2026-09-05,05:15,115.2,460.8
신천,2026-09-05,05:30,128.2,512.6
신천,2026-09-05,05:45,195.4,781.4
신천,2026-09-05,06:00,281.3,1125.1
신천,2026-09-05,06:15,280.8,1123.2
신천,2026-09-05,06:30,285.6,1142.4
신천,2026-09-05,06:45,314.4,1257.6
신천,2026-09-05,07:00,361.0,1443.8
신천,2026-09-05,07:15,384.5,1537.9
신천,2026-09-05,07:30,369.1,1476.5
신천,2026-09-05,07:45,487.7,1950.7
신천,2026-09-05,08:00,523.2,2092.8
신천,2026-09-05,08:15,551.5,2206.1
신천,2026-09-05,08:30,523.7,2094.7
신천,2026-09-05,08:45,517.4,2069.8
신천,2026-09-05,09:00,601.4,2405.8
신천,2026-09-05,09:15,441.1,1764.5
신천,2026-09-05,09:30,395.0,1580.2
신천,2026-09-05,09:45,402.7,1610.9
신천,2026-09-05,10:00,360.5,1441.9
신천,2026-09-05,10:15,461.3,1845.1
신천,2026-09-05,10:30,508.8,2035.2
신천,2026-09-05,10:45,639.4,2557.4
신천,2026-09-05,11:00,657.6,2630.4
신천,2026-09-05,11:15,675.4,2701.4
신천,2026-09-05,11:30,674.9,2699.5
신천,2026-09-05,11:45,636.0,2544.0
신천,2026-09-05,12:00,641.8,2567.0
신천,2026-09-05,12:15,564.5,2257.9
신천,2026-09-05,12:30,535.2,2140.8
신천,2026-09-05,12:45,553.9,2215.7
신천,2026-09-05,13:00,544.8,2179.2
신천,2026-09-05,13:15,577.4,2309.8
신천,2026-09-05,13:30,564.5,2257.9
신천,2026-09-05,13:45,556.3,2225.3
신천,2026-09-05,14:00,552.5,2209.9
신천,2026-09-05,14:15,554.9,2219.5
신천,2026-09-05,14:30,524.2,2096.6
신천,2026-09-05,14:45,480.0,1920.0
신천,2026-09-05,15:00,530.9,2123.5
신천,2026-09-05,15:15,659.0,2636.2
신천,2026-09-05,15:30,646.1,2584.3
신천,2026-09-05,15:45,676.8,2707.2
신천,2026-09-05,16:00,580.8,2323.2
신천,2026-09-05,16:15,636.0,2544.0
신천,2026-09-05,16:30,675.8,2703.4
신천,2026-09-05,16:45,613.0,2451.8
신천,2026-09-05,17:00,541.9,2167.7
신천,2026-09-05,17:15,398.9,1595.5
신천,2026-09-05,17:30,362.4,1449.6
신천,2026-09-05,17:45,470.4,1881.6
신천,2026-09-05,18:00,474.7,1898.9
신천,2026-09-05,18:15,516.5,2065.9
신천,2026-09-05,18:30,574.6,2298.2
신천,2026-09-05,18:45,589.9,2359.7
신천,2026-09-05,19:00,575.5,2302.1
신천,2026-09-05,19:15,663.4,2653.4
신천,2026-09-05,19:30,652.8,2611.2
신천,2026-09-05,19:45,632.2,2528.6
신천,2026-09-05,20:00,669.1,2676.5
신천,2026-09-05,20:15,571.7,2286.7
신천,2026-09-05,20:30,506.9,2027.5
신천,2026-09-05,20:45,509.8,2039.0
신천,2026-09-05,21:00,508.8,2035.2
신천,2026-09-05,21:15,552.0,2208.0
신천,2026-09-05,21:30,554.9,2219.5
신천,2026-09-05,21:45,517.9,2071.7
신천,2026-09-05,22:00,515.5,2062.1
신천,2026-09-05,22:15,443.0,1772.2
신천,2026-09-05,22:30,387.4,1549.4
신천,2026-09-05,22:45,369.6,1478.4
신천,2026-09-05,23:00,323.0,1292.2
신천,2026-09-05,23:15,324.0,1296.0
신천,2026-09-05,23:30,357.1,1428.5
신천,2026-09-05,23:45,314.4,1257.6
신천,2026-09-05,24:00,254.4,1017.6
신천,2026-09-06,00:15,105.6,422.4
신천,2026-09-06,00:30,80.2,320.6
신천,2026-09-06,00:45,72.5,289.9
신천,2026-09-06,01:00,69.1,276.5
신천,2026-09-06,01:15,79.2,316.8
신천,2026-09-06,01:30,82.6,330.2
신천,2026-09-06,01:45,80.2,320.6
신천,2026-09-06,02:00,77.8,311.0
신천,2026-09-06,02:15,78.7,314.9
신천,2026-09-06,02:30,70.6,282.2
신천,2026-09-06,02:45,69.1,276.5
신천,2026-09-06,03:00,73.0,291.8
신천,2026-09-06,03:15,79.7,318.7
신천,2026-09-06,03:30,80.2,320.6
신천,2026-09-06,03:45,77.8,311.0
신천,2026-09-06,04:00,74.4,297.6
신천,2026-09-06,04:15,75.8,303.4
신천,2026-09-06,04:30,72.0,288.0
신천,2026-09-06,04:45,76.3,305.3
신천,2026-09-06,05:00,77.8,311.0
신천,2026-09-06,05:15,111.4,445.4
신천,2026-09-06,05:30,121.9,487.7
신천,2026-09-06,05:45,186.7,746.9
신천,2026-09-06,06:00,267.4,1069.4
신천,2026-09-06,06:15,266.4,1065.6
신천,2026-09-06,06:30,264.5,1057.9
신천,2026-09-06,06:45,267.4,1069.4
신천,2026-09-06,07:00,253.0,1011.8
신천,2026-09-06,07:15,278.9,1115.5
신천,2026-09-06,07:30,337.9,1351.7
신천,2026-09-06,07:45,400.3,1601.3
신천,2026-09-06,08:00,452.2,1808.6
신천,2026-09-06,08:15,458.4,1833.6
신천,2026-09-06,08:30,451.7,1806.7
신천,2026-09-06,08:45,457.4,1829.8
신천,2026-09-06,09:00,445.9,1783.7
신천,2026-09-06,09:15,342.2,1369.0
신천,2026-09-06,09:30,374.9,1499.5
신천,2026-09-06,09:45,366.2,1465.0
신천,2026-09-06,10:00,359.0,1436.2
신천,2026-09-06,10:15,449.3,1797.1
신천,2026-09-06,10:30,423.4,1693.4
신천,2026-09-06,10:45,618.7,2474.9
신천,2026-09-06,11:00,642.2,2569.0
신천,2026-09-06,11:15,660.5,2641.9
신천,2026-09-06,11:30,670.1,2680.3
신천,2026-09-06,11:45,614.4,2457.6
신천,2026-09-06,12:00,633.1,2532.5
신천,2026-09-06,12:15,590.9,2363.5
신천,2026-09-06,12:30,564.5,2257.9
신천,2026-09-06,12:45,564.0,2256.0
신천,2026-09-06,13:00,532.8,2131.2
신천,2026-09-06,13:15,558.7,2234.9
신천,2026-09-06,13:30,559.7,2238.7
신천,2026-09-06,13:45,554.4,2217.6
신천,2026-09-06,14:00,544.8,2179.2
신천,2026-09-06,14:15,570.7,2282.9
신천,2026-09-06,14:30,492.5,1969.9
신천,2026-09-06,14:45,530.4,2121.6
신천,2026-09-06,15:00,0.0,0.0
신천,2026-09-06,15:15,631.2,2524.8
신천,2026-09-06,15:30,609.6,2438.4
신천,2026-09-06,15:45,604.3,2417.3
신천,2026-09-06,16:00,561.6,2246.4
신천,2026-09-06,16:15,588.0,2352.0
신천,2026-09-06,16:30,677.8,2711.0
신천,2026-09-06,16:45,612.5,2449.9
신천,2026-09-06,17:00,526.6,2106.2
신천,2026-09-06,17:15,423.8,1695.4
신천,2026-09-06,17:30,346.1,1384.3
신천,2026-09-06,17:45,524.2,2096.6
신천,2026-09-06,18:00,577.9,2311.7
신천,2026-09-06,18:15,531.8,2127.4
신천,2026-09-06,18:30,0.0,0.0
신천,2026-09-06,18:45,0.0,0.0
신천,2026-09-06,19:00,0.0,0.0
신천,2026-09-06,19:15,0.0,0.0
신천,2026-09-06,19:30,0.0,0.0
신천,2026-09-06,19:45,0.0,0.0
신천,2026-09-06,20:00,0.0,0.0
신천,2026-09-06,20:15,0.0,0.0
신천,2026-09-06,20:30,0.0,0.0
신천,2026-09-06,20:45,0.0,0.0
신천,2026-09-06,21:00,0.0,0.0
신천,2026-09-06,21:15,0.0,0.0
신천,2026-09-06,21:30,0.0,0.0
신천,2026-09-06,21:45,0.0,0.0
신천,2026-09-06,22:00,0.0,0.0
신천,2026-09-06,22:15,0.0,0.0
신천,2026-09-06,22:30,0.0,0.0
신천,2026-09-06,22:45,0.0,0.0
신천,2026-09-06,23:00,0.0,0.0
신천,2026-09-06,23:15,0.0,0.0
신천,2026-09-06,23:30,0.0,0.0
신천,2026-09-06,23:45,0.0,0.0
신천,2026-09-06,24:00,0.0,0.0
방촌,2026-09-04,00:15,156.5,625.9
방촌,2026-09-04,00:30,136.8,547.2
방촌,2026-09-04,00:45,125.8,503.0
방촌,2026-09-04,01:00,130.1,520.3
방촌,2026-09-04,01:15,139.7,558.7
방촌,2026-09-04,01:30,150.2,601.0
방촌,2026-09-04,01:45,140.2,560.6
방촌,2026-09-04,02:00,141.1,564.5
방촌,2026-09-04,02:15,127.7,510.7
방촌,2026-09-04,02:30,123.8,495.4
방촌,2026-09-04,02:45,122.9,491.5
방촌,2026-09-04,03:00,120.5,481.9
방촌,2026-09-04,03:15,147.8,591.4
방촌,2026-09-04,03:30,142.6,570.2
방촌,2026-09-04,03:45,149.8,599.0
방촌,2026-09-04,04:00,129.6,518.4
방촌,2026-09-04,04:15,136.8,547.2
방촌,2026-09-04,04:30,110.9,443.5
방촌,2026-09-04,04:45,133.4,533.8
방촌,2026-09-04,05:00,142.1,568.3
방촌,2026-09-04,05:15,188.6,754.6
방촌,2026-09-04,05:30,212.2,848.6
방촌,2026-09-04,05:45,277.9,1111.7
방촌,2026-09-04,06:00,338.9,1355.5
방촌,2026-09-04,06:15,347.0,1388.2
방촌,2026-09-04,06:30,271.7,1086.7
방촌,2026-09-04,06:45,335.5,1342.1
방촌,2026-09-04,07:00,374.4,1497.6
방촌,2026-09-04,07:15,344.6,1378.6
방촌,2026-09-04,07:30,372.5,1489.9
방촌,2026-09-04,07:45,463.7,1854.7
방촌,2026-09-04,08:00,456.0,1824.0
방촌,2026-09-04,08:15,587.5,2350.1
방촌,2026-09-04,08:30,553.4,2213.8
방촌,2026-09-04,08:45,504.0,2016.0
방촌,2026-09-04,09:00,435.4,1741.4
방촌,2026-09-04,09:15,519.4,2077.4
방촌,2026-09-04,09:30,553.9,2215.7
방촌,2026-09-04,09:45,614.4,2457.6
방촌,2026-09-04,10:00,448.3,1793.3
방촌,2026-09-04,10:15,514.6,2058.2
방촌,2026-09-04,10:30,482.9,1931.5
방촌,2026-09-04,10:45,430.6,1722.2
방촌,2026-09-04,11:00,450.2,1801.0
방촌,2026-09-04,11:15,517.4,2069.8
방촌,2026-09-04,11:30,458.4,1833.6
방촌,2026-09-04,11:45,611.0,2444.2
방촌,2026-09-04,12:00,642.7,2570.9
방촌,2026-09-04,12:15,546.7,2186.9
방촌,2026-09-04,12:30,481.9,1927.7
방촌,2026-09-04,12:45,600.0,2400.0
방촌,2026-09-04,13:00,615.4,2461.4
방촌,2026-09-04,13:15,673.9,2695.7
방촌,2026-09-04,13:30,637.4,2549.8
방촌,2026-09-04,13:45,415.2,1660.8
방촌,2026-09-04,14:00,368.2,1472.6
방촌,2026-09-04,14:15,396.0,1584.0
방촌,2026-09-04,14:30,468.5,1873.9
방촌,2026-09-04,14:45,474.7,1898.9
방촌,2026-09-04,15:00,442.1,1768.3
방촌,2026-09-04,15:15,495.4,1981.4
방촌,2026-09-04,15:30,506.4,2025.6
방촌,2026-09-04,15:45,670.6,2682.2
방촌,2026-09-04,16:00,605.8,2423.0
방촌,2026-09-04,16:15,617.8,2471.0
방촌,2026-09-04,16:30,611.5,2446.1
방촌,2026-09-04,16:45,621.1,2484.5
방촌,2026-09-04,17:00,615.8,2463.4
방촌,2026-09-04,17:15,547.7,2190.7
방촌,2026-09-04,17:30,496.8,1987.2
방촌,2026-09-04,17:45,502.1,2008.3
방촌,2026-09-04,18:00,430.6,1722.2
방촌,2026-09-04,18:15,462.7,1850.9
방촌,2026-09-04,18:30,487.7,1950.7
방촌,2026-09-04,18:45,616.3,2465.3
방촌,2026-09-04,19:00,614.4,2457.6
방촌,2026-09-04,19:15,515.5,2062.1
방촌,2026-09-04,19:30,487.2,1948.8
방촌,2026-09-04,19:45,646.1,2584.3
방촌,2026-09-04,20:00,591.8,2367.4
방촌,2026-09-04,20:15,572.6,2290.6
방촌,2026-09-04,20:30,593.3,2373.1
방촌,2026-09-04,20:45,630.2,2521.0
방촌,2026-09-04,21:00,619.7,2478.7
방촌,2026-09-04,21:15,511.7,2046.7
방촌,2026-09-04,21:30,453.1,1812.5
방촌,2026-09-04,21:45,368.2,1472.6
방촌,2026-09-04,22:00,329.3,1317.1
방촌,2026-09-04,22:15,359.5,1438.1
방촌,2026-09-04,22:30,298.6,1194.2
방촌,2026-09-04,22:45,287.5,1150.1
방촌,2026-09-04,23:00,302.9,1211.5
방촌,2026-09-04,23:15,343.2,1372.8
방촌,2026-09-04,23:30,351.4,1405.4
방촌,2026-09-04,23:45,412.8,1651.2
방촌,2026-09-04,24:00,286.6,1146.2
방촌,2026-09-05,00:15,153.1,612.5
방촌,2026-09-05,00:30,148.8,595.2
방촌,2026-09-05,00:45,131.5,526.1
방촌,2026-09-05,01:00,135.4,541.4
방촌,2026-09-05,01:15,127.7,510.7
방촌,2026-09-05,01:30,141.1,564.5
방촌,2026-09-05,01:45,128.6,514.6
방촌,2026-09-05,02:00,128.2,512.6
방촌,2026-09-05,02:15,143.5,574.1
방촌,2026-09-05,02:30,118.6,474.2
방촌,2026-09-05,02:45,127.7,510.7
방촌,2026-09-05,03:00,119.0,476.2
방촌,2026-09-05,03:15,138.2,553.0
방촌,2026-09-05,03:30,137.3,549.1
방촌,2026-09-05,03:45,126.7,506.9
방촌,2026-09-05,04:00,132.5,529.9
방촌,2026-09-05,04:15,132.0,528.0
방촌,2026-09-05,04:30,121.9,487.7
방촌,2026-09-05,04:45,128.6,514.6
방촌,2026-09-05,05:00,140.6,562.6
방촌,2026-09-05,05:15,181.9,727.7
방촌,2026-09-05,05:30,200.2,800.6
방촌,2026-09-05,05:45,218.9,875.5
방촌,2026-09-05,06:00,248.6,994.6
방촌,2026-09-05,06:15,246.7,986.9
방촌,2026-09-05,06:30,272.2,1088.6
방촌,2026-09-05,06:45,297.1,1188.5
방촌,2026-09-05,07:00,264.0,1056.0
방촌,2026-09-05,07:15,327.4,1309.4
방촌,2026-09-05,07:30,356.2,1424.6
방촌,2026-09-05,07:45,358.6,1434.2
방촌,2026-09-05,08:00,312.5,1249.9
방촌,2026-09-05,08:15,332.6,1330.6
방촌,2026-09-05,08:30,466.6,1866.2
방촌,2026-09-05,08:45,437.3,1749.1
방촌,2026-09-05,09:00,421.0,1683.8
방촌,2026-09-05,09:15,448.8,1795.2
방촌,2026-09-05,09:30,493.9,1975.7
방촌,2026-09-05,09:45,516.5,2065.9
방촌,2026-09-05,10:00,411.8,1647.4
방촌,2026-09-05,10:15,490.6,1962.2
방촌,2026-09-05,10:30,415.2,1660.8
방촌,2026-09-05,10:45,407.0,1628.2
방촌,2026-09-05,11:00,414.2,1657.0
방촌,2026-09-05,11:15,407.0,1628.2
방촌,2026-09-05,11:30,418.1,1672.3
방촌,2026-09-05,11:45,663.8,2655.4
방촌,2026-09-05,12:00,541.0,2163.8
방촌,2026-09-05,12:15,586.1,2344.3
방촌,2026-09-05,12:30,639.8,2559.4
방촌,2026-09-05,12:45,649.0,2595.8
방촌,2026-09-05,13:00,688.3,2753.3
방촌,2026-09-05,13:15,609.6,2438.4
방촌,2026-09-05,13:30,619.7,2478.7
방촌,2026-09-05,13:45,514.6,2058.2
방촌,2026-09-05,14:00,530.9,2123.5
방촌,2026-09-05,14:15,507.8,2031.4
방촌,2026-09-05,14:30,566.9,2267.5
방촌,2026-09-05,14:45,498.7,1994.9
방촌,2026-09-05,15:00,418.6,1674.2
방촌,2026-09-05,15:15,381.1,1524.5
방촌,2026-09-05,15:30,420.5,1681.9
방촌,2026-09-05,15:45,522.2,2089.0
방촌,2026-09-05,16:00,595.2,2380.8
방촌,2026-09-05,16:15,605.3,2421.1
방촌,2026-09-05,16:30,606.2,2425.0
방촌,2026-09-05,16:45,598.1,2392.3
방촌,2026-09-05,17:00,657.1,2628.5
방촌,2026-09-05,17:15,543.4,2173.4
방촌,2026-09-05,17:30,528.5,2113.9
방촌,2026-09-05,17:45,468.5,1873.9
방촌,2026-09-05,18:00,449.3,1797.1
방촌,2026-09-05,18:15,445.0,1779.8
방촌,2026-09-05,18:30,519.4,2077.4
방촌,2026-09-05,18:45,572.6,2290.6
방촌,2026-09-05,19:00,489.6,1958.4
방촌,2026-09-05,19:15,520.8,2083.2
방촌,2026-09-05,19:30,499.2,1996.8
방촌,2026-09-05,19:45,567.4,2269.4
방촌,2026-09-05,20:00,573.6,2294.4
방촌,2026-09-05,20:15,577.9,2311.7
방촌,2026-09-05,20:30,648.5,2593.9
방촌,2026-09-05,20:45,628.3,2513.3
방촌,2026-09-05,21:00,577.9,2311.7
방촌,2026-09-05,21:15,553.9,2215.7
방촌,2026-09-05,21:30,525.6,2102.4
방촌,2026-09-05,21:45,395.0,1580.2
방촌,2026-09-05,22:00,355.2,1420.8
방촌,2026-09-05,22:15,329.3,1317.1
방촌,2026-09-05,22:30,312.0,1248.0
방촌,2026-09-05,22:45,317.8,1271.0
방촌,2026-09-05,23:00,293.8,1175.0
방촌,2026-09-05,23:15,265.0,1059.8
방촌,2026-09-05,23:30,269.8,1079.0
방촌,2026-09-05,23:45,315.4,1261.4
방촌,2026-09-05,24:00,241.9,967.7
방촌,2026-09-06,00:15,145.4,581.8
방촌,2026-09-06,00:30,127.7,510.7
방촌,2026-09-06,00:45,138.7,554.9
방촌,2026-09-06,01:00,127.2,508.8
방촌,2026-09-06,01:15,144.0,576.0
방촌,2026-09-06,01:30,128.6,514.6
방촌,2026-09-06,01:45,135.8,543.4
방촌,2026-09-06,02:00,126.7,506.9
방촌,2026-09-06,02:15,125.8,503.0
방촌,2026-09-06,02:30,122.4,489.6
방촌,2026-09-06,02:45,112.8,451.2
방촌,2026-09-06,03:00,131.0,524.2
방촌,2026-09-06,03:15,131.0,524.2
방촌,2026-09-06,03:30,133.4,533.8
방촌,2026-09-06,03:45,126.7,506.9
방촌,2026-09-06,04:00,138.2,553.0
방촌,2026-09-06,04:15,127.2,508.8
방촌,2026-09-06,04:30,121.4,485.8
방촌,2026-09-06,04:45,128.2,512.6
방촌,2026-09-06,05:00,127.2,508.8
방촌,2026-09-06,05:15,181.4,725.8
방촌,2026-09-06,05:30,187.2,748.8
방촌,2026-09-06,05:45,249.1,996.5
방촌,2026-09-06,06:00,252.0,1008.0
방촌,2026-09-06,06:15,283.7,1134.7
방촌,2026-09-06,06:30,233.8,935.0
방촌,2026-09-06,06:45,258.2,1033.0
방촌,2026-09-06,07:00,300.5,1201.9
방촌,2026-09-06,07:15,276.0,1104.0
방촌,2026-09-06,07:30,277.9,1111.7
방촌,2026-09-06,07:45,322.6,1290.2
방촌,2026-09-06,08:00,360.0,1440.0
방촌,2026-09-06,08:15,377.8,1511.0
방촌,2026-09-06,08:30,372.5,1489.9
방촌,2026-09-06,08:45,417.1,1668.5
방촌,2026-09-06,09:00,404.2,1616.6
방촌,2026-09-06,09:15,388.3,1553.3
방촌,2026-09-06,09:30,349.4,1397.8
방촌,2026-09-06,09:45,486.7,1946.9
방촌,2026-09-06,10:00,471.4,1885.4
방촌,2026-09-06,10:15,496.3,1985.3
방촌,2026-09-06,10:30,467.0,1868.2
방촌,2026-09-06,10:45,381.1,1524.5
방촌,2026-09-06,11:00,380.2,1520.6
방촌,2026-09-06,11:15,406.1,1624.3
방촌,2026-09-06,11:30,468.0,1872.0
방촌,2026-09-06,11:45,661.0,2643.8
방촌,2026-09-06,12:00,597.1,2388.5
방촌,2026-09-06,12:15,640.8,2563.2
방촌,2026-09-06,12:30,669.1,2676.5
방촌,2026-09-06,12:45,583.7,2334.7
방촌,2026-09-06,13:00,668.6,2674.6
방촌,2026-09-06,13:15,587.0,2348.2
방촌,2026-09-06,13:30,541.4,2165.8
방촌,2026-09-06,13:45,518.4,2073.6
방촌,2026-09-06,14:00,542.9,2171.5
방촌,2026-09-06,14:15,513.6,2054.4
방촌,2026-09-06,14:30,499.2,1996.8
방촌,2026-09-06,14:45,477.6,1910.4
방촌,2026-09-06,15:00,398.4,1593.6
방촌,2026-09-06,15:15,427.7,1710.7
방촌,2026-09-06,15:30,429.6,1718.4
방촌,2026-09-06,15:45,615.4,2461.4
방촌,2026-09-06,16:00,570.2,2281.0
방촌,2026-09-06,16:15,529.9,2119.7
방촌,2026-09-06,16:30,530.4,2121.6
방촌,2026-09-06,16:45,514.1,2056.3
방촌,2026-09-06,17:00,533.8,2135.0
방촌,2026-09-06,17:15,517.4,2069.8
방촌,2026-09-06,17:30,577.0,2307.8
방촌,2026-09-06,17:45,432.5,1729.9
방촌,2026-09-06,18:00,435.8,1743.4
방촌,2026-09-06,18:15,361.4,1445.8
방촌,2026-09-06,18:30,336.5,1345.9
방촌,2026-09-06,18:45,0.0,0.0
방촌,2026-09-06,19:00,0.0,0.0
방촌,2026-09-06,19:15,0.0,0.0
방촌,2026-09-06,19:30,0.0,0.0
방촌,2026-09-06,19:45,0.0,0.0
방촌,2026-09-06,20:00,0.0,0.0
방촌,2026-09-06,20:15,0.0,0.0
방촌,2026-09-06,20:30,0.0,0.0
방촌,2026-09-06,20:45,0.0,0.0
방촌,2026-09-06,21:00,0.0,0.0
방촌,2026-09-06,21:15,0.0,0.0
방촌,2026-09-06,21:30,0.0,0.0
방촌,2026-09-06,21:45,0.0,0.0
방촌,2026-09-06,22:00,0.0,0.0
방촌,2026-09-06,22:15,0.0,0.0
방촌,2026-09-06,22:30,0.0,0.0
방촌,2026-09-06,22:45,0.0,0.0
방촌,2026-09-06,23:00,0.0,0.0
방촌,2026-09-06,23:15,0.0,0.0
방촌,2026-09-06,23:30,0.0,0.0
방촌,2026-09-06,23:45,0.0,0.0
방촌,2026-09-06,24:00,0.0,0.0
안심,2026-09-04,00:15,174.2,697.0
안심,2026-09-04,00:30,129.1,516.5
안심,2026-09-04,00:45,127.7,510.7
안심,2026-09-04,01:00,128.6,514.6
안심,2026-09-04,01:15,128.6,514.6
안심,2026-09-04,01:30,135.8,543.4
안심,2026-09-04,01:45,125.8,503.0
안심,2026-09-04,02:00,121.4,485.8
안심,2026-09-04,02:15,128.2,512.6
안심,2026-09-04,02:30,117.6,470.4
안심,2026-09-04,02:45,126.7,506.9
안심,2026-09-04,03:00,127.7,510.7
안심,2026-09-04,03:15,133.4,533.8
안심,2026-09-04,03:30,136.8,547.2
안심,2026-09-04,03:45,124.8,499.2
안심,2026-09-04,04:00,124.8,499.2
안심,2026-09-04,04:15,162.2,649.0
안심,2026-09-04,04:30,265.0,1059.8
안심,2026-09-04,04:45,236.2,944.6
안심,2026-09-04,05:00,239.0,956.2
안심,2026-09-04,05:15,250.6,1002.2
안심,2026-09-04,05:30,271.7,1086.7
안심,2026-09-04,05:45,407.0,1628.2
안심,2026-09-04,06:00,396.5,1585.9
안심,2026-09-04,06:15,463.2,1852.8
안심,2026-09-04,06:30,475.2,1900.8
안심,2026-09-04,06:45,484.8,1939.2
안심,2026-09-04,07:00,461.8,1847.0
안심,2026-09-04,07:15,617.8,2471.0
안심,2026-09-04,07:30,603.8,2415.4
안심,2026-09-04,07:45,649.9,2599.7
안심,2026-09-04,08:00,656.2,2624.6
안심,2026-09-04,08:15,650.9,2603.5
안심,2026-09-04,08:30,704.6,2818.6
안심,2026-09-04,08:45,695.5,2782.1
안심,2026-09-04,09:00,704.6,2818.6
안심,2026-09-04,09:15,713.3,2853.1
안심,2026-09-04,09:30,677.8,2711.0
안심,2026-09-04,09:45,767.5,3070.1
안심,2026-09-04,10:00,774.7,3098.9
안심,2026-09-04,10:15,793.0,3171.8
안심,2026-09-04,10:30,759.4,3037.4
안심,2026-09-04,10:45,706.1,2824.3
안심,2026-09-04,11:00,788.6,3154.6
안심,2026-09-04,11:15,756.5,3025.9
안심,2026-09-04,11:30,715.7,2862.7
안심,2026-09-04,11:45,808.3,3233.3
안심,2026-09-04,12:00,833.8,3335.0
안심,2026-09-04,12:15,853.9,3415.7
안심,2026-09-04,12:30,787.2,3148.8
안심,2026-09-04,12:45,732.5,2929.9
안심,2026-09-04,13:00,721.9,2887.7
안심,2026-09-04,13:15,820.3,3281.3
안심,2026-09-04,13:30,860.2,3440.6
안심,2026-09-04,13:45,767.5,3070.1
안심,2026-09-04,14:00,730.6,2922.2
안심,2026-09-04,14:15,731.5,2926.1
안심,2026-09-04,14:30,736.3,2945.3
안심,2026-09-04,14:45,710.4,2841.6
안심,2026-09-04,15:00,742.6,2970.2
안심,2026-09-04,15:15,811.7,3246.7
안심,2026-09-04,15:30,787.7,3150.7
안심,2026-09-04,15:45,811.2,3244.8
안심,2026-09-04,16:00,813.6,3254.4
안심,2026-09-04,16:15,796.3,3185.3
안심,2026-09-04,16:30,870.2,3481.0
안심,2026-09-04,16:45,797.8,3191.0
안심,2026-09-04,17:00,849.1,3396.5
안심,2026-09-04,17:15,809.3,3237.1
안심,2026-09-04,17:30,869.3,3477.1
안심,2026-09-04,17:45,826.6,3306.2
안심,2026-09-04,18:00,843.4,3373.4
안심,2026-09-04,18:15,907.2,3628.8
안심,2026-09-04,18:30,872.6,3490.6
안심,2026-09-04,18:45,810.2,3241.0
안심,2026-09-04,19:00,800.2,3200.6
안심,2026-09-04,19:15,815.0,3260.2
안심,2026-09-04,19:30,744.0,2976.0
안심,2026-09-04,19:45,822.2,3289.0
안심,2026-09-04,20:00,800.2,3200.6
안심,2026-09-04,20:15,793.4,3173.8
안심,2026-09-04,20:30,821.8,3287.0
안심,2026-09-04,20:45,840.0,3360.0
안심,2026-09-04,21:00,772.3,3089.3
안심,2026-09-04,21:15,824.2,3296.6
안심,2026-09-04,21:30,826.1,3304.3
안심,2026-09-04,21:45,659.0,2636.2
안심,2026-09-04,22:00,664.8,2659.2
안심,2026-09-04,22:15,668.2,2672.6
안심,2026-09-04,22:30,652.8,2611.2
안심,2026-09-04,22:45,583.2,2332.8
안심,2026-09-04,23:00,592.3,2369.3
안심,2026-09-04,23:15,551.5,2206.1
안심,2026-09-04,23:30,517.9,2071.7
안심,2026-09-04,23:45,472.3,1889.3
안심,2026-09-04,24:00,422.9,1691.5
안심,2026-09-05,00:15,149.8,599.0
안심,2026-09-05,00:30,126.2,505.0
안심,2026-09-05,00:45,124.3,497.3
안심,2026-09-05,01:00,128.2,512.6
안심,2026-09-05,01:15,116.2,464.6
안심,2026-09-05,01:30,107.0,428.2
안심,2026-09-05,01:45,103.2,412.8
안심,2026-09-05,02:00,101.8,407.0
안심,2026-09-05,02:15,103.7,414.7
안심,2026-09-05,02:30,117.6,470.4
안심,2026-09-05,02:45,129.1,516.5
안심,2026-09-05,03:00,127.7,510.7
안심,2026-09-05,03:15,128.2,512.6
안심,2026-09-05,03:30,127.7,510.7
안심,2026-09-05,03:45,122.4,489.6
안심,2026-09-05,04:00,132.0,528.0
안심,2026-09-05,04:15,137.8,551.0
안심,2026-09-05,04:30,211.7,846.7
안심,2026-09-05,04:45,210.2,841.0
안심,2026-09-05,05:00,226.1,904.3
안심,2026-09-05,05:15,240.0,960.0
안심,2026-09-05,05:30,265.0,1059.8
안심,2026-09-05,05:45,397.4,1589.8
안심,2026-09-05,06:00,395.0,1580.2
안심,2026-09-05,06:15,501.6,2006.4
안심,2026-09-05,06:30,536.2,2144.6
안심,2026-09-05,06:45,519.8,2079.4
안심,2026-09-05,07:00,515.0,2060.2
안심,2026-09-05,07:15,531.8,2127.4
안심,2026-09-05,07:30,549.1,2196.5
안심,2026-09-05,07:45,589.9,2359.7
안심,2026-09-05,08:00,540.0,2160.0
안심,2026-09-05,08:15,547.7,2190.7
안심,2026-09-05,08:30,533.8,2135.0
안심,2026-09-05,08:45,527.0,2108.2
안심,2026-09-05,09:00,492.0,1968.0
안심,2026-09-05,09:15,614.9,2459.5
안심,2026-09-05,09:30,654.7,2618.9
안심,2026-09-05,09:45,711.8,2847.4
안심,2026-09-05,10:00,721.0,2883.8
안심,2026-09-05,10:15,757.9,3031.7
안심,2026-09-05,10:30,704.2,2816.6
안심,2026-09-05,10:45,682.1,2728.3
안심,2026-09-05,11:00,738.7,2954.9
안심,2026-09-05,11:15,713.3,2853.1
안심,2026-09-05,11:30,731.0,2924.2
안심,2026-09-05,11:45,815.0,3260.2
안심,2026-09-05,12:00,820.8,3283.2
안심,2026-09-05,12:15,799.2,3196.8
안심,2026-09-05,12:30,858.2,3433.0
안심,2026-09-05,12:45,819.8,3279.4
안심,2026-09-05,13:00,817.0,3267.8
안심,2026-09-05,13:15,866.4,3465.6
안심,2026-09-05,13:30,867.8,3471.4
안심,2026-09-05,13:45,865.4,3461.8
안심,2026-09-05,14:00,872.2,3488.6
안심,2026-09-05,14:15,806.4,3225.6
안심,2026-09-05,14:30,792.0,3168.0
안심,2026-09-05,14:45,766.1,3064.3
안심,2026-09-05,15:00,806.4,3225.6
안심,2026-09-05,15:15,831.8,3327.4
안심,2026-09-05,15:30,814.1,3256.3
안심,2026-09-05,15:45,846.7,3386.9
안심,2026-09-05,16:00,760.3,3041.3
안심,2026-09-05,16:15,765.6,3062.4
안심,2026-09-05,16:30,775.2,3100.8
안심,2026-09-05,16:45,720.5,2881.9
안심,2026-09-05,17:00,702.2,2809.0
안심,2026-09-05,17:15,673.0,2691.8
안심,2026-09-05,17:30,645.6,2582.4
안심,2026-09-05,17:45,661.9,2647.7
안심,2026-09-05,18:00,668.6,2674.6
안심,2026-09-05,18:15,704.6,2818.6
안심,2026-09-05,18:30,709.0,2835.8
안심,2026-09-05,18:45,726.2,2905.0
안심,2026-09-05,19:00,701.3,2805.1
안심,2026-09-05,19:15,690.7,2762.9
안심,2026-09-05,19:30,693.6,2774.4
안심,2026-09-05,19:45,722.9,2891.5
안심,2026-09-05,20:00,713.8,2855.0
안심,2026-09-05,20:15,745.0,2979.8
안심,2026-09-05,20:30,690.2,2761.0
안심,2026-09-05,20:45,680.2,2720.6
안심,2026-09-05,21:00,704.6,2818.6
안심,2026-09-05,21:15,665.8,2663.0
안심,2026-09-05,21:30,660.5,2641.9
안심,2026-09-05,21:45,513.6,2054.4
안심,2026-09-05,22:00,555.4,2221.4
안심,2026-09-05,22:15,535.2,2140.8
안심,2026-09-05,22:30,539.0,2156.2
안심,2026-09-05,22:45,501.6,2006.4
안심,2026-09-05,23:00,526.1,2104.3
안심,2026-09-05,23:15,468.0,1872.0
안심,2026-09-05,23:30,470.4,1881.6
안심,2026-09-05,23:45,429.6,1718.4
안심,2026-09-05,24:00,393.6,1574.4
안심,2026-09-06,00:15,159.4,637.4
안심,2026-09-06,00:30,131.0,524.2
안심,2026-09-06,00:45,123.4,493.4
안심,2026-09-06,01:00,122.9,491.5
안심,2026-09-06,01:15,127.2,508.8
안심,2026-09-06,01:30,130.1,520.3
안심,2026-09-06,01:45,118.1,472.3
안심,2026-09-06,02:00,123.4,493.4
안심,2026-09-06,02:15,123.8,495.4
안심,2026-09-06,02:30,115.7,462.7
안심,2026-09-06,02:45,121.9,487.7
안심,2026-09-06,03:00,121.0,483.8
안심,2026-09-06,03:15,128.2,512.6
안심,2026-09-06,03:30,121.0,483.8
안심,2026-09-06,03:45,121.9,487.7
안심,2026-09-06,04:00,122.9,491.5
안심,2026-09-06,04:15,151.7,606.7
안심,2026-09-06,04:30,174.7,698.9
안심,2026-09-06,04:45,190.6,762.2
안심,2026-09-06,05:00,211.2,844.8
안심,2026-09-06,05:15,233.8,935.0
안심,2026-09-06,05:30,262.6,1050.2
안심,2026-09-06,05:45,388.8,1555.2
안심,2026-09-06,06:00,383.0,1532.2
안심,2026-09-06,06:15,475.2,1900.8
안심,2026-09-06,06:30,488.2,1952.6
안심,2026-09-06,06:45,461.3,1845.1
안심,2026-09-06,07:00,481.0,1923.8
안심,2026-09-06,07:15,499.7,1998.7
안심,2026-09-06,07:30,556.8,2227.2
안심,2026-09-06,07:45,509.3,2037.1
안심,2026-09-06,08:00,467.0,1868.2
안심,2026-09-06,08:15,433.9,1735.7
안심,2026-09-06,08:30,409.9,1639.7
안심,2026-09-06,08:45,489.1,1956.5
안심,2026-09-06,09:00,454.6,1818.2
안심,2026-09-06,09:15,484.8,1939.2
안심,2026-09-06,09:30,538.1,2152.3
안심,2026-09-06,09:45,555.4,2221.4
안심,2026-09-06,10:00,513.1,2052.5
안심,2026-09-06,10:15,549.1,2196.5
안심,2026-09-06,10:30,506.9,2027.5
안심,2026-09-06,10:45,611.0,2444.2
안심,2026-09-06,11:00,613.0,2451.8
안심,2026-09-06,11:15,657.6,2630.4
안심,2026-09-06,11:30,574.1,2296.3
안심,2026-09-06,11:45,747.4,2989.4
안심,2026-09-06,12:00,678.2,2713.0
안심,2026-09-06,12:15,673.9,2695.7
안심,2026-09-06,12:30,759.8,3039.4
안심,2026-09-06,12:45,668.6,2674.6
안심,2026-09-06,13:00,702.7,2810.9
안심,2026-09-06,13:15,725.8,2903.0
안심,2026-09-06,13:30,701.3,2805.1
안심,2026-09-06,13:45,625.4,2501.8
안심,2026-09-06,14:00,610.1,2440.3
안심,2026-09-06,14:15,591.8,2367.4
안심,2026-09-06,14:30,573.6,2294.4
안심,2026-09-06,14:45,571.7,2286.7
안심,2026-09-06,15:00,590.9,2363.5
안심,2026-09-06,15:15,648.5,2593.9
안심,2026-09-06,15:30,693.1,2772.5
안심,2026-09-06,15:45,790.1,3160.3
안심,2026-09-06,16:00,812.2,3248.6
안심,2026-09-06,16:15,787.2,3148.8
안심,2026-09-06,16:30,766.1,3064.3
안심,2026-09-06,16:45,725.8,2903.0
안심,2026-09-06,17:00,790.1,3160.3
안심,2026-09-06,17:15,711.4,2845.4
안심,2026-09-06,17:30,678.7,2714.9
안심,2026-09-06,17:45,567.4,2269.4
안심,2026-09-06,18:00,570.7,2282.9
안심,2026-09-06,18:15,539.5,2158.1
안심,2026-09-06,18:30,0.0,0.0
안심,2026-09-06,18:45,0.0,0.0
안심,2026-09-06,19:00,0.0,0.0
안심,2026-09-06,19:15,0.0,0.0
안심,2026-09-06,19:30,0.0,0.0
안심,2026-09-06,19:45,0.0,0.0
안심,2026-09-06,20:00,0.0,0.0
안심,2026-09-06,20:15,0.0,0.0
안심,2026-09-06,20:30,0.0,0.0
안심,2026-09-06,20:45,0.0,0.0
안심,2026-09-06,21:00,0.0,0.0
안심,2026-09-06,21:15,0.0,0.0
안심,2026-09-06,21:30,0.0,0.0
안심,2026-09-06,21:45,0.0,0.0
안심,2026-09-06,22:00,0.0,0.0
안심,2026-09-06,22:15,0.0,0.0
안심,2026-09-06,22:30,0.0,0.0
안심,2026-09-06,22:45,0.0,0.0
안심,2026-09-06,23:00,0.0,0.0
안심,2026-09-06,23:15,0.0,0.0
안심,2026-09-06,23:30,0.0,0.0
안심,2026-09-06,23:45,0.0,0.0
안심,2026-09-06,24:00,0.0,0.0
숙천,2026-09-04,00:15,0.0,0.0
숙천,2026-09-04,00:30,0.0,0.0
숙천,2026-09-04,00:45,0.0,0.0
숙천,2026-09-04,01:00,0.0,0.0
숙천,2026-09-04,01:15,0.0,0.0
숙천,2026-09-04,01:30,0.0,0.0
숙천,2026-09-04,01:45,0.0,0.0
숙천,2026-09-04,02:00,0.0,0.0
숙천,2026-09-04,02:15,0.0,0.0
숙천,2026-09-04,02:30,0.0,0.0
숙천,2026-09-04,02:45,0.0,0.0
숙천,2026-09-04,03:00,0.0,0.0
숙천,2026-09-04,03:15,0.0,0.0
숙천,2026-09-04,03:30,0.0,0.0
숙천,2026-09-04,03:45,0.0,0.0
숙천,2026-09-04,04:00,0.0,0.0
숙천,2026-09-04,04:15,0.0,0.0
숙천,2026-09-04,04:30,0.0,0.0
숙천,2026-09-04,04:45,0.0,0.0
숙천,2026-09-04,05:00,0.0,0.0
숙천,2026-09-04,05:15,0.0,0.0
숙천,2026-09-04,05:30,0.0,0.0
숙천,2026-09-04,05:45,0.0,0.0
숙천,2026-09-04,06:00,0.0,0.0
숙천,2026-09-04,06:15,0.0,0.0
숙천,2026-09-04,06:30,0.0,0.0
숙천,2026-09-04,06:45,0.0,0.0
숙천,2026-09-04,07:00,0.0,0.0
숙천,2026-09-04,07:15,0.0,0.0
숙천,2026-09-04,07:30,0.0,0.0
숙천,2026-09-04,07:45,0.0,0.0
숙천,2026-09-04,08:00,0.0,0.0
숙천,2026-09-04,08:15,0.0,0.0
숙천,2026-09-04,08:30,0.0,0.0
숙천,2026-09-04,08:45,0.0,0.0
숙천,2026-09-04,09:00,0.0,0.0
숙천,2026-09-04,09:15,0.0,0.0
숙천,2026-09-04,09:30,0.0,0.0
숙천,2026-09-04,09:45,0.0,0.0
숙천,2026-09-04,10:00,0.0,0.0
숙천,2026-09-04,10:15,0.0,0.0
숙천,2026-09-04,10:30,0.0,0.0
숙천,2026-09-04,10:45,0.0,0.0
숙천,2026-09-04,11:00,0.0,0.0
숙천,2026-09-04,11:15,0.0,0.0
숙천,2026-09-04,11:30,0.0,0.0
숙천,2026-09-04,11:45,0.0,0.0
숙천,2026-09-04,12:00,0.0,0.0
숙천,2026-09-04,12:15,0.0,0.0
숙천,2026-09-04,12:30,0.0,0.0
숙천,2026-09-04,12:45,0.0,0.0
숙천,2026-09-04,13:00,0.0,0.0
숙천,2026-09-04,13:15,0.0,0.0
숙천,2026-09-04,13:30,0.0,0.0
숙천,2026-09-04,13:45,0.0,0.0
숙천,2026-09-04,14:00,0.0,0.0
숙천,2026-09-04,14:15,0.0,0.0
숙천,2026-09-04,14:30,0.0,0.0
숙천,2026-09-04,14:45,0.0,0.0
숙천,2026-09-04,15:00,0.0,0.0
숙천,2026-09-04,15:15,0.0,0.0
숙천,2026-09-04,15:30,0.0,0.0
숙천,2026-09-04,15:45,0.0,0.0
숙천,2026-09-04,16:00,0.0,0.0
숙천,2026-09-04,16:15,0.0,0.0
숙천,2026-09-04,16:30,0.0,0.0
숙천,2026-09-04,16:45,0.0,0.0
숙천,2026-09-04,17:00,0.0,0.0
숙천,2026-09-04,17:15,0.0,0.0
숙천,2026-09-04,17:30,0.0,0.0
숙천,2026-09-04,17:45,0.0,0.0
숙천,2026-09-04,18:00,0.0,0.0
숙천,2026-09-04,18:15,0.0,0.0
숙천,2026-09-04,18:30,0.0,0.0
숙천,2026-09-04,18:45,0.0,0.0
숙천,2026-09-04,19:00,0.0,0.0
숙천,2026-09-04,19:15,0.0,0.0
숙천,2026-09-04,19:30,0.0,0.0
숙천,2026-09-04,19:45,0.0,0.0
숙천,2026-09-04,20:00,0.0,0.0
숙천,2026-09-04,20:15,0.0,0.0
숙천,2026-09-04,20:30,0.0,0.0
숙천,2026-09-04,20:45,0.0,0.0
숙천,2026-09-04,21:00,0.0,0.0
숙천,2026-09-04,21:15,0.0,0.0
숙천,2026-09-04,21:30,0.0,0.0
숙천,2026-09-04,21:45,0.0,0.0
숙천,2026-09-04,22:00,0.0,0.0
숙천,2026-09-04,22:15,0.0,0.0
숙천,2026-09-04,22:30,0.0,0.0
숙천,2026-09-04,22:45,0.0,0.0
숙천,2026-09-04,23:00,0.0,0.0
숙천,2026-09-04,23:15,0.0,0.0
숙천,2026-09-04,23:30,0.0,0.0
숙천,2026-09-04,23:45,0.0,0.0
숙천,2026-09-04,24:00,0.0,0.0
숙천,2026-09-05,00:15,0.0,0.0
숙천,2026-09-05,00:30,0.0,0.0
숙천,2026-09-05,00:45,0.0,0.0
숙천,2026-09-05,01:00,0.0,0.0
숙천,2026-09-05,01:15,0.0,0.0
숙천,2026-09-05,01:30,0.0,0.0
숙천,2026-09-05,01:45,0.0,0.0
숙천,2026-09-05,02:00,0.0,0.0
숙천,2026-09-05,02:15,0.0,0.0
숙천,2026-09-05,02:30,0.0,0.0
숙천,2026-09-05,02:45,0.0,0.0
숙천,2026-09-05,03:00,0.0,0.0
숙천,2026-09-05,03:15,0.0,0.0
숙천,2026-09-05,03:30,0.0,0.0
숙천,2026-09-05,03:45,0.0,0.0
숙천,2026-09-05,04:00,0.0,0.0
숙천,2026-09-05,04:15,0.0,0.0
숙천,2026-09-05,04:30,0.0,0.0
숙천,2026-09-05,04:45,0.0,0.0
숙천,2026-09-05,05:00,0.0,0.0
숙천,2026-09-05,05:15,0.0,0.0
숙천,2026-09-05,05:30,0.0,0.0
숙천,2026-09-05,05:45,0.0,0.0
숙천,2026-09-05,06:00,0.0,0.0
숙천,2026-09-05,06:15,0.0,0.0
숙천,2026-09-05,06:30,0.0,0.0
숙천,2026-09-05,06:45,0.0,0.0
숙천,2026-09-05,07:00,0.0,0.0
숙천,2026-09-05,07:15,0.0,0.0
숙천,2026-09-05,07:30,0.0,0.0
숙천,2026-09-05,07:45,0.0,0.0
숙천,2026-09-05,08:00,0.0,0.0
숙천,2026-09-05,08:15,0.0,0.0
숙천,2026-09-05,08:30,0.0,0.0
숙천,2026-09-05,08:45,0.0,0.0
숙천,2026-09-05,09:00,0.0,0.0
숙천,2026-09-05,09:15,0.0,0.0
숙천,2026-09-05,09:30,0.0,0.0
숙천,2026-09-05,09:45,0.0,0.0
숙천,2026-09-05,10:00,0.0,0.0
숙천,2026-09-05,10:15,0.0,0.0
숙천,2026-09-05,10:30,0.0,0.0
숙천,2026-09-05,10:45,0.0,0.0
숙천,2026-09-05,11:00,0.0,0.0
숙천,2026-09-05,11:15,0.0,0.0
숙천,2026-09-05,11:30,0.0,0.0
숙천,2026-09-05,11:45,0.0,0.0
숙천,2026-09-05,12:00,0.0,0.0
숙천,2026-09-05,12:15,0.0,0.0
숙천,2026-09-05,12:30,0.0,0.0
숙천,2026-09-05,12:45,0.0,0.0
숙천,2026-09-05,13:00,0.0,0.0
숙천,2026-09-05,13:15,0.0,0.0
숙천,2026-09-05,13:30,0.0,0.0
숙천,2026-09-05,13:45,0.0,0.0
숙천,2026-09-05,14:00,0.0,0.0
숙천,2026-09-05,14:15,0.0,0.0
숙천,2026-09-05,14:30,0.0,0.0
숙천,2026-09-05,14:45,0.0,0.0
숙천,2026-09-05,15:00,0.0,0.0
숙천,2026-09-05,15:15,0.0,0.0
숙천,2026-09-05,15:30,0.0,0.0
숙천,2026-09-05,15:45,0.0,0.0
숙천,2026-09-05,16:00,0.0,0.0
숙천,2026-09-05,16:15,0.0,0.0
숙천,2026-09-05,16:30,0.0,0.0
숙천,2026-09-05,16:45,0.0,0.0
숙천,2026-09-05,17:00,0.0,0.0
숙천,2026-09-05,17:15,0.0,0.0
숙천,2026-09-05,17:30,0.0,0.0
숙천,2026-09-05,17:45,0.0,0.0
숙천,2026-09-05,18:00,0.0,0.0
숙천,2026-09-05,18:15,0.0,0.0
숙천,2026-09-05,18:30,0.0,0.0
숙천,2026-09-05,18:45,0.0,0.0
숙천,2026-09-05,19:00,0.0,0.0
숙천,2026-09-05,19:15,0.0,0.0
숙천,2026-09-05,19:30,0.0,0.0
숙천,2026-09-05,19:45,0.0,0.0
숙천,2026-09-05,20:00,0.0,0.0
숙천,2026-09-05,20:15,0.0,0.0
숙천,2026-09-05,20:30,0.0,0.0
숙천,2026-09-05,20:45,0.0,0.0
숙천,2026-09-05,21:00,0.0,0.0
숙천,2026-09-05,21:15,0.0,0.0
숙천,2026-09-05,21:30,0.0,0.0
숙천,2026-09-05,21:45,0.0,0.0
숙천,2026-09-05,22:00,0.0,0.0
숙천,2026-09-05,22:15,0.0,0.0
숙천,2026-09-05,22:30,0.0,0.0
숙천,2026-09-05,22:45,0.0,0.0
숙천,2026-09-05,23:00,0.0,0.0
숙천,2026-09-05,23:15,0.0,0.0
숙천,2026-09-05,23:30,0.0,0.0
숙천,2026-09-05,23:45,0.0,0.0
숙천,2026-09-05,24:00,0.0,0.0
숙천,2026-09-06,00:15,0.0,0.0
숙천,2026-09-06,00:30,0.0,0.0
숙천,2026-09-06,00:45,0.0,0.0
숙천,2026-09-06,01:00,0.0,0.0
숙천,2026-09-06,01:15,0.0,0.0
숙천,2026-09-06,01:30,0.0,0.0
숙천,2026-09-06,01:45,0.0,0.0
숙천,2026-09-06,02:00,0.0,0.0
숙천,2026-09-06,02:15,0.0,0.0
숙천,2026-09-06,02:30,0.0,0.0
숙천,2026-09-06,02:45,0.0,0.0
숙천,2026-09-06,03:00,0.0,0.0
숙천,2026-09-06,03:15,0.0,0.0
숙천,2026-09-06,03:30,0.0,0.0
숙천,2026-09-06,03:45,0.0,0.0
숙천,2026-09-06,04:00,0.0,0.0
숙천,2026-09-06,04:15,0.0,0.0
숙천,2026-09-06,04:30,0.0,0.0
숙천,2026-09-06,04:45,0.0,0.0
숙천,2026-09-06,05:00,0.0,0.0
숙천,2026-09-06,05:15,0.0,0.0
숙천,2026-09-06,05:30,0.0,0.0
숙천,2026-09-06,05:45,0.0,0.0
숙천,2026-09-06,06:00,0.0,0.0
숙천,2026-09-06,06:15,0.0,0.0
숙천,2026-09-06,06:30,0.0,0.0
숙천,2026-09-06,06:45,0.0,0.0
숙천,2026-09-06,07:00,0.0,0.0
숙천,2026-09-06,07:15,0.0,0.0
숙천,2026-09-06,07:30,0.0,0.0
숙천,2026-09-06,07:45,0.0,0.0
숙천,2026-09-06,08:00,0.0,0.0
숙천,2026-09-06,08:15,0.0,0.0
숙천,2026-09-06,08:30,0.0,0.0
숙천,2026-09-06,08:45,0.0,0.0
숙천,2026-09-06,09:00,0.0,0.0
숙천,2026-09-06,09:15,0.0,0.0
숙천,2026-09-06,09:30,0.0,0.0
숙천,2026-09-06,09:45,0.0,0.0
숙천,2026-09-06,10:00,0.0,0.0
숙천,2026-09-06,10:15,0.0,0.0
숙천,2026-09-06,10:30,0.0,0.0
숙천,2026-09-06,10:45,0.0,0.0
숙천,2026-09-06,11:00,0.0,0.0
숙천,2026-09-06,11:15,0.0,0.0
숙천,2026-09-06,11:30,0.0,0.0
숙천,2026-09-06,11:45,0.0,0.0
숙천,2026-09-06,12:00,0.0,0.0
숙천,2026-09-06,12:15,0.0,0.0
숙천,2026-09-06,12:30,0.0,0.0
숙천,2026-09-06,12:45,0.0,0.0
숙천,2026-09-06,13:00,0.0,0.0
숙천,2026-09-06,13:15,0.0,0.0
숙천,2026-09-06,13:30,0.0,0.0
숙천,2026-09-06,13:45,0.0,0.0
숙천,2026-09-06,14:00,0.0,0.0
숙천,2026-09-06,14:15,0.0,0.0
숙천,2026-09-06,14:30,0.0,0.0
숙천,2026-09-06,14:45,0.0,0.0
숙천,2026-09-06,15:00,0.0,0.0
숙천,2026-09-06,15:15,0.0,0.0
숙천,2026-09-06,15:30,0.0,0.0
숙천,2026-09-06,15:45,0.0,0.0
숙천,2026-09-06,16:00,0.0,0.0
숙천,2026-09-06,16:15,0.0,0.0
숙천,2026-09-06,16:30,0.0,0.0
숙천,2026-09-06,16:45,0.0,0.0
숙천,2026-09-06,17:00,0.0,0.0
숙천,2026-09-06,17:15,0.0,0.0
숙천,2026-09-06,17:30,0.0,0.0
숙천,2026-09-06,17:45,0.0,0.0
숙천,2026-09-06,18:00,0.0,0.0
숙천,2026-09-06,18:15,0.0,0.0
숙천,2026-09-06,18:30,0.0,0.0
숙천,2026-09-06,18:45,0.0,0.0
숙천,2026-09-06,19:00,0.0,0.0
숙천,2026-09-06,19:15,0.0,0.0
숙천,2026-09-06,19:30,0.0,0.0
숙천,2026-09-06,19:45,0.0,0.0
숙천,2026-09-06,20:00,0.0,0.0
숙천,2026-09-06,20:15,0.0,0.0
숙천,2026-09-06,20:30,0.0,0.0
숙천,2026-09-06,20:45,0.0,0.0
숙천,2026-09-06,21:00,0.0,0.0
숙천,2026-09-06,21:15,0.0,0.0
숙천,2026-09-06,21:30,0.0,0.0
숙천,2026-09-06,21:45,0.0,0.0
숙천,2026-09-06,22:00,0.0,0.0
숙천,2026-09-06,22:15,0.0,0.0
숙천,2026-09-06,22:30,0.0,0.0
숙천,2026-09-06,22:45,0.0,0.0
숙천,2026-09-06,23:00,0.0,0.0
숙천,2026-09-06,23:15,0.0,0.0
숙천,2026-09-06,23:30,0.0,0.0
숙천,2026-09-06,23:45,0.0,0.0
숙천,2026-09-06,24:00,0.0,0.0
금락,2026-09-04,00:15,54.6,218.4
금락,2026-09-04,00:30,29.4,117.6
금락,2026-09-04,00:45,28.2,112.8
금락,2026-09-04,01:00,27.6,110.4
금락,2026-09-04,01:15,27.6,110.4
금락,2026-09-04,01:30,27.6,110.4
금락,2026-09-04,01:45,27.0,108.0
금락,2026-09-04,02:00,25.8,103.2
금락,2026-09-04,02:15,26.4,105.6
금락,2026-09-04,02:30,25.2,100.8
금락,2026-09-04,02:45,25.8,103.2
금락,2026-09-04,03:00,27.0,108.0
금락,2026-09-04,03:15,27.0,108.0
금락,2026-09-04,03:30,27.0,108.0
금락,2026-09-04,03:45,27.6,110.4
금락,2026-09-04,04:00,27.6,110.4
금락,2026-09-04,04:15,27.0,108.0
금락,2026-09-04,04:30,27.6,110.4
금락,2026-09-04,04:45,60.6,242.4
금락,2026-09-04,05:00,94.8,379.2
금락,2026-09-04,05:15,106.8,427.2
금락,2026-09-04,05:30,109.2,436.8
금락,2026-09-04,05:45,150.6,602.4
금락,2026-09-04,06:00,149.4,597.6
금락,2026-09-04,06:15,126.0,504.0
금락,2026-09-04,06:30,173.4,693.6
금락,2026-09-04,06:45,164.4,657.6
금락,2026-09-04,07:00,191.4,765.6
금락,2026-09-04,07:15,167.4,669.6
금락,2026-09-04,07:30,202.8,811.2
금락,2026-09-04,07:45,197.4,789.6
금락,2026-09-04,08:00,213.0,852.0
금락,2026-09-04,08:15,204.0,816.0
금락,2026-09-04,08:30,208.2,832.8
금락,2026-09-04,08:45,192.0,768.0
금락,2026-09-04,09:00,209.4,837.6
금락,2026-09-04,09:15,200.4,801.6
금락,2026-09-04,09:30,191.4,765.6
금락,2026-09-04,09:45,201.6,806.4
금락,2026-09-04,10:00,151.8,607.2
금락,2026-09-04,10:15,201.0,804.0
금락,2026-09-04,10:30,186.0,744.0
금락,2026-09-04,10:45,171.6,686.4
금락,2026-09-04,11:00,196.8,787.2
금락,2026-09-04,11:15,165.0,660.0
금락,2026-09-04,11:30,153.0,612.0
금락,2026-09-04,11:45,155.4,621.6
금락,2026-09-04,12:00,158.4,633.6
금락,2026-09-04,12:15,147.6,590.4
금락,2026-09-04,12:30,171.0,684.0
금락,2026-09-04,12:45,183.0,732.0
금락,2026-09-04,13:00,192.0,768.0
금락,2026-09-04,13:15,174.0,696.0
금락,2026-09-04,13:30,201.0,804.0
금락,2026-09-04,13:45,153.6,614.4
금락,2026-09-04,14:00,174.6,698.4
금락,2026-09-04,14:15,149.4,597.6
금락,2026-09-04,14:30,147.6,590.4
금락,2026-09-04,14:45,156.0,624.0
금락,2026-09-04,15:00,155.4,621.6
금락,2026-09-04,15:15,153.0,612.0
금락,2026-09-04,15:30,167.4,669.6
금락,2026-09-04,15:45,163.2,652.8
금락,2026-09-04,16:00,154.2,616.8
금락,2026-09-04,16:15,154.8,619.2
금락,2026-09-04,16:30,140.4,561.6
금락,2026-09-04,16:45,174.0,696.0
금락,2026-09-04,17:00,190.2,760.8
금락,2026-09-04,17:15,216.0,864.0
금락,2026-09-04,17:30,200.4,801.6
금락,2026-09-04,17:45,216.0,864.0
금락,2026-09-04,18:00,202.8,811.2
금락,2026-09-04,18:15,241.2,964.8
금락,2026-09-04,18:30,180.0,720.0
금락,2026-09-04,18:45,221.4,885.6
금락,2026-09-04,19:00,180.6,722.4
금락,2026-09-04,19:15,187.2,748.8
금락,2026-09-04,19:30,213.0,852.0
금락,2026-09-04,19:45,168.0,672.0
금락,2026-09-04,20:00,149.4,597.6
금락,2026-09-04,20:15,166.2,664.8
금락,2026-09-04,20:30,169.2,676.8
금락,2026-09-04,20:45,155.4,621.6
금락,2026-09-04,21:00,144.6,578.4
금락,2026-09-04,21:15,151.2,604.8
금락,2026-09-04,21:30,145.8,583.2
금락,2026-09-04,21:45,141.6,566.4
금락,2026-09-04,22:00,136.2,544.8
금락,2026-09-04,22:15,135.6,542.4
금락,2026-09-04,22:30,141.6,566.4
금락,2026-09-04,22:45,138.6,554.4
금락,2026-09-04,23:00,153.6,614.4
금락,2026-09-04,23:15,162.6,650.4
금락,2026-09-04,23:30,149.4,597.6
금락,2026-09-04,23:45,102.0,408.0
금락,2026-09-04,24:00,107.4,429.6
금락,2026-09-05,00:15,66.0,264.0
금락,2026-09-05,00:30,25.2,100.8
금락,2026-09-05,00:45,24.6,98.4
금락,2026-09-05,01:00,25.8,103.2
금락,2026-09-05,01:15,24.0,96.0
금락,2026-09-05,01:30,24.6,98.4
금락,2026-09-05,01:45,25.8,103.2
금락,2026-09-05,02:00,25.8,103.2
금락,2026-09-05,02:15,24.6,98.4
금락,2026-09-05,02:30,24.0,96.0
금락,2026-09-05,02:45,24.0,96.0
금락,2026-09-05,03:00,26.4,105.6
금락,2026-09-05,03:15,25.8,103.2
금락,2026-09-05,03:30,26.4,105.6
금락,2026-09-05,03:45,25.8,103.2
금락,2026-09-05,04:00,25.8,103.2
금락,2026-09-05,04:15,25.8,103.2
금락,2026-09-05,04:30,26.4,105.6
금락,2026-09-05,04:45,45.0,180.0
금락,2026-09-05,05:00,76.8,307.2
금락,2026-09-05,05:15,87.6,350.4
금락,2026-09-05,05:30,93.6,374.4
금락,2026-09-05,05:45,116.4,465.6
금락,2026-09-05,06:00,140.4,561.6
금락,2026-09-05,06:15,116.4,465.6
금락,2026-09-05,06:30,163.8,655.2
금락,2026-09-05,06:45,174.0,696.0
금락,2026-09-05,07:00,187.2,748.8
금락,2026-09-05,07:15,173.4,693.6
금락,2026-09-05,07:30,170.4,681.6
금락,2026-09-05,07:45,151.8,607.2
금락,2026-09-05,08:00,179.4,717.6
금락,2026-09-05,08:15,175.8,703.2
금락,2026-09-05,08:30,164.4,657.6
금락,2026-09-05,08:45,169.8,679.2
금락,2026-09-05,09:00,203.4,813.6
금락,2026-09-05,09:15,159.6,638.4
금락,2026-09-05,09:30,153.0,612.0
금락,2026-09-05,09:45,139.8,559.2
금락,2026-09-05,10:00,140.4,561.6
금락,2026-09-05,10:15,151.2,604.8
금락,2026-09-05,10:30,130.2,520.8
금락,2026-09-05,10:45,139.8,559.2
금락,2026-09-05,11:00,141.0,564.0
금락,2026-09-05,11:15,156.0,624.0
금락,2026-09-05,11:30,129.6,518.4
금락,2026-09-05,11:45,140.4,561.6
금락,2026-09-05,12:00,168.6,674.4
금락,2026-09-05,12:15,155.4,621.6
금락,2026-09-05,12:30,147.0,588.0
금락,2026-09-05,12:45,216.0,864.0
금락,2026-09-05,13:00,168.6,674.4
금락,2026-09-05,13:15,163.8,655.2
금락,2026-09-05,13:30,140.4,561.6
금락,2026-09-05,13:45,157.2,628.8
금락,2026-09-05,14:00,156.0,624.0
금락,2026-09-05,14:15,160.2,640.8
금락,2026-09-05,14:30,150.0,600.0
금락,2026-09-05,14:45,212.4,849.6
금락,2026-09-05,15:00,161.4,645.6
금락,2026-09-05,15:15,172.2,688.8
금락,2026-09-05,15:30,141.0,564.0
금락,2026-09-05,15:45,154.8,619.2
금락,2026-09-05,16:00,179.4,717.6
금락,2026-09-05,16:15,175.8,703.2
금락,2026-09-05,16:30,185.4,741.6
금락,2026-09-05,16:45,191.4,765.6
금락,2026-09-05,17:00,206.4,825.6
금락,2026-09-05,17:15,198.0,792.0
금락,2026-09-05,17:30,205.2,820.8
금락,2026-09-05,17:45,198.6,794.4
금락,2026-09-05,18:00,204.6,818.4
금락,2026-09-05,18:15,211.2,844.8
금락,2026-09-05,18:30,213.6,854.4
금락,2026-09-05,18:45,202.2,808.8
금락,2026-09-05,19:00,190.2,760.8
금락,2026-09-05,19:15,184.8,739.2
금락,2026-09-05,19:30,205.2,820.8
금락,2026-09-05,19:45,244.2,976.8
금락,2026-09-05,20:00,191.4,765.6
금락,2026-09-05,20:15,187.8,751.2
금락,2026-09-05,20:30,208.2,832.8
금락,2026-09-05,20:45,175.2,700.8
금락,2026-09-05,21:00,195.6,782.4
금락,2026-09-05,21:15,189.6,758.4
금락,2026-09-05,21:30,190.2,760.8
금락,2026-09-05,21:45,165.6,662.4
금락,2026-09-05,22:00,208.8,835.2
금락,2026-09-05,22:15,166.8,667.2
금락,2026-09-05,22:30,163.2,652.8
금락,2026-09-05,22:45,174.6,698.4
금락,2026-09-05,23:00,147.0,588.0
금락,2026-09-05,23:15,193.2,772.8
금락,2026-09-05,23:30,154.8,619.2
금락,2026-09-05,23:45,132.6,530.4
금락,2026-09-05,24:00,137.4,549.6
금락,2026-09-06,00:15,79.2,316.8
금락,2026-09-06,00:30,26.4,105.6
금락,2026-09-06,00:45,26.4,105.6
금락,2026-09-06,01:00,25.2,100.8
금락,2026-09-06,01:15,25.2,100.8
금락,2026-09-06,01:30,26.4,105.6
금락,2026-09-06,01:45,27.0,108.0
금락,2026-09-06,02:00,24.6,98.4
금락,2026-09-06,02:15,25.2,100.8
금락,2026-09-06,02:30,24.6,98.4
금락,2026-09-06,02:45,26.4,105.6
금락,2026-09-06,03:00,27.0,108.0
금락,2026-09-06,03:15,28.2,112.8
금락,2026-09-06,03:30,28.2,112.8
금락,2026-09-06,03:45,27.6,110.4
금락,2026-09-06,04:00,27.0,108.0
금락,2026-09-06,04:15,25.8,103.2
금락,2026-09-06,04:30,27.6,110.4
금락,2026-09-06,04:45,51.6,206.4
금락,2026-09-06,05:00,81.6,326.4
금락,2026-09-06,05:15,91.8,367.2
금락,2026-09-06,05:30,91.2,364.8
금락,2026-09-06,05:45,119.4,477.6
금락,2026-09-06,06:00,129.6,518.4
금락,2026-09-06,06:15,121.2,484.8
금락,2026-09-06,06:30,164.4,657.6
금락,2026-09-06,06:45,171.0,684.0
금락,2026-09-06,07:00,153.6,614.4
금락,2026-09-06,07:15,168.0,672.0
금락,2026-09-06,07:30,156.0,624.0
금락,2026-09-06,07:45,155.4,621.6
금락,2026-09-06,08:00,185.4,741.6
금락,2026-09-06,08:15,222.0,888.0
금락,2026-09-06,08:30,229.8,919.2
금락,2026-09-06,08:45,216.0,864.0
금락,2026-09-06,09:00,204.6,818.4
금락,2026-09-06,09:15,190.8,763.2
금락,2026-09-06,09:30,185.4,741.6
금락,2026-09-06,09:45,213.6,854.4
금락,2026-09-06,10:00,210.0,840.0
금락,2026-09-06,10:15,203.4,813.6
금락,2026-09-06,10:30,183.6,734.4
금락,2026-09-06,10:45,175.2,700.8
금락,2026-09-06,11:00,140.4,561.6
금락,2026-09-06,11:15,190.8,763.2
금락,2026-09-06,11:30,197.4,789.6
금락,2026-09-06,11:45,212.4,849.6
금락,2026-09-06,12:00,204.6,818.4
금락,2026-09-06,12:15,178.2,712.8
금락,2026-09-06,12:30,198.6,794.4
금락,2026-09-06,12:45,177.6,710.4
금락,2026-09-06,13:00,196.2,784.8
금락,2026-09-06,13:15,190.8,763.2
금락,2026-09-06,13:30,177.0,708.0
금락,2026-09-06,13:45,192.0,768.0
금락,2026-09-06,14:00,195.6,782.4
금락,2026-09-06,14:15,183.6,734.4
금락,2026-09-06,14:30,195.0,780.0
금락,2026-09-06,14:45,182.4,729.6
금락,2026-09-06,15:00,186.6,746.4
금락,2026-09-06,15:15,223.2,892.8
금락,2026-09-06,15:30,192.0,768.0
금락,2026-09-06,15:45,0.0,0.0
금락,2026-09-06,16:00,0.0,0.0
금락,2026-09-06,16:15,0.0,0.0
금락,2026-09-06,16:30,0.0,0.0
금락,2026-09-06,16:45,0.0,0.0
금락,2026-09-06,17:00,0.0,0.0
금락,2026-09-06,17:15,0.0,0.0
금락,2026-09-06,17:30,0.0,0.0
금락,2026-09-06,17:45,0.0,0.0
금락,2026-09-06,18:00,0.0,0.0
금락,2026-09-06,18:15,0.0,0.0
금락,2026-09-06,18:30,0.0,0.0
금락,2026-09-06,18:45,0.0,0.0
금락,2026-09-06,19:00,0.0,0.0
금락,2026-09-06,19:15,0.0,0.0
금락,2026-09-06,19:30,0.0,0.0
금락,2026-09-06,19:45,0.0,0.0
금락,2026-09-06,20:00,0.0,0.0
금락,2026-09-06,20:15,0.0,0.0
금락,2026-09-06,20:30,0.0,0.0
금락,2026-09-06,20:45,0.0,0.0
금락,2026-09-06,21:00,0.0,0.0
금락,2026-09-06,21:15,0.0,0.0
금락,2026-09-06,21:30,0.0,0.0
금락,2026-09-06,21:45,0.0,0.0
금락,2026-09-06,22:00,0.0,0.0
금락,2026-09-06,22:15,0.0,0.0
금락,2026-09-06,22:30,0.0,0.0
금락,2026-09-06,22:45,0.0,0.0
금락,2026-09-06,23:00,0.0,0.0
금락,2026-09-06,23:15,0.0,0.0
금락,2026-09-06,23:30,0.0,0.0
금락,2026-09-06,23:45,0.0,0.0
금락,2026-09-06,24:00,0.0,0.0
문양기지,2026-09-04,00:15,172.2,688.8
문양기지,2026-09-04,00:30,103.2,412.8
문양기지,2026-09-04,00:45,90.6,362.4
문양기지,2026-09-04,01:00,87.0,348.0
문양기지,2026-09-04,01:15,95.4,381.6
문양기지,2026-09-04,01:30,92.4,369.6
문양기지,2026-09-04,01:45,92.4,369.6
문양기지,2026-09-04,02:00,91.2,364.8
문양기지,2026-09-04,02:15,93.0,372.0
문양기지,2026-09-04,02:30,86.4,345.6
문양기지,2026-09-04,02:45,85.8,343.2
문양기지,2026-09-04,03:00,85.8,343.2
문양기지,2026-09-04,03:15,91.8,367.2
문양기지,2026-09-04,03:30,92.4,369.6
문양기지,2026-09-04,03:45,93.0,372.0
문양기지,2026-09-04,04:00,92.4,369.6
문양기지,2026-09-04,04:15,114.6,458.4
문양기지,2026-09-04,04:30,147.0,588.0
문양기지,2026-09-04,04:45,106.8,427.2
문양기지,2026-09-04,05:00,94.2,376.8
문양기지,2026-09-04,05:15,138.6,554.4
문양기지,2026-09-04,05:30,123.0,492.0
문양기지,2026-09-04,05:45,187.2,748.8
문양기지,2026-09-04,06:00,189.0,756.0
문양기지,2026-09-04,06:15,231.6,926.4
문양기지,2026-09-04,06:30,247.2,988.8
문양기지,2026-09-04,06:45,271.2,1084.8
문양기지,2026-09-04,07:00,292.8,1171.2
문양기지,2026-09-04,07:15,299.4,1197.6
문양기지,2026-09-04,07:30,291.6,1166.4
문양기지,2026-09-04,07:45,307.2,1228.8
문양기지,2026-09-04,08:00,309.6,1238.4
문양기지,2026-09-04,08:15,330.6,1322.4
문양기지,2026-09-04,08:30,298.2,1192.8
문양기지,2026-09-04,08:45,331.2,1324.8
문양기지,2026-09-04,09:00,349.8,1399.2
문양기지,2026-09-04,09:15,364.8,1459.2
문양기지,2026-09-04,09:30,403.8,1615.2
문양기지,2026-09-04,09:45,418.8,1675.2
문양기지,2026-09-04,10:00,411.0,1644.0
문양기지,2026-09-04,10:15,382.8,1531.2
문양기지,2026-09-04,10:30,349.2,1396.8
문양기지,2026-09-04,10:45,348.0,1392.0
문양기지,2026-09-04,11:00,339.0,1356.0
문양기지,2026-09-04,11:15,366.0,1464.0
문양기지,2026-09-04,11:30,361.2,1444.8
문양기지,2026-09-04,11:45,388.2,1552.8
문양기지,2026-09-04,12:00,353.4,1413.6
문양기지,2026-09-04,12:15,360.6,1442.4
문양기지,2026-09-04,12:30,363.6,1454.4
문양기지,2026-09-04,12:45,395.4,1581.6
문양기지,2026-09-04,13:00,379.2,1516.8
문양기지,2026-09-04,13:15,396.6,1586.4
문양기지,2026-09-04,13:30,370.2,1480.8
문양기지,2026-09-04,13:45,410.4,1641.6
문양기지,2026-09-04,14:00,406.8,1627.2
문양기지,2026-09-04,14:15,384.6,1538.4
문양기지,2026-09-04,14:30,367.8,1471.2
문양기지,2026-09-04,14:45,377.4,1509.6
문양기지,2026-09-04,15:00,366.0,1464.0
문양기지,2026-09-04,15:15,433.8,1735.2
문양기지,2026-09-04,15:30,401.4,1605.6
문양기지,2026-09-04,15:45,379.2,1516.8
문양기지,2026-09-04,16:00,387.6,1550.4
문양기지,2026-09-04,16:15,383.4,1533.6
문양기지,2026-09-04,16:30,383.4,1533.6
문양기지,2026-09-04,16:45,407.4,1629.6
문양기지,2026-09-04,17:00,384.6,1538.4
문양기지,2026-09-04,17:15,425.4,1701.6
문양기지,2026-09-04,17:30,417.0,1668.0
문양기지,2026-09-04,17:45,389.4,1557.6
문양기지,2026-09-04,18:00,379.8,1519.2
문양기지,2026-09-04,18:15,358.2,1432.8
문양기지,2026-09-04,18:30,351.6,1406.4
문양기지,2026-09-04,18:45,388.2,1552.8
문양기지,2026-09-04,19:00,346.8,1387.2
문양기지,2026-09-04,19:15,377.4,1509.6
문양기지,2026-09-04,19:30,371.4,1485.6
문양기지,2026-09-04,19:45,355.8,1423.2
문양기지,2026-09-04,20:00,361.2,1444.8
문양기지,2026-09-04,20:15,360.6,1442.4
문양기지,2026-09-04,20:30,305.4,1221.6
문양기지,2026-09-04,20:45,255.6,1022.4
문양기지,2026-09-04,21:00,269.4,1077.6
문양기지,2026-09-04,21:15,275.4,1101.6
문양기지,2026-09-04,21:30,251.4,1005.6
문양기지,2026-09-04,21:45,259.2,1036.8
문양기지,2026-09-04,22:00,258.6,1034.4
문양기지,2026-09-04,22:15,247.2,988.8
문양기지,2026-09-04,22:30,256.2,1024.8
문양기지,2026-09-04,22:45,261.0,1044.0
문양기지,2026-09-04,23:00,244.8,979.2
문양기지,2026-09-04,23:15,272.4,1089.6
문양기지,2026-09-04,23:30,270.6,1082.4
문양기지,2026-09-04,23:45,227.4,909.6
문양기지,2026-09-04,24:00,253.2,1012.8
문양기지,2026-09-05,00:15,141.0,564.0
문양기지,2026-09-05,00:30,94.8,379.2
문양기지,2026-09-05,00:45,87.6,350.4
문양기지,2026-09-05,01:00,83.4,333.6
문양기지,2026-09-05,01:15,86.4,345.6
문양기지,2026-09-05,01:30,85.2,340.8
문양기지,2026-09-05,01:45,89.4,357.6
문양기지,2026-09-05,02:00,88.8,355.2
문양기지,2026-09-05,02:15,87.0,348.0
문양기지,2026-09-05,02:30,81.6,326.4
문양기지,2026-09-05,02:45,84.6,338.4
문양기지,2026-09-05,03:00,82.2,328.8
문양기지,2026-09-05,03:15,86.4,345.6
문양기지,2026-09-05,03:30,88.2,352.8
문양기지,2026-09-05,03:45,91.2,364.8
문양기지,2026-09-05,04:00,91.8,367.2
문양기지,2026-09-05,04:15,105.6,422.4
문양기지,2026-09-05,04:30,125.4,501.6
문양기지,2026-09-05,04:45,95.4,381.6
문양기지,2026-09-05,05:00,90.6,362.4
문양기지,2026-09-05,05:15,120.6,482.4
문양기지,2026-09-05,05:30,103.2,412.8
문양기지,2026-09-05,05:45,173.4,693.6
문양기지,2026-09-05,06:00,154.2,616.8
문양기지,2026-09-05,06:15,211.2,844.8
문양기지,2026-09-05,06:30,208.8,835.2
문양기지,2026-09-05,06:45,217.8,871.2
문양기지,2026-09-05,07:00,205.2,820.8
문양기지,2026-09-05,07:15,227.4,909.6
문양기지,2026-09-05,07:30,267.6,1070.4
문양기지,2026-09-05,07:45,240.0,960.0
문양기지,2026-09-05,08:00,275.4,1101.6
문양기지,2026-09-05,08:15,255.0,1020.0
문양기지,2026-09-05,08:30,282.0,1128.0
문양기지,2026-09-05,08:45,265.8,1063.2
문양기지,2026-09-05,09:00,267.0,1068.0
문양기지,2026-09-05,09:15,295.8,1183.2
문양기지,2026-09-05,09:30,318.0,1272.0
문양기지,2026-09-05,09:45,248.4,993.6
문양기지,2026-09-05,10:00,284.4,1137.6
문양기지,2026-09-05,10:15,288.0,1152.0
문양기지,2026-09-05,10:30,330.6,1322.4
문양기지,2026-09-05,10:45,337.2,1348.8
문양기지,2026-09-05,11:00,335.4,1341.6
문양기지,2026-09-05,11:15,333.0,1332.0
문양기지,2026-09-05,11:30,327.6,1310.4
문양기지,2026-09-05,11:45,322.2,1288.8
문양기지,2026-09-05,12:00,329.4,1317.6
문양기지,2026-09-05,12:15,310.8,1243.2
문양기지,2026-09-05,12:30,318.0,1272.0
문양기지,2026-09-05,12:45,342.0,1368.0
문양기지,2026-09-05,13:00,326.4,1305.6
문양기지,2026-09-05,13:15,345.0,1380.0
문양기지,2026-09-05,13:30,342.6,1370.4
문양기지,2026-09-05,13:45,343.8,1375.2
문양기지,2026-09-05,14:00,360.6,1442.4
문양기지,2026-09-05,14:15,383.4,1533.6
문양기지,2026-09-05,14:30,391.2,1564.8
문양기지,2026-09-05,14:45,362.4,1449.6
문양기지,2026-09-05,15:00,398.4,1593.6
문양기지,2026-09-05,15:15,360.6,1442.4
문양기지,2026-09-05,15:30,352.8,1411.2
문양기지,2026-09-05,15:45,336.0,1344.0
문양기지,2026-09-05,16:00,371.4,1485.6
문양기지,2026-09-05,16:15,370.2,1480.8
문양기지,2026-09-05,16:30,325.2,1300.8
문양기지,2026-09-05,16:45,302.4,1209.6
문양기지,2026-09-05,17:00,316.8,1267.2
문양기지,2026-09-05,17:15,354.6,1418.4
문양기지,2026-09-05,17:30,355.2,1420.8
문양기지,2026-09-05,17:45,344.4,1377.6
문양기지,2026-09-05,18:00,343.8,1375.2
문양기지,2026-09-05,18:15,332.4,1329.6
문양기지,2026-09-05,18:30,328.8,1315.2
문양기지,2026-09-05,18:45,340.2,1360.8
문양기지,2026-09-05,19:00,371.4,1485.6
문양기지,2026-09-05,19:15,373.2,1492.8
문양기지,2026-09-05,19:30,351.0,1404.0
문양기지,2026-09-05,19:45,358.2,1432.8
문양기지,2026-09-05,20:00,322.2,1288.8
문양기지,2026-09-05,20:15,335.4,1341.6
문양기지,2026-09-05,20:30,283.8,1135.2
문양기지,2026-09-05,20:45,305.4,1221.6
문양기지,2026-09-05,21:00,296.4,1185.6
문양기지,2026-09-05,21:15,297.0,1188.0
문양기지,2026-09-05,21:30,262.8,1051.2
문양기지,2026-09-05,21:45,257.4,1029.6
문양기지,2026-09-05,22:00,275.4,1101.6
문양기지,2026-09-05,22:15,275.4,1101.6
문양기지,2026-09-05,22:30,256.8,1027.2
문양기지,2026-09-05,22:45,244.2,976.8
문양기지,2026-09-05,23:00,229.8,919.2
문양기지,2026-09-05,23:15,243.6,974.4
문양기지,2026-09-05,23:30,228.0,912.0
문양기지,2026-09-05,23:45,213.0,852.0
문양기지,2026-09-05,24:00,228.0,912.0
문양기지,2026-09-06,00:15,138.6,554.4
문양기지,2026-09-06,00:30,114.0,456.0
문양기지,2026-09-06,00:45,104.4,417.6
문양기지,2026-09-06,01:00,92.4,369.6
문양기지,2026-09-06,01:15,88.2,352.8
문양기지,2026-09-06,01:30,88.8,355.2
문양기지,2026-09-06,01:45,89.4,357.6
문양기지,2026-09-06,02:00,94.8,379.2
문양기지,2026-09-06,02:15,91.8,367.2
문양기지,2026-09-06,02:30,84.0,336.0
문양기지,2026-09-06,02:45,84.0,336.0
문양기지,2026-09-06,03:00,87.0,348.0
문양기지,2026-09-06,03:15,89.4,357.6
문양기지,2026-09-06,03:30,88.2,352.8
문양기지,2026-09-06,03:45,88.8,355.2
문양기지,2026-09-06,04:00,91.8,367.2
문양기지,2026-09-06,04:15,98.4,393.6
문양기지,2026-09-06,04:30,118.2,472.8
문양기지,2026-09-06,04:45,94.8,379.2
문양기지,2026-09-06,05:00,85.8,343.2
문양기지,2026-09-06,05:15,121.8,487.2
문양기지,2026-09-06,05:30,108.6,434.4
문양기지,2026-09-06,05:45,167.4,669.6
문양기지,2026-09-06,06:00,144.0,576.0
문양기지,2026-09-06,06:15,204.6,818.4
문양기지,2026-09-06,06:30,199.8,799.2
문양기지,2026-09-06,06:45,195.0,780.0
문양기지,2026-09-06,07:00,216.6,866.4
문양기지,2026-09-06,07:15,237.6,950.4
문양기지,2026-09-06,07:30,223.8,895.2
문양기지,2026-09-06,07:45,226.2,904.8
문양기지,2026-09-06,08:00,232.2,928.8
문양기지,2026-09-06,08:15,209.4,837.6
문양기지,2026-09-06,08:30,237.0,948.0
문양기지,2026-09-06,08:45,232.2,928.8
문양기지,2026-09-06,09:00,255.6,1022.4
문양기지,2026-09-06,09:15,300.0,1200.0
문양기지,2026-09-06,09:30,320.4,1281.6
문양기지,2026-09-06,09:45,324.6,1298.4
문양기지,2026-09-06,10:00,322.2,1288.8
문양기지,2026-09-06,10:15,316.2,1264.8
문양기지,2026-09-06,10:30,366.0,1464.0
문양기지,2026-09-06,10:45,327.6,1310.4
문양기지,2026-09-06,11:00,323.4,1293.6
문양기지,2026-09-06,11:15,356.4,1425.6
문양기지,2026-09-06,11:30,370.2,1480.8
문양기지,2026-09-06,11:45,342.0,1368.0
문양기지,2026-09-06,12:00,382.2,1528.8
문양기지,2026-09-06,12:15,370.8,1483.2
문양기지,2026-09-06,12:30,382.8,1531.2
문양기지,2026-09-06,12:45,384.6,1538.4
문양기지,2026-09-06,13:00,374.4,1497.6
문양기지,2026-09-06,13:15,379.2,1516.8
문양기지,2026-09-06,13:30,388.2,1552.8
문양기지,2026-09-06,13:45,379.2,1516.8
문양기지,2026-09-06,14:00,397.2,1588.8
문양기지,2026-09-06,14:15,356.4,1425.6
문양기지,2026-09-06,14:30,373.2,1492.8
문양기지,2026-09-06,14:45,335.4,1341.6
문양기지,2026-09-06,15:00,319.8,1279.2
문양기지,2026-09-06,15:15,337.8,1351.2
문양기지,2026-09-06,15:30,337.2,1348.8
문양기지,2026-09-06,15:45,324.6,1298.4
문양기지,2026-09-06,16:00,334.2,1336.8
문양기지,2026-09-06,16:15,321.6,1286.4
문양기지,2026-09-06,16:30,325.2,1300.8
문양기지,2026-09-06,16:45,320.4,1281.6
문양기지,2026-09-06,17:00,329.4,1317.6
문양기지,2026-09-06,17:15,322.8,1291.2
문양기지,2026-09-06,17:30,330.0,1320.0
문양기지,2026-09-06,17:45,303.0,1212.0
문양기지,2026-09-06,18:00,313.2,1252.8
문양기지,2026-09-06,18:15,313.8,1255.2
문양기지,2026-09-06,18:30,302.4,1209.6
문양기지,2026-09-06,18:45,0.0,0.0
문양기지,2026-09-06,19:00,0.0,0.0
문양기지,2026-09-06,19:15,0.0,0.0
문양기지,2026-09-06,19:30,0.0,0.0
문양기지,2026-09-06,19:45,0.0,0.0
문양기지,2026-09-06,20:00,0.0,0.0
문양기지,2026-09-06,20:15,0.0,0.0
문양기지,2026-09-06,20:30,0.0,0.0
문양기지,2026-09-06,20:45,0.0,0.0
문양기지,2026-09-06,21:00,0.0,0.0
문양기지,2026-09-06,21:15,0.0,0.0
문양기지,2026-09-06,21:30,0.0,0.0
문양기지,2026-09-06,21:45,0.0,0.0
문양기지,2026-09-06,22:00,0.0,0.0
문양기지,2026-09-06,22:15,0.0,0.0
문양기지,2026-09-06,22:30,0.0,0.0
문양기지,2026-09-06,22:45,0.0,0.0
문양기지,2026-09-06,23:00,0.0,0.0
문양기지,2026-09-06,23:15,0.0,0.0
문양기지,2026-09-06,23:30,0.0,0.0
문양기지,2026-09-06,23:45,0.0,0.0
문양기지,2026-09-06,24:00,0.0,0.0
대실,2026-09-04,00:15,59.5,238.1
대실,2026-09-04,00:30,55.2,220.8
대실,2026-09-04,00:45,47.5,190.1
대실,2026-09-04,01:00,40.3,161.3
대실,2026-09-04,01:15,44.6,178.6
대실,2026-09-04,01:30,52.3,209.3
대실,2026-09-04,01:45,55.7,222.7
대실,2026-09-04,02:00,49.4,197.8
대실,2026-09-04,02:15,47.0,188.2
대실,2026-09-04,02:30,34.6,138.2
대실,2026-09-04,02:45,44.2,176.6
대실,2026-09-04,03:00,46.6,186.2
대실,2026-09-04,03:15,68.2,272.6
대실,2026-09-04,03:30,64.3,257.3
대실,2026-09-04,03:45,60.0,240.0
대실,2026-09-04,04:00,51.4,205.4
대실,2026-09-04,04:15,53.3,213.1
대실,2026-09-04,04:30,41.8,167.0
대실,2026-09-04,04:45,48.5,193.9
대실,2026-09-04,05:00,59.0,236.2
대실,2026-09-04,05:15,77.3,309.1
대실,2026-09-04,05:30,73.0,291.8
대실,2026-09-04,05:45,78.7,314.9
대실,2026-09-04,06:00,78.2,313.0
대실,2026-09-04,06:15,93.1,372.5
대실,2026-09-04,06:30,79.2,316.8
대실,2026-09-04,06:45,81.1,324.5
대실,2026-09-04,07:00,84.5,337.9
대실,2026-09-04,07:15,96.0,384.0
대실,2026-09-04,07:30,99.4,397.4
대실,2026-09-04,07:45,101.3,405.1
대실,2026-09-04,08:00,93.6,374.4
대실,2026-09-04,08:15,102.2,409.0
대실,2026-09-04,08:30,108.0,432.0
대실,2026-09-04,08:45,118.6,474.2
대실,2026-09-04,09:00,116.2,464.6
대실,2026-09-04,09:15,170.4,681.6
대실,2026-09-04,09:30,172.8,691.2
대실,2026-09-04,09:45,167.5,670.1
대실,2026-09-04,10:00,169.9,679.7
대실,2026-09-04,10:15,161.3,645.1
대실,2026-09-04,10:30,158.4,633.6
대실,2026-09-04,10:45,164.6,658.6
대실,2026-09-04,11:00,164.2,656.6
대실,2026-09-04,11:15,212.2,848.6
대실,2026-09-04,11:30,182.9,731.5
대실,2026-09-04,11:45,166.6,666.2
대실,2026-09-04,12:00,156.0,624.0
대실,2026-09-04,12:15,158.4,633.6
대실,2026-09-04,12:30,162.7,650.9
대실,2026-09-04,12:45,141.6,566.4
대실,2026-09-04,13:00,150.7,602.9
대실,2026-09-04,13:15,153.1,612.5
대실,2026-09-04,13:30,143.5,574.1
대실,2026-09-04,13:45,192.0,768.0
대실,2026-09-04,14:00,202.6,810.2
대실,2026-09-04,14:15,181.9,727.7
대실,2026-09-04,14:30,183.8,735.4
대실,2026-09-04,14:45,157.0,627.8
대실,2026-09-04,15:00,146.9,587.5
대실,2026-09-04,15:15,172.8,691.2
대실,2026-09-04,15:30,170.4,681.6
대실,2026-09-04,15:45,144.5,577.9
대실,2026-09-04,16:00,149.8,599.0
대실,2026-09-04,16:15,198.7,794.9
대실,2026-09-04,16:30,199.2,796.8
대실,2026-09-04,16:45,191.5,766.1
대실,2026-09-04,17:00,183.8,735.4
대실,2026-09-04,17:15,201.1,804.5
대실,2026-09-04,17:30,189.1,756.5
대실,2026-09-04,17:45,192.5,769.9
대실,2026-09-04,18:00,183.4,733.4
대실,2026-09-04,18:15,145.9,583.7
대실,2026-09-04,18:30,147.8,591.4
대실,2026-09-04,18:45,150.2,601.0
대실,2026-09-04,19:00,151.7,606.7
대실,2026-09-04,19:15,142.6,570.2
대실,2026-09-04,19:30,143.5,574.1
대실,2026-09-04,19:45,137.3,549.1
대실,2026-09-04,20:00,156.5,625.9
대실,2026-09-04,20:15,157.0,627.8
대실,2026-09-04,20:30,145.9,583.7
대실,2026-09-04,20:45,108.5,433.9
대실,2026-09-04,21:00,97.4,389.8
대실,2026-09-04,21:15,93.1,372.5
대실,2026-09-04,21:30,97.9,391.7
대실,2026-09-04,21:45,113.3,453.1
대실,2026-09-04,22:00,113.3,453.1
대실,2026-09-04,22:15,107.0,428.2
대실,2026-09-04,22:30,102.2,409.0
대실,2026-09-04,22:45,98.9,395.5
대실,2026-09-04,23:00,96.5,385.9
대실,2026-09-04,23:15,93.6,374.4
대실,2026-09-04,23:30,102.2,409.0
대실,2026-09-04,23:45,108.0,432.0
대실,2026-09-04,24:00,93.1,372.5
대실,2026-09-05,00:15,66.7,266.9
대실,2026-09-05,00:30,49.0,195.8
대실,2026-09-05,00:45,42.2,169.0
대실,2026-09-05,01:00,45.6,182.4
대실,2026-09-05,01:15,49.9,199.7
대실,2026-09-05,01:30,53.3,213.1
대실,2026-09-05,01:45,53.8,215.0
대실,2026-09-05,02:00,54.7,218.9
대실,2026-09-05,02:15,49.0,195.8
대실,2026-09-05,02:30,43.7,174.7
대실,2026-09-05,02:45,44.2,176.6
대실,2026-09-05,03:00,44.2,176.6
대실,2026-09-05,03:15,49.9,199.7
대실,2026-09-05,03:30,44.2,176.6
대실,2026-09-05,03:45,63.4,253.4
대실,2026-09-05,04:00,55.7,222.7
대실,2026-09-05,04:15,56.6,226.6
대실,2026-09-05,04:30,41.8,167.0
대실,2026-09-05,04:45,49.4,197.8
대실,2026-09-05,05:00,54.2,217.0
대실,2026-09-05,05:15,75.8,303.4
대실,2026-09-05,05:30,89.8,359.0
대실,2026-09-05,05:45,84.5,337.9
대실,2026-09-05,06:00,78.2,313.0
대실,2026-09-05,06:15,83.0,332.2
대실,2026-09-05,06:30,71.5,286.1
대실,2026-09-05,06:45,76.8,307.2
대실,2026-09-05,07:00,75.4,301.4
대실,2026-09-05,07:15,88.3,353.3
대실,2026-09-05,07:30,96.0,384.0
대실,2026-09-05,07:45,97.0,387.8
대실,2026-09-05,08:00,105.6,422.4
대실,2026-09-05,08:15,96.5,385.9
대실,2026-09-05,08:30,104.2,416.6
대실,2026-09-05,08:45,84.5,337.9
대실,2026-09-05,09:00,130.1,520.3
대실,2026-09-05,09:15,175.2,700.8
대실,2026-09-05,09:30,175.2,700.8
대실,2026-09-05,09:45,187.7,750.7
대실,2026-09-05,10:00,152.2,608.6
대실,2026-09-05,10:15,163.2,652.8
대실,2026-09-05,10:30,149.3,597.1
대실,2026-09-05,10:45,121.0,483.8
대실,2026-09-05,11:00,126.7,506.9
대실,2026-09-05,11:15,131.0,524.2
대실,2026-09-05,11:30,135.4,541.4
대실,2026-09-05,11:45,144.0,576.0
대실,2026-09-05,12:00,147.8,591.4
대실,2026-09-05,12:15,128.6,514.6
대실,2026-09-05,12:30,137.3,549.1
대실,2026-09-05,12:45,145.0,579.8
대실,2026-09-05,13:00,135.8,543.4
대실,2026-09-05,13:15,160.3,641.3
대실,2026-09-05,13:30,146.4,585.6
대실,2026-09-05,13:45,133.4,533.8
대실,2026-09-05,14:00,154.6,618.2
대실,2026-09-05,14:15,168.5,673.9
대실,2026-09-05,14:30,148.8,595.2
대실,2026-09-05,14:45,150.7,602.9
대실,2026-09-05,15:00,157.0,627.8
대실,2026-09-05,15:15,165.6,662.4
대실,2026-09-05,15:30,182.4,729.6
대실,2026-09-05,15:45,160.3,641.3
대실,2026-09-05,16:00,156.0,624.0
대실,2026-09-05,16:15,162.2,649.0
대실,2026-09-05,16:30,152.6,610.6
대실,2026-09-05,16:45,197.3,789.1
대실,2026-09-05,17:00,178.6,714.2
대실,2026-09-05,17:15,161.8,647.0
대실,2026-09-05,17:30,159.4,637.4
대실,2026-09-05,17:45,141.6,566.4
대실,2026-09-05,18:00,138.2,553.0
대실,2026-09-05,18:15,138.2,553.0
대실,2026-09-05,18:30,135.8,543.4
대실,2026-09-05,18:45,155.5,622.1
대실,2026-09-05,19:00,143.0,572.2
대실,2026-09-05,19:15,144.0,576.0
대실,2026-09-05,19:30,128.2,512.6
대실,2026-09-05,19:45,129.1,516.5
대실,2026-09-05,20:00,133.4,533.8
대실,2026-09-05,20:15,139.7,558.7
대실,2026-09-05,20:30,137.3,549.1
대실,2026-09-05,20:45,116.2,464.6
대실,2026-09-05,21:00,119.5,478.1
대실,2026-09-05,21:15,116.2,464.6
대실,2026-09-05,21:30,121.4,485.8
대실,2026-09-05,21:45,115.7,462.7
대실,2026-09-05,22:00,123.4,493.4
대실,2026-09-05,22:15,119.5,478.1
대실,2026-09-05,22:30,100.3,401.3
대실,2026-09-05,22:45,93.6,374.4
대실,2026-09-05,23:00,94.6,378.2
대실,2026-09-05,23:15,117.1,468.5
대실,2026-09-05,23:30,117.6,470.4
대실,2026-09-05,23:45,117.1,468.5
대실,2026-09-05,24:00,84.5,337.9
대실,2026-09-06,00:15,50.9,203.5
대실,2026-09-06,00:30,59.5,238.1
대실,2026-09-06,00:45,51.8,207.4
대실,2026-09-06,01:00,47.0,188.2
대실,2026-09-06,01:15,45.1,180.5
대실,2026-09-06,01:30,43.7,174.7
대실,2026-09-06,01:45,59.0,236.2
대실,2026-09-06,02:00,63.4,253.4
대실,2026-09-06,02:15,51.8,207.4
대실,2026-09-06,02:30,44.2,176.6
대실,2026-09-06,02:45,44.6,178.6
대실,2026-09-06,03:00,50.9,203.5
대실,2026-09-06,03:15,58.6,234.2
대실,2026-09-06,03:30,57.6,230.4
대실,2026-09-06,03:45,51.4,205.4
대실,2026-09-06,04:00,51.8,207.4
대실,2026-09-06,04:15,54.7,218.9
대실,2026-09-06,04:30,45.1,180.5
대실,2026-09-06,04:45,48.0,192.0
대실,2026-09-06,05:00,46.1,184.3
대실,2026-09-06,05:15,74.9,299.5
대실,2026-09-06,05:30,86.4,345.6
대실,2026-09-06,05:45,83.5,334.1
대실,2026-09-06,06:00,80.6,322.6
대실,2026-09-06,06:15,96.5,385.9
대실,2026-09-06,06:30,85.0,339.8
대실,2026-09-06,06:45,77.8,311.0
대실,2026-09-06,07:00,81.6,326.4
대실,2026-09-06,07:15,91.2,364.8
대실,2026-09-06,07:30,97.9,391.7
대실,2026-09-06,07:45,97.0,387.8
대실,2026-09-06,08:00,91.2,364.8
대실,2026-09-06,08:15,94.1,376.3
대실,2026-09-06,08:30,93.6,374.4
대실,2026-09-06,08:45,92.2,368.6
대실,2026-09-06,09:00,115.7,462.7
대실,2026-09-06,09:15,175.7,702.7
대실,2026-09-06,09:30,153.6,614.4
대실,2026-09-06,09:45,156.5,625.9
대실,2026-09-06,10:00,153.6,614.4
대실,2026-09-06,10:15,151.2,604.8
대실,2026-09-06,10:30,135.8,543.4
대실,2026-09-06,10:45,121.9,487.7
대실,2026-09-06,11:00,122.4,489.6
대실,2026-09-06,11:15,141.6,566.4
대실,2026-09-06,11:30,133.9,535.7
대실,2026-09-06,11:45,142.6,570.2
대실,2026-09-06,12:00,126.7,506.9
대실,2026-09-06,12:15,123.4,493.4
대실,2026-09-06,12:30,132.5,529.9
대실,2026-09-06,12:45,132.5,529.9
대실,2026-09-06,13:00,141.1,564.5
대실,2026-09-06,13:15,161.3,645.1
대실,2026-09-06,13:30,146.9,587.5
대실,2026-09-06,13:45,114.2,457.0
대실,2026-09-06,14:00,129.6,518.4
대실,2026-09-06,14:15,127.7,510.7
대실,2026-09-06,14:30,136.8,547.2
대실,2026-09-06,14:45,131.5,526.1
대실,2026-09-06,15:00,122.9,491.5
대실,2026-09-06,15:15,130.6,522.2
대실,2026-09-06,15:30,144.0,576.0
대실,2026-09-06,15:45,145.0,579.8
대실,2026-09-06,16:00,144.5,577.9
대실,2026-09-06,16:15,141.6,566.4
대실,2026-09-06,16:30,160.8,643.2
대실,2026-09-06,16:45,176.2,704.6
대실,2026-09-06,17:00,175.7,702.7
대실,2026-09-06,17:15,172.8,691.2
대실,2026-09-06,17:30,153.1,612.5
대실,2026-09-06,17:45,130.6,522.2
대실,2026-09-06,18:00,0.0,0.0
대실,2026-09-06,18:15,0.0,0.0
대실,2026-09-06,18:30,0.0,0.0
대실,2026-09-06,18:45,0.0,0.0
대실,2026-09-06,19:00,0.0,0.0
대실,2026-09-06,19:15,0.0,0.0
대실,2026-09-06,19:30,0.0,0.0
대실,2026-09-06,19:45,0.0,0.0
대실,2026-09-06,20:00,0.0,0.0
대실,2026-09-06,20:15,0.0,0.0
대실,2026-09-06,20:30,0.0,0.0
대실,2026-09-06,20:45,0.0,0.0
대실,2026-09-06,21:00,0.0,0.0
대실,2026-09-06,21:15,0.0,0.0
대실,2026-09-06,21:30,0.0,0.0
대실,2026-09-06,21:45,0.0,0.0
대실,2026-09-06,22:00,0.0,0.0
대실,2026-09-06,22:15,0.0,0.0
대실,2026-09-06,22:30,0.0,0.0
대실,2026-09-06,22:45,0.0,0.0
대실,2026-09-06,23:00,0.0,0.0
대실,2026-09-06,23:15,0.0,0.0
대실,2026-09-06,23:30,0.0,0.0
대실,2026-09-06,23:45,0.0,0.0
대실,2026-09-06,24:00,0.0,0.0
성서산단,2026-09-04,00:15,139.2,556.8
성서산단,2026-09-04,00:30,110.4,441.6
성서산단,2026-09-04,00:45,106.8,427.2
성서산단,2026-09-04,01:00,96.0,384.0
성서산단,2026-09-04,01:15,106.2,424.8
성서산단,2026-09-04,01:30,108.6,434.4
성서산단,2026-09-04,01:45,110.4,441.6
성서산단,2026-09-04,02:00,109.2,436.8
성서산단,2026-09-04,02:15,108.6,434.4
성서산단,2026-09-04,02:30,94.2,376.8
성서산단,2026-09-04,02:45,91.8,367.2
성서산단,2026-09-04,03:00,97.2,388.8
성서산단,2026-09-04,03:15,103.8,415.2
성서산단,2026-09-04,03:30,108.6,434.4
성서산단,2026-09-04,03:45,107.4,429.6
성서산단,2026-09-04,04:00,111.6,446.4
성서산단,2026-09-04,04:15,119.4,477.6
성서산단,2026-09-04,04:30,109.2,436.8
성서산단,2026-09-04,04:45,88.8,355.2
성서산단,2026-09-04,05:00,87.6,350.4
성서산단,2026-09-04,05:15,119.4,477.6
성서산단,2026-09-04,05:30,153.6,614.4
성서산단,2026-09-04,05:45,186.0,744.0
성서산단,2026-09-04,06:00,192.6,770.4
성서산단,2026-09-04,06:15,229.2,916.8
성서산단,2026-09-04,06:30,229.8,919.2
성서산단,2026-09-04,06:45,241.2,964.8
성서산단,2026-09-04,07:00,258.6,1034.4
성서산단,2026-09-04,07:15,316.8,1267.2
성서산단,2026-09-04,07:30,343.2,1372.8
성서산단,2026-09-04,07:45,339.6,1358.4
성서산단,2026-09-04,08:00,372.0,1488.0
성서산단,2026-09-04,08:15,368.4,1473.6
성서산단,2026-09-04,08:30,397.8,1591.2
성서산단,2026-09-04,08:45,372.6,1490.4
성서산단,2026-09-04,09:00,306.6,1226.4
성서산단,2026-09-04,09:15,423.6,1694.4
성서산단,2026-09-04,09:30,459.0,1836.0
성서산단,2026-09-04,09:45,446.4,1785.6
성서산단,2026-09-04,10:00,390.0,1560.0
성서산단,2026-09-04,10:15,435.0,1740.0
성서산단,2026-09-04,10:30,418.8,1675.2
성서산단,2026-09-04,10:45,327.6,1310.4
성서산단,2026-09-04,11:00,344.4,1377.6
성서산단,2026-09-04,11:15,404.4,1617.6
성서산단,2026-09-04,11:30,397.2,1588.8
성서산단,2026-09-04,11:45,354.0,1416.0
성서산단,2026-09-04,12:00,372.6,1490.4
성서산단,2026-09-04,12:15,296.4,1185.6
성서산단,2026-09-04,12:30,340.2,1360.8
성서산단,2026-09-04,12:45,427.8,1711.2
성서산단,2026-09-04,13:00,478.8,1915.2
성서산단,2026-09-04,13:15,446.4,1785.6
성서산단,2026-09-04,13:30,423.6,1694.4
성서산단,2026-09-04,13:45,475.2,1900.8
성서산단,2026-09-04,14:00,512.4,2049.6
성서산단,2026-09-04,14:15,474.6,1898.4
성서산단,2026-09-04,14:30,432.6,1730.4
성서산단,2026-09-04,14:45,436.8,1747.2
성서산단,2026-09-04,15:00,417.0,1668.0
성서산단,2026-09-04,15:15,449.4,1797.6
성서산단,2026-09-04,15:30,438.6,1754.4
성서산단,2026-09-04,15:45,473.4,1893.6
성서산단,2026-09-04,16:00,491.4,1965.6
성서산단,2026-09-04,16:15,480.6,1922.4
성서산단,2026-09-04,16:30,492.0,1968.0
성서산단,2026-09-04,16:45,469.2,1876.8
성서산단,2026-09-04,17:00,501.0,2004.0
성서산단,2026-09-04,17:15,390.0,1560.0
성서산단,2026-09-04,17:30,400.8,1603.2
성서산단,2026-09-04,17:45,384.6,1538.4
성서산단,2026-09-04,18:00,405.6,1622.4
성서산단,2026-09-04,18:15,387.0,1548.0
성서산단,2026-09-04,18:30,450.6,1802.4
성서산단,2026-09-04,18:45,454.8,1819.2
성서산단,2026-09-04,19:00,456.6,1826.4
성서산단,2026-09-04,19:15,357.0,1428.0
성서산단,2026-09-04,19:30,336.6,1346.4
성서산단,2026-09-04,19:45,311.4,1245.6
성서산단,2026-09-04,20:00,320.4,1281.6
성서산단,2026-09-04,20:15,356.4,1425.6
성서산단,2026-09-04,20:30,346.8,1387.2
성서산단,2026-09-04,20:45,328.2,1312.8
성서산단,2026-09-04,21:00,343.2,1372.8
성서산단,2026-09-04,21:15,339.6,1358.4
성서산단,2026-09-04,21:30,354.0,1416.0
성서산단,2026-09-04,21:45,339.6,1358.4
성서산단,2026-09-04,22:00,315.0,1260.0
성서산단,2026-09-04,22:15,311.4,1245.6
성서산단,2026-09-04,22:30,282.0,1128.0
성서산단,2026-09-04,22:45,297.6,1190.4
성서산단,2026-09-04,23:00,262.8,1051.2
성서산단,2026-09-04,23:15,269.4,1077.6
성서산단,2026-09-04,23:30,253.8,1015.2
성서산단,2026-09-04,23:45,285.0,1140.0
성서산단,2026-09-04,24:00,255.6,1022.4
성서산단,2026-09-05,00:15,147.6,590.4
성서산단,2026-09-05,00:30,121.2,484.8
성서산단,2026-09-05,00:45,105.0,420.0
성서산단,2026-09-05,01:00,106.2,424.8
성서산단,2026-09-05,01:15,106.8,427.2
성서산단,2026-09-05,01:30,115.2,460.8
성서산단,2026-09-05,01:45,119.4,477.6
성서산단,2026-09-05,02:00,117.6,470.4
성서산단,2026-09-05,02:15,114.6,458.4
성서산단,2026-09-05,02:30,100.2,400.8
성서산단,2026-09-05,02:45,99.6,398.4
성서산단,2026-09-05,03:00,106.2,424.8
성서산단,2026-09-05,03:15,115.8,463.2
성서산단,2026-09-05,03:30,107.4,429.6
성서산단,2026-09-05,03:45,111.6,446.4
성서산단,2026-09-05,04:00,115.8,463.2
성서산단,2026-09-05,04:15,109.2,436.8
성서산단,2026-09-05,04:30,88.8,355.2
성서산단,2026-09-05,04:45,79.8,319.2
성서산단,2026-09-05,05:00,81.0,324.0
성서산단,2026-09-05,05:15,131.4,525.6
성서산단,2026-09-05,05:30,154.2,616.8
성서산단,2026-09-05,05:45,183.6,734.4
성서산단,2026-09-05,06:00,180.0,720.0
성서산단,2026-09-05,06:15,240.6,962.4
성서산단,2026-09-05,06:30,238.8,955.2
성서산단,2026-09-05,06:45,207.6,830.4
성서산단,2026-09-05,07:00,201.0,804.0
성서산단,2026-09-05,07:15,243.6,974.4
성서산단,2026-09-05,07:30,284.4,1137.6
성서산단,2026-09-05,07:45,274.2,1096.8
성서산단,2026-09-05,08:00,295.2,1180.8
성서산단,2026-09-05,08:15,264.6,1058.4
성서산단,2026-09-05,08:30,272.4,1089.6
성서산단,2026-09-05,08:45,217.8,871.2
성서산단,2026-09-05,09:00,276.0,1104.0
성서산단,2026-09-05,09:15,365.4,1461.6
성서산단,2026-09-05,09:30,366.6,1466.4
성서산단,2026-09-05,09:45,366.6,1466.4
성서산단,2026-09-05,10:00,372.0,1488.0
성서산단,2026-09-05,10:15,392.4,1569.6
성서산단,2026-09-05,10:30,377.4,1509.6
성서산단,2026-09-05,10:45,284.4,1137.6
성서산단,2026-09-05,11:00,252.6,1010.4
성서산단,2026-09-05,11:15,420.0,1680.0
성서산단,2026-09-05,11:30,423.6,1694.4
성서산단,2026-09-05,11:45,412.2,1648.8
성서산단,2026-09-05,12:00,406.8,1627.2
성서산단,2026-09-05,12:15,361.2,1444.8
성서산단,2026-09-05,12:30,393.6,1574.4
성서산단,2026-09-05,12:45,425.4,1701.6
성서산단,2026-09-05,13:00,412.8,1651.2
성서산단,2026-09-05,13:15,477.0,1908.0
성서산단,2026-09-05,13:30,471.6,1886.4
성서산단,2026-09-05,13:45,441.6,1766.4
성서산단,2026-09-05,14:00,442.8,1771.2
성서산단,2026-09-05,14:15,445.8,1783.2
성서산단,2026-09-05,14:30,426.0,1704.0
성서산단,2026-09-05,14:45,394.8,1579.2
성서산단,2026-09-05,15:00,357.6,1430.4
성서산단,2026-09-05,15:15,455.4,1821.6
성서산단,2026-09-05,15:30,451.8,1807.2
성서산단,2026-09-05,15:45,544.2,2176.8
성서산단,2026-09-05,16:00,510.0,2040.0
성서산단,2026-09-05,16:15,397.8,1591.2
성서산단,2026-09-05,16:30,381.0,1524.0
성서산단,2026-09-05,16:45,364.2,1456.8
성서산단,2026-09-05,17:00,351.0,1404.0
성서산단,2026-09-05,17:15,384.6,1538.4
성서산단,2026-09-05,17:30,413.4,1653.6
성서산단,2026-09-05,17:45,412.2,1648.8
성서산단,2026-09-05,18:00,405.0,1620.0
성서산단,2026-09-05,18:15,421.8,1687.2
성서산단,2026-09-05,18:30,420.6,1682.4
성서산단,2026-09-05,18:45,409.8,1639.2
성서산단,2026-09-05,19:00,452.4,1809.6
성서산단,2026-09-05,19:15,412.2,1648.8
성서산단,2026-09-05,19:30,399.0,1596.0
성서산단,2026-09-05,19:45,383.4,1533.6
성서산단,2026-09-05,20:00,374.4,1497.6
성서산단,2026-09-05,20:15,394.8,1579.2
성서산단,2026-09-05,20:30,397.8,1591.2
성서산단,2026-09-05,20:45,336.0,1344.0
성서산단,2026-09-05,21:00,303.0,1212.0
성서산단,2026-09-05,21:15,317.4,1269.6
성서산단,2026-09-05,21:30,354.0,1416.0
성서산단,2026-09-05,21:45,310.2,1240.8
성서산단,2026-09-05,22:00,340.2,1360.8
성서산단,2026-09-05,22:15,348.0,1392.0
성서산단,2026-09-05,22:30,306.0,1224.0
성서산단,2026-09-05,22:45,240.0,960.0
성서산단,2026-09-05,23:00,251.4,1005.6
성서산단,2026-09-05,23:15,297.6,1190.4
성서산단,2026-09-05,23:30,279.6,1118.4
성서산단,2026-09-05,23:45,295.8,1183.2
성서산단,2026-09-05,24:00,245.4,981.6
성서산단,2026-09-06,00:15,129.0,516.0
성서산단,2026-09-06,00:30,102.0,408.0
성서산단,2026-09-06,00:45,103.2,412.8
성서산단,2026-09-06,01:00,97.2,388.8
성서산단,2026-09-06,01:15,97.2,388.8
성서산단,2026-09-06,01:30,92.4,369.6
성서산단,2026-09-06,01:45,101.4,405.6
성서산단,2026-09-06,02:00,93.0,372.0
성서산단,2026-09-06,02:15,89.4,357.6
성서산단,2026-09-06,02:30,76.2,304.8
성서산단,2026-09-06,02:45,77.4,309.6
성서산단,2026-09-06,03:00,91.2,364.8
성서산단,2026-09-06,03:15,86.4,345.6
성서산단,2026-09-06,03:30,90.6,362.4
성서산단,2026-09-06,03:45,91.2,364.8
성서산단,2026-09-06,04:00,97.2,388.8
성서산단,2026-09-06,04:15,97.8,391.2
성서산단,2026-09-06,04:30,87.0,348.0
성서산단,2026-09-06,04:45,81.6,326.4
성서산단,2026-09-06,05:00,83.4,333.6
성서산단,2026-09-06,05:15,135.6,542.4
성서산단,2026-09-06,05:30,130.8,523.2
성서산단,2026-09-06,05:45,158.4,633.6
성서산단,2026-09-06,06:00,174.0,696.0
성서산단,2026-09-06,06:15,233.4,933.6
성서산단,2026-09-06,06:30,214.2,856.8
성서산단,2026-09-06,06:45,200.4,801.6
성서산단,2026-09-06,07:00,199.8,799.2
성서산단,2026-09-06,07:15,259.2,1036.8
성서산단,2026-09-06,07:30,280.2,1120.8
성서산단,2026-09-06,07:45,290.4,1161.6
성서산단,2026-09-06,08:00,299.4,1197.6
성서산단,2026-09-06,08:15,276.6,1106.4
성서산단,2026-09-06,08:30,310.8,1243.2
성서산단,2026-09-06,08:45,195.0,780.0
성서산단,2026-09-06,09:00,186.6,746.4
성서산단,2026-09-06,09:15,288.6,1154.4
성서산단,2026-09-06,09:30,315.6,1262.4
성서산단,2026-09-06,09:45,361.8,1447.2
성서산단,2026-09-06,10:00,369.0,1476.0
성서산단,2026-09-06,10:15,372.6,1490.4
성서산단,2026-09-06,10:30,328.2,1312.8
성서산단,2026-09-06,10:45,314.4,1257.6
성서산단,2026-09-06,11:00,307.8,1231.2
성서산단,2026-09-06,11:15,401.4,1605.6
성서산단,2026-09-06,11:30,405.6,1622.4
성서산단,2026-09-06,11:45,315.0,1260.0
성서산단,2026-09-06,12:00,301.2,1204.8
성서산단,2026-09-06,12:15,289.2,1156.8
성서산단,2026-09-06,12:30,327.6,1310.4
성서산단,2026-09-06,12:45,364.8,1459.2
성서산단,2026-09-06,13:00,369.6,1478.4
성서산단,2026-09-06,13:15,411.6,1646.4
성서산단,2026-09-06,13:30,392.4,1569.6
성서산단,2026-09-06,13:45,382.8,1531.2
성서산단,2026-09-06,14:00,376.8,1507.2
성서산단,2026-09-06,14:15,364.2,1456.8
성서산단,2026-09-06,14:30,358.2,1432.8
성서산단,2026-09-06,14:45,303.0,1212.0
성서산단,2026-09-06,15:00,271.2,1084.8
성서산단,2026-09-06,15:15,334.8,1339.2
성서산단,2026-09-06,15:30,362.4,1449.6
성서산단,2026-09-06,15:45,451.2,1804.8
성서산단,2026-09-06,16:00,483.6,1934.4
성서산단,2026-09-06,16:15,424.8,1699.2
성서산단,2026-09-06,16:30,400.8,1603.2
성서산단,2026-09-06,16:45,357.6,1430.4
성서산단,2026-09-06,17:00,360.6,1442.4
성서산단,2026-09-06,17:15,374.4,1497.6
성서산단,2026-09-06,17:30,348.0,1392.0
성서산단,2026-09-06,17:45,339.0,1356.0
성서산단,2026-09-06,18:00,303.0,1212.0
성서산단,2026-09-06,18:15,318.6,1274.4
성서산단,2026-09-06,18:30,0.0,0.0
성서산단,2026-09-06,18:45,0.0,0.0
성서산단,2026-09-06,19:00,0.0,0.0
성서산단,2026-09-06,19:15,0.0,0.0
성서산단,2026-09-06,19:30,0.0,0.0
성서산단,2026-09-06,19:45,0.0,0.0
성서산단,2026-09-06,20:00,0.0,0.0
성서산단,2026-09-06,20:15,0.0,0.0
성서산단,2026-09-06,20:30,0.0,0.0
성서산단,2026-09-06,20:45,0.0,0.0
성서산단,2026-09-06,21:00,0.0,0.0
성서산단,2026-09-06,21:15,0.0,0.0
성서산단,2026-09-06,21:30,0.0,0.0
성서산단,2026-09-06,21:45,0.0,0.0
성서산단,2026-09-06,22:00,0.0,0.0
성서산단,2026-09-06,22:15,0.0,0.0
성서산단,2026-09-06,22:30,0.0,0.0
성서산단,2026-09-06,22:45,0.0,0.0
성서산단,2026-09-06,23:00,0.0,0.0
성서산단,2026-09-06,23:15,0.0,0.0
성서산단,2026-09-06,23:30,0.0,0.0
성서산단,2026-09-06,23:45,0.0,0.0
성서산단,2026-09-06,24:00,0.0,0.0
죽전,2026-09-04,00:15,198.0,792.0
죽전,2026-09-04,00:30,123.0,492.0
죽전,2026-09-04,00:45,111.0,444.0
죽전,2026-09-04,01:00,107.4,429.6
죽전,2026-09-04,01:15,123.6,494.4
죽전,2026-09-04,01:30,118.2,472.8
죽전,2026-09-04,01:45,121.2,484.8
죽전,2026-09-04,02:00,121.2,484.8
죽전,2026-09-04,02:15,118.2,472.8
죽전,2026-09-04,02:30,89.4,357.6
죽전,2026-09-04,02:45,95.4,381.6
죽전,2026-09-04,03:00,87.0,348.0
죽전,2026-09-04,03:15,102.0,408.0
죽전,2026-09-04,03:30,109.8,439.2
죽전,2026-09-04,03:45,115.8,463.2
죽전,2026-09-04,04:00,111.6,446.4
죽전,2026-09-04,04:15,108.0,432.0
죽전,2026-09-04,04:30,87.0,348.0
죽전,2026-09-04,04:45,144.6,578.4
죽전,2026-09-04,05:00,193.8,775.2
죽전,2026-09-04,05:15,243.6,974.4
죽전,2026-09-04,05:30,268.2,1072.8
죽전,2026-09-04,05:45,303.6,1214.4
죽전,2026-09-04,06:00,376.2,1504.8
죽전,2026-09-04,06:15,423.0,1692.0
죽전,2026-09-04,06:30,417.6,1670.4
죽전,2026-09-04,06:45,398.4,1593.6
죽전,2026-09-04,07:00,417.0,1668.0
죽전,2026-09-04,07:15,514.2,2056.8
죽전,2026-09-04,07:30,559.2,2236.8
죽전,2026-09-04,07:45,594.0,2376.0
죽전,2026-09-04,08:00,619.8,2479.2
죽전,2026-09-04,08:15,543.0,2172.0
죽전,2026-09-04,08:30,508.2,2032.8
죽전,2026-09-04,08:45,522.0,2088.0
죽전,2026-09-04,09:00,621.6,2486.4
죽전,2026-09-04,09:15,568.2,2272.8
죽전,2026-09-04,09:30,501.6,2006.4
죽전,2026-09-04,09:45,503.4,2013.6
죽전,2026-09-04,10:00,462.0,1848.0
죽전,2026-09-04,10:15,515.4,2061.6
죽전,2026-09-04,10:30,541.2,2164.8
죽전,2026-09-04,10:45,505.2,2020.8
죽전,2026-09-04,11:00,495.6,1982.4
죽전,2026-09-04,11:15,524.4,2097.6
죽전,2026-09-04,11:30,526.8,2107.2
죽전,2026-09-04,11:45,490.8,1963.2
죽전,2026-09-04,12:00,504.6,2018.4
죽전,2026-09-04,12:15,537.6,2150.4
죽전,2026-09-04,12:30,499.2,1996.8
죽전,2026-09-04,12:45,450.6,1802.4
죽전,2026-09-04,13:00,444.0,1776.0
죽전,2026-09-04,13:15,531.6,2126.4
죽전,2026-09-04,13:30,550.2,2200.8
죽전,2026-09-04,13:45,543.0,2172.0
죽전,2026-09-04,14:00,548.4,2193.6
죽전,2026-09-04,14:15,565.2,2260.8
죽전,2026-09-04,14:30,563.4,2253.6
죽전,2026-09-04,14:45,478.2,1912.8
죽전,2026-09-04,15:00,463.2,1852.8
죽전,2026-09-04,15:15,522.6,2090.4
죽전,2026-09-04,15:30,483.6,1934.4
죽전,2026-09-04,15:45,480.6,1922.4
죽전,2026-09-04,16:00,469.8,1879.2
죽전,2026-09-04,16:15,540.6,2162.4
죽전,2026-09-04,16:30,501.6,2006.4
죽전,2026-09-04,16:45,529.2,2116.8
죽전,2026-09-04,17:00,560.4,2241.6
죽전,2026-09-04,17:15,600.6,2402.4
죽전,2026-09-04,17:30,583.8,2335.2
죽전,2026-09-04,17:45,544.8,2179.2
죽전,2026-09-04,18:00,569.4,2277.6
죽전,2026-09-04,18:15,556.8,2227.2
죽전,2026-09-04,18:30,563.4,2253.6
죽전,2026-09-04,18:45,499.2,1996.8
죽전,2026-09-04,19:00,494.4,1977.6
죽전,2026-09-04,19:15,539.4,2157.6
죽전,2026-09-04,19:30,556.2,2224.8
죽전,2026-09-04,19:45,545.4,2181.6
죽전,2026-09-04,20:00,590.4,2361.6
죽전,2026-09-04,20:15,547.2,2188.8
죽전,2026-09-04,20:30,552.0,2208.0
죽전,2026-09-04,20:45,433.2,1732.8
죽전,2026-09-04,21:00,427.8,1711.2
죽전,2026-09-04,21:15,469.2,1876.8
죽전,2026-09-04,21:30,461.4,1845.6
죽전,2026-09-04,21:45,492.0,1968.0
죽전,2026-09-04,22:00,477.0,1908.0
죽전,2026-09-04,22:15,457.2,1828.8
죽전,2026-09-04,22:30,462.0,1848.0
죽전,2026-09-04,22:45,433.8,1735.2
죽전,2026-09-04,23:00,419.4,1677.6
죽전,2026-09-04,23:15,452.4,1809.6
죽전,2026-09-04,23:30,393.0,1572.0
죽전,2026-09-04,23:45,440.4,1761.6
죽전,2026-09-04,24:00,358.8,1435.2
죽전,2026-09-05,00:15,189.6,758.4
죽전,2026-09-05,00:30,97.8,391.2
죽전,2026-09-05,00:45,93.6,374.4
죽전,2026-09-05,01:00,94.8,379.2
죽전,2026-09-05,01:15,103.8,415.2
죽전,2026-09-05,01:30,106.2,424.8
죽전,2026-09-05,01:45,107.4,429.6
죽전,2026-09-05,02:00,103.2,412.8
죽전,2026-09-05,02:15,100.8,403.2
죽전,2026-09-05,02:30,90.0,360.0
죽전,2026-09-05,02:45,86.4,345.6
죽전,2026-09-05,03:00,85.8,343.2
죽전,2026-09-05,03:15,106.8,427.2
죽전,2026-09-05,03:30,108.0,432.0
죽전,2026-09-05,03:45,103.2,412.8
죽전,2026-09-05,04:00,105.0,420.0
죽전,2026-09-05,04:15,111.0,444.0
죽전,2026-09-05,04:30,90.6,362.4
죽전,2026-09-05,04:45,134.4,537.6
죽전,2026-09-05,05:00,174.6,698.4
죽전,2026-09-05,05:15,217.2,868.8
죽전,2026-09-05,05:30,235.8,943.2
죽전,2026-09-05,05:45,291.6,1166.4
죽전,2026-09-05,06:00,384.0,1536.0
죽전,2026-09-05,06:15,406.2,1624.8
죽전,2026-09-05,06:30,414.6,1658.4
죽전,2026-09-05,06:45,392.4,1569.6
죽전,2026-09-05,07:00,402.6,1610.4
죽전,2026-09-05,07:15,415.2,1660.8
죽전,2026-09-05,07:30,441.0,1764.0
죽전,2026-09-05,07:45,459.0,1836.0
죽전,2026-09-05,08:00,463.2,1852.8
죽전,2026-09-05,08:15,480.6,1922.4
죽전,2026-09-05,08:30,459.0,1836.0
죽전,2026-09-05,08:45,467.4,1869.6
죽전,2026-09-05,09:00,424.8,1699.2
죽전,2026-09-05,09:15,528.6,2114.4
죽전,2026-09-05,09:30,499.8,1999.2
죽전,2026-09-05,09:45,478.2,1912.8
죽전,2026-09-05,10:00,459.6,1838.4
죽전,2026-09-05,10:15,490.8,1963.2
죽전,2026-09-05,10:30,466.2,1864.8
죽전,2026-09-05,10:45,471.0,1884.0
죽전,2026-09-05,11:00,486.0,1944.0
죽전,2026-09-05,11:15,509.4,2037.6
죽전,2026-09-05,11:30,467.4,1869.6
죽전,2026-09-05,11:45,472.8,1891.2
죽전,2026-09-05,12:00,443.4,1773.6
죽전,2026-09-05,12:15,514.2,2056.8
죽전,2026-09-05,12:30,529.2,2116.8
죽전,2026-09-05,12:45,502.8,2011.2
죽전,2026-09-05,13:00,510.0,2040.0
죽전,2026-09-05,13:15,578.4,2313.6
죽전,2026-09-05,13:30,561.6,2246.4
죽전,2026-09-05,13:45,562.2,2248.8
죽전,2026-09-05,14:00,593.4,2373.6
죽전,2026-09-05,14:15,586.2,2344.8
죽전,2026-09-05,14:30,529.2,2116.8
죽전,2026-09-05,14:45,510.6,2042.4
죽전,2026-09-05,15:00,472.2,1888.8
죽전,2026-09-05,15:15,523.8,2095.2
죽전,2026-09-05,15:30,521.4,2085.6
죽전,2026-09-05,15:45,537.6,2150.4
죽전,2026-09-05,16:00,522.6,2090.4
죽전,2026-09-05,16:15,564.6,2258.4
죽전,2026-09-05,16:30,569.4,2277.6
죽전,2026-09-05,16:45,543.6,2174.4
죽전,2026-09-05,17:00,551.4,2205.6
죽전,2026-09-05,17:15,462.0,1848.0
죽전,2026-09-05,17:30,469.2,1876.8
죽전,2026-09-05,17:45,414.0,1656.0
죽전,2026-09-05,18:00,441.0,1764.0
죽전,2026-09-05,18:15,435.0,1740.0
죽전,2026-09-05,18:30,460.2,1840.8
죽전,2026-09-05,18:45,478.2,1912.8
죽전,2026-09-05,19:00,478.8,1915.2
죽전,2026-09-05,19:15,494.4,1977.6
죽전,2026-09-05,19:30,483.6,1934.4
죽전,2026-09-05,19:45,486.0,1944.0
죽전,2026-09-05,20:00,477.6,1910.4
죽전,2026-09-05,20:15,489.6,1958.4
죽전,2026-09-05,20:30,481.8,1927.2
죽전,2026-09-05,20:45,400.8,1603.2
죽전,2026-09-05,21:00,398.4,1593.6
죽전,2026-09-05,21:15,393.6,1574.4
죽전,2026-09-05,21:30,388.2,1552.8
죽전,2026-09-05,21:45,402.6,1610.4
죽전,2026-09-05,22:00,396.0,1584.0
죽전,2026-09-05,22:15,388.2,1552.8
죽전,2026-09-05,22:30,416.4,1665.6
죽전,2026-09-05,22:45,376.8,1507.2
죽전,2026-09-05,23:00,369.6,1478.4
죽전,2026-09-05,23:15,395.4,1581.6
죽전,2026-09-05,23:30,376.8,1507.2
죽전,2026-09-05,23:45,402.0,1608.0
죽전,2026-09-05,24:00,331.2,1324.8
죽전,2026-09-06,00:15,175.8,703.2
죽전,2026-09-06,00:30,106.8,427.2
죽전,2026-09-06,00:45,90.0,360.0
죽전,2026-09-06,01:00,85.8,343.2
죽전,2026-09-06,01:15,102.0,408.0
죽전,2026-09-06,01:30,102.6,410.4
죽전,2026-09-06,01:45,104.4,417.6
죽전,2026-09-06,02:00,102.0,408.0
죽전,2026-09-06,02:15,97.2,388.8
죽전,2026-09-06,02:30,87.6,350.4
죽전,2026-09-06,02:45,85.8,343.2
죽전,2026-09-06,03:00,78.6,314.4
죽전,2026-09-06,03:15,99.6,398.4
죽전,2026-09-06,03:30,103.2,412.8
죽전,2026-09-06,03:45,104.4,417.6
죽전,2026-09-06,04:00,105.6,422.4
죽전,2026-09-06,04:15,111.6,446.4
죽전,2026-09-06,04:30,96.0,384.0
죽전,2026-09-06,04:45,135.6,542.4
죽전,2026-09-06,05:00,171.0,684.0
죽전,2026-09-06,05:15,235.2,940.8
죽전,2026-09-06,05:30,241.8,967.2
죽전,2026-09-06,05:45,312.0,1248.0
죽전,2026-09-06,06:00,408.0,1632.0
죽전,2026-09-06,06:15,429.0,1716.0
죽전,2026-09-06,06:30,402.6,1610.4
죽전,2026-09-06,06:45,310.2,1240.8
죽전,2026-09-06,07:00,323.4,1293.6
죽전,2026-09-06,07:15,390.6,1562.4
죽전,2026-09-06,07:30,354.0,1416.0
죽전,2026-09-06,07:45,380.4,1521.6
죽전,2026-09-06,08:00,411.6,1646.4
죽전,2026-09-06,08:15,377.4,1509.6
죽전,2026-09-06,08:30,379.8,1519.2
죽전,2026-09-06,08:45,444.6,1778.4
죽전,2026-09-06,09:00,429.6,1718.4
죽전,2026-09-06,09:15,455.4,1821.6
죽전,2026-09-06,09:30,460.8,1843.2
죽전,2026-09-06,09:45,433.2,1732.8
죽전,2026-09-06,10:00,435.6,1742.4
죽전,2026-09-06,10:15,483.0,1932.0
죽전,2026-09-06,10:30,483.6,1934.4
죽전,2026-09-06,10:45,418.8,1675.2
죽전,2026-09-06,11:00,444.0,1776.0
죽전,2026-09-06,11:15,469.2,1876.8
죽전,2026-09-06,11:30,449.4,1797.6
죽전,2026-09-06,11:45,508.2,2032.8
죽전,2026-09-06,12:00,536.4,2145.6
죽전,2026-09-06,12:15,537.6,2150.4
죽전,2026-09-06,12:30,543.6,2174.4
죽전,2026-09-06,12:45,514.2,2056.8
죽전,2026-09-06,13:00,459.0,1836.0
죽전,2026-09-06,13:15,538.8,2155.2
죽전,2026-09-06,13:30,510.0,2040.0
죽전,2026-09-06,13:45,555.6,2222.4
죽전,2026-09-06,14:00,547.2,2188.8
죽전,2026-09-06,14:15,576.6,2306.4
죽전,2026-09-06,14:30,534.6,2138.4
죽전,2026-09-06,14:45,0.0,0.0
죽전,2026-09-06,15:00,0.0,0.0
죽전,2026-09-06,15:15,520.2,2080.8
죽전,2026-09-06,15:30,493.2,1972.8
죽전,2026-09-06,15:45,527.4,2109.6
죽전,2026-09-06,16:00,518.4,2073.6
죽전,2026-09-06,16:15,579.6,2318.4
죽전,2026-09-06,16:30,578.4,2313.6
죽전,2026-09-06,16:45,567.0,2268.0
죽전,2026-09-06,17:00,546.6,2186.4
죽전,2026-09-06,17:15,577.2,2308.8
죽전,2026-09-06,17:30,557.4,2229.6
죽전,2026-09-06,17:45,543.0,2172.0
죽전,2026-09-06,18:00,544.2,2176.8
죽전,2026-09-06,18:15,543.6,2174.4
죽전,2026-09-06,18:30,0.0,0.0
죽전,2026-09-06,18:45,0.0,0.0
죽전,2026-09-06,19:00,0.0,0.0
죽전,2026-09-06,19:15,0.0,0.0
죽전,2026-09-06,19:30,0.0,0.0
죽전,2026-09-06,19:45,0.0,0.0
죽전,2026-09-06,20:00,0.0,0.0
죽전,2026-09-06,20:15,0.0,0.0
죽전,2026-09-06,20:30,0.0,0.0
죽전,2026-09-06,20:45,0.0,0.0
죽전,2026-09-06,21:00,0.0,0.0
죽전,2026-09-06,21:15,0.0,0.0
죽전,2026-09-06,21:30,0.0,0.0
죽전,2026-09-06,21:45,0.0,0.0
죽전,2026-09-06,22:00,0.0,0.0
죽전,2026-09-06,22:15,0.0,0.0
죽전,2026-09-06,22:30,0.0,0.0
죽전,2026-09-06,22:45,0.0,0.0
죽전,2026-09-06,23:00,0.0,0.0
죽전,2026-09-06,23:15,0.0,0.0
죽전,2026-09-06,23:30,0.0,0.0
죽전,2026-09-06,23:45,0.0,0.0
죽전,2026-09-06,24:00,0.0,0.0
반고개,2026-09-04,00:15,127.8,511.2
반고개,2026-09-04,00:30,111.0,444.0
반고개,2026-09-04,00:45,100.8,403.2
반고개,2026-09-04,01:00,102.0,408.0
반고개,2026-09-04,01:15,126.0,504.0
반고개,2026-09-04,01:30,120.6,482.4
반고개,2026-09-04,01:45,118.8,475.2
반고개,2026-09-04,02:00,115.2,460.8
반고개,2026-09-04,02:15,120.6,482.4
반고개,2026-09-04,02:30,108.0,432.0
반고개,2026-09-04,02:45,103.2,412.8
반고개,2026-09-04,03:00,99.0,396.0
반고개,2026-09-04,03:15,112.8,451.2
반고개,2026-09-04,03:30,112.2,448.8
반고개,2026-09-04,03:45,117.0,468.0
반고개,2026-09-04,04:00,112.8,451.2
반고개,2026-09-04,04:15,120.0,480.0
반고개,2026-09-04,04:30,101.4,405.6
반고개,2026-09-04,04:45,91.8,367.2
반고개,2026-09-04,05:00,115.8,463.2
반고개,2026-09-04,05:15,134.4,537.6
반고개,2026-09-04,05:30,147.0,588.0
반고개,2026-09-04,05:45,168.6,674.4
반고개,2026-09-04,06:00,190.8,763.2
반고개,2026-09-04,06:15,261.0,1044.0
반고개,2026-09-04,06:30,228.0,912.0
반고개,2026-09-04,06:45,230.4,921.6
반고개,2026-09-04,07:00,237.0,948.0
반고개,2026-09-04,07:15,258.0,1032.0
반고개,2026-09-04,07:30,272.4,1089.6
반고개,2026-09-04,07:45,403.8,1615.2
반고개,2026-09-04,08:00,448.8,1795.2
반고개,2026-09-04,08:15,463.2,1852.8
반고개,2026-09-04,08:30,523.2,2092.8
반고개,2026-09-04,08:45,516.0,2064.0
반고개,2026-09-04,09:00,471.0,1884.0
반고개,2026-09-04,09:15,429.0,1716.0
반고개,2026-09-04,09:30,420.6,1682.4
반고개,2026-09-04,09:45,421.8,1687.2
반고개,2026-09-04,10:00,455.4,1821.6
반고개,2026-09-04,10:15,482.4,1929.6
반고개,2026-09-04,10:30,412.2,1648.8
반고개,2026-09-04,10:45,433.8,1735.2
반고개,2026-09-04,11:00,444.0,1776.0
반고개,2026-09-04,11:15,414.0,1656.0
반고개,2026-09-04,11:30,416.4,1665.6
반고개,2026-09-04,11:45,430.2,1720.8
반고개,2026-09-04,12:00,393.0,1572.0
반고개,2026-09-04,12:15,396.6,1586.4
반고개,2026-09-04,12:30,432.0,1728.0
반고개,2026-09-04,12:45,469.8,1879.2
반고개,2026-09-04,13:00,451.2,1804.8
반고개,2026-09-04,13:15,420.0,1680.0
반고개,2026-09-04,13:30,397.2,1588.8
반고개,2026-09-04,13:45,463.8,1855.2
반고개,2026-09-04,14:00,477.6,1910.4
반고개,2026-09-04,14:15,479.4,1917.6
반고개,2026-09-04,14:30,429.0,1716.0
반고개,2026-09-04,14:45,450.6,1802.4
반고개,2026-09-04,15:00,400.8,1603.2
반고개,2026-09-04,15:15,463.8,1855.2
반고개,2026-09-04,15:30,467.4,1869.6
반고개,2026-09-04,15:45,491.4,1965.6
반고개,2026-09-04,16:00,519.0,2076.0
반고개,2026-09-04,16:15,504.0,2016.0
반고개,2026-09-04,16:30,511.2,2044.8
반고개,2026-09-04,16:45,523.2,2092.8
반고개,2026-09-04,17:00,545.4,2181.6
반고개,2026-09-04,17:15,584.4,2337.6
반고개,2026-09-04,17:30,565.8,2263.2
반고개,2026-09-04,17:45,521.4,2085.6
반고개,2026-09-04,18:00,532.8,2131.2
반고개,2026-09-04,18:15,533.4,2133.6
반고개,2026-09-04,18:30,531.6,2126.4
반고개,2026-09-04,18:45,491.4,1965.6
반고개,2026-09-04,19:00,489.6,1958.4
반고개,2026-09-04,19:15,502.8,2011.2
반고개,2026-09-04,19:30,513.0,2052.0
반고개,2026-09-04,19:45,483.6,1934.4
반고개,2026-09-04,20:00,445.8,1783.2
반고개,2026-09-04,20:15,455.4,1821.6
반고개,2026-09-04,20:30,439.8,1759.2
반고개,2026-09-04,20:45,410.4,1641.6
반고개,2026-09-04,21:00,402.0,1608.0
반고개,2026-09-04,21:15,393.0,1572.0
반고개,2026-09-04,21:30,429.0,1716.0
반고개,2026-09-04,21:45,441.0,1764.0
반고개,2026-09-04,22:00,418.2,1672.8
반고개,2026-09-04,22:15,351.0,1404.0
반고개,2026-09-04,22:30,304.8,1219.2
반고개,2026-09-04,22:45,261.0,1044.0
반고개,2026-09-04,23:00,275.4,1101.6
반고개,2026-09-04,23:15,279.0,1116.0
반고개,2026-09-04,23:30,298.8,1195.2
반고개,2026-09-04,23:45,313.2,1252.8
반고개,2026-09-04,24:00,261.6,1046.4
반고개,2026-09-05,00:15,117.6,470.4
반고개,2026-09-05,00:30,106.8,427.2
반고개,2026-09-05,00:45,99.0,396.0
반고개,2026-09-05,01:00,92.4,369.6
반고개,2026-09-05,01:15,105.6,422.4
반고개,2026-09-05,01:30,101.4,405.6
반고개,2026-09-05,01:45,113.4,453.6
반고개,2026-09-05,02:00,113.4,453.6
반고개,2026-09-05,02:15,107.4,429.6
반고개,2026-09-05,02:30,89.4,357.6
반고개,2026-09-05,02:45,93.6,374.4
반고개,2026-09-05,03:00,92.4,369.6
반고개,2026-09-05,03:15,102.0,408.0
반고개,2026-09-05,03:30,102.0,408.0
반고개,2026-09-05,03:45,100.2,400.8
반고개,2026-09-05,04:00,105.0,420.0
반고개,2026-09-05,04:15,117.0,468.0
반고개,2026-09-05,04:30,90.0,360.0
반고개,2026-09-05,04:45,94.8,379.2
반고개,2026-09-05,05:00,95.4,381.6
반고개,2026-09-05,05:15,129.6,518.4
반고개,2026-09-05,05:30,157.2,628.8
반고개,2026-09-05,05:45,177.6,710.4
반고개,2026-09-05,06:00,192.6,770.4
반고개,2026-09-05,06:15,264.6,1058.4
반고개,2026-09-05,06:30,229.2,916.8
반고개,2026-09-05,06:45,248.4,993.6
반고개,2026-09-05,07:00,233.4,933.6
반고개,2026-09-05,07:15,270.6,1082.4
반고개,2026-09-05,07:30,285.0,1140.0
반고개,2026-09-05,07:45,399.0,1596.0
반고개,2026-09-05,08:00,424.8,1699.2
반고개,2026-09-05,08:15,407.4,1629.6
반고개,2026-09-05,08:30,416.4,1665.6
반고개,2026-09-05,08:45,466.8,1867.2
반고개,2026-09-05,09:00,420.0,1680.0
반고개,2026-09-05,09:15,369.0,1476.0
반고개,2026-09-05,09:30,394.8,1579.2
반고개,2026-09-05,09:45,406.8,1627.2
반고개,2026-09-05,10:00,415.8,1663.2
반고개,2026-09-05,10:15,393.0,1572.0
반고개,2026-09-05,10:30,394.2,1576.8
반고개,2026-09-05,10:45,424.2,1696.8
반고개,2026-09-05,11:00,443.4,1773.6
반고개,2026-09-05,11:15,449.4,1797.6
반고개,2026-09-05,11:30,441.0,1764.0
반고개,2026-09-05,11:45,424.2,1696.8
반고개,2026-09-05,12:00,378.6,1514.4
반고개,2026-09-05,12:15,426.6,1706.4
반고개,2026-09-05,12:30,436.8,1747.2
반고개,2026-09-05,12:45,409.2,1636.8
반고개,2026-09-05,13:00,433.2,1732.8
반고개,2026-09-05,13:15,454.2,1816.8
반고개,2026-09-05,13:30,412.8,1651.2
반고개,2026-09-05,13:45,454.2,1816.8
반고개,2026-09-05,14:00,529.2,2116.8
반고개,2026-09-05,14:15,528.0,2112.0
반고개,2026-09-05,14:30,509.4,2037.6
반고개,2026-09-05,14:45,456.6,1826.4
반고개,2026-09-05,15:00,477.0,1908.0
반고개,2026-09-05,15:15,475.8,1903.2
반고개,2026-09-05,15:30,495.6,1982.4
반고개,2026-09-05,15:45,503.4,2013.6
반고개,2026-09-05,16:00,506.4,2025.6
반고개,2026-09-05,16:15,475.8,1903.2
반고개,2026-09-05,16:30,505.8,2023.2
반고개,2026-09-05,16:45,498.0,1992.0
반고개,2026-09-05,17:00,498.6,1994.4
반고개,2026-09-05,17:15,525.6,2102.4
반고개,2026-09-05,17:30,535.2,2140.8
반고개,2026-09-05,17:45,493.8,1975.2
반고개,2026-09-05,18:00,502.8,2011.2
반고개,2026-09-05,18:15,480.0,1920.0
반고개,2026-09-05,18:30,538.8,2155.2
반고개,2026-09-05,18:45,492.6,1970.4
반고개,2026-09-05,19:00,503.4,2013.6
반고개,2026-09-05,19:15,551.4,2205.6
반고개,2026-09-05,19:30,534.0,2136.0
반고개,2026-09-05,19:45,532.2,2128.8
반고개,2026-09-05,20:00,509.4,2037.6
반고개,2026-09-05,20:15,529.8,2119.2
반고개,2026-09-05,20:30,507.0,2028.0
반고개,2026-09-05,20:45,436.8,1747.2
반고개,2026-09-05,21:00,475.2,1900.8
반고개,2026-09-05,21:15,459.0,1836.0
반고개,2026-09-05,21:30,433.2,1732.8
반고개,2026-09-05,21:45,469.8,1879.2
반고개,2026-09-05,22:00,445.8,1783.2
반고개,2026-09-05,22:15,376.2,1504.8
반고개,2026-09-05,22:30,348.0,1392.0
반고개,2026-09-05,22:45,332.4,1329.6
반고개,2026-09-05,23:00,321.6,1286.4
반고개,2026-09-05,23:15,341.4,1365.6
반고개,2026-09-05,23:30,334.8,1339.2
반고개,2026-09-05,23:45,358.2,1432.8
반고개,2026-09-05,24:00,309.6,1238.4
반고개,2026-09-06,00:15,128.4,513.6
반고개,2026-09-06,00:30,116.4,465.6
반고개,2026-09-06,00:45,94.2,376.8
반고개,2026-09-06,01:00,93.0,372.0
반고개,2026-09-06,01:15,114.0,456.0
반고개,2026-09-06,01:30,103.8,415.2
반고개,2026-09-06,01:45,105.6,422.4
반고개,2026-09-06,02:00,105.0,420.0
반고개,2026-09-06,02:15,101.4,405.6
반고개,2026-09-06,02:30,100.2,400.8
반고개,2026-09-06,02:45,91.2,364.8
반고개,2026-09-06,03:00,80.4,321.6
반고개,2026-09-06,03:15,99.6,398.4
반고개,2026-09-06,03:30,101.4,405.6
반고개,2026-09-06,03:45,111.0,444.0
반고개,2026-09-06,04:00,104.4,417.6
반고개,2026-09-06,04:15,102.6,410.4
반고개,2026-09-06,04:30,88.2,352.8
반고개,2026-09-06,04:45,100.2,400.8
반고개,2026-09-06,05:00,94.8,379.2
반고개,2026-09-06,05:15,132.0,528.0
반고개,2026-09-06,05:30,150.6,602.4
반고개,2026-09-06,05:45,173.4,693.6
반고개,2026-09-06,06:00,202.8,811.2
반고개,2026-09-06,06:15,248.4,993.6
반고개,2026-09-06,06:30,243.6,974.4
반고개,2026-09-06,06:45,267.6,1070.4
반고개,2026-09-06,07:00,274.8,1099.2
반고개,2026-09-06,07:15,306.0,1224.0
반고개,2026-09-06,07:30,301.8,1207.2
반고개,2026-09-06,07:45,394.2,1576.8
반고개,2026-09-06,08:00,401.4,1605.6
반고개,2026-09-06,08:15,409.8,1639.2
반고개,2026-09-06,08:30,414.6,1658.4
반고개,2026-09-06,08:45,404.4,1617.6
반고개,2026-09-06,09:00,460.8,1843.2
반고개,2026-09-06,09:15,415.8,1663.2
반고개,2026-09-06,09:30,392.4,1569.6
반고개,2026-09-06,09:45,384.6,1538.4
반고개,2026-09-06,10:00,382.2,1528.8
반고개,2026-09-06,10:15,405.0,1620.0
반고개,2026-09-06,10:30,395.4,1581.6
반고개,2026-09-06,10:45,406.2,1624.8
반고개,2026-09-06,11:00,457.2,1828.8
반고개,2026-09-06,11:15,424.8,1699.2
반고개,2026-09-06,11:30,409.2,1636.8
반고개,2026-09-06,11:45,397.2,1588.8
반고개,2026-09-06,12:00,363.0,1452.0
반고개,2026-09-06,12:15,374.4,1497.6
반고개,2026-09-06,12:30,375.6,1502.4
반고개,2026-09-06,12:45,385.2,1540.8
반고개,2026-09-06,13:00,357.0,1428.0
반고개,2026-09-06,13:15,352.8,1411.2
반고개,2026-09-06,13:30,351.6,1406.4
반고개,2026-09-06,13:45,402.0,1608.0
반고개,2026-09-06,14:00,431.4,1725.6
반고개,2026-09-06,14:15,428.4,1713.6
반고개,2026-09-06,14:30,413.4,1653.6
반고개,2026-09-06,14:45,389.4,1557.6
반고개,2026-09-06,15:00,350.4,1401.6
반고개,2026-09-06,15:15,390.6,1562.4
반고개,2026-09-06,15:30,372.6,1490.4
반고개,2026-09-06,15:45,431.4,1725.6
반고개,2026-09-06,16:00,445.2,1780.8
반고개,2026-09-06,16:15,426.0,1704.0
반고개,2026-09-06,16:30,442.2,1768.8
반고개,2026-09-06,16:45,439.8,1759.2
반고개,2026-09-06,17:00,424.8,1699.2
반고개,2026-09-06,17:15,448.2,1792.8
반고개,2026-09-06,17:30,417.6,1670.4
반고개,2026-09-06,17:45,381.0,1524.0
반고개,2026-09-06,18:00,370.2,1480.8
반고개,2026-09-06,18:15,390.0,1560.0
반고개,2026-09-06,18:30,0.0,0.0
반고개,2026-09-06,18:45,0.0,0.0
반고개,2026-09-06,19:00,0.0,0.0
반고개,2026-09-06,19:15,0.0,0.0
반고개,2026-09-06,19:30,0.0,0.0
반고개,2026-09-06,19:45,0.0,0.0
반고개,2026-09-06,20:00,0.0,0.0
반고개,2026-09-06,20:15,0.0,0.0
반고개,2026-09-06,20:30,0.0,0.0
반고개,2026-09-06,20:45,0.0,0.0
반고개,2026-09-06,21:00,0.0,0.0
반고개,2026-09-06,21:15,0.0,0.0
반고개,2026-09-06,21:30,0.0,0.0
반고개,2026-09-06,21:45,0.0,0.0
반고개,2026-09-06,22:00,0.0,0.0
반고개,2026-09-06,22:15,0.0,0.0
반고개,2026-09-06,22:30,0.0,0.0
반고개,2026-09-06,22:45,0.0,0.0
반고개,2026-09-06,23:00,0.0,0.0
반고개,2026-09-06,23:15,0.0,0.0
반고개,2026-09-06,23:30,0.0,0.0
반고개,2026-09-06,23:45,0.0,0.0
반고개,2026-09-06,24:00,0.0,0.0
대구은행,2026-09-04,00:15,90.7,362.9
대구은행,2026-09-04,00:30,81.1,324.5
대구은행,2026-09-04,00:45,72.5,289.9
대구은행,2026-09-04,01:00,72.0,288.0
대구은행,2026-09-04,01:15,79.2,316.8
대구은행,2026-09-04,01:30,80.6,322.6
대구은행,2026-09-04,01:45,82.1,328.3
대구은행,2026-09-04,02:00,81.1,324.5
대구은행,2026-09-04,02:15,90.7,362.9
대구은행,2026-09-04,02:30,62.4,249.6
대구은행,2026-09-04,02:45,68.2,272.6
대구은행,2026-09-04,03:00,71.5,286.1
대구은행,2026-09-04,03:15,80.2,320.6
대구은행,2026-09-04,03:30,82.6,330.2
대구은행,2026-09-04,03:45,77.3,309.1
대구은행,2026-09-04,04:00,84.0,336.0
대구은행,2026-09-04,04:15,82.1,328.3
대구은행,2026-09-04,04:30,70.1,280.3
대구은행,2026-09-04,04:45,73.0,291.8
대구은행,2026-09-04,05:00,74.4,297.6
대구은행,2026-09-04,05:15,95.0,380.2
대구은행,2026-09-04,05:30,115.2,460.8
대구은행,2026-09-04,05:45,163.7,654.7
대구은행,2026-09-04,06:00,224.6,898.6
대구은행,2026-09-04,06:15,253.9,1015.7
대구은행,2026-09-04,06:30,231.4,925.4
대구은행,2026-09-04,06:45,269.3,1077.1
대구은행,2026-09-04,07:00,248.2,992.6
대구은행,2026-09-04,07:15,280.3,1121.3
대구은행,2026-09-04,07:30,290.4,1161.6
대구은행,2026-09-04,07:45,331.7,1326.7
대구은행,2026-09-04,08:00,365.8,1463.0
대구은행,2026-09-04,08:15,387.4,1549.4
대구은행,2026-09-04,08:30,400.3,1601.3
대구은행,2026-09-04,08:45,390.7,1562.9
대구은행,2026-09-04,09:00,397.4,1589.8
대구은행,2026-09-04,09:15,393.6,1574.4
대구은행,2026-09-04,09:30,425.3,1701.1
대구은행,2026-09-04,09:45,378.2,1513.0
대구은행,2026-09-04,10:00,408.0,1632.0
대구은행,2026-09-04,10:15,408.5,1633.9
대구은행,2026-09-04,10:30,378.7,1514.9
대구은행,2026-09-04,10:45,328.3,1313.3
대구은행,2026-09-04,11:00,304.3,1217.3
대구은행,2026-09-04,11:15,302.9,1211.5
대구은행,2026-09-04,11:30,358.6,1434.2
대구은행,2026-09-04,11:45,325.4,1301.8
대구은행,2026-09-04,12:00,347.5,1390.1
대구은행,2026-09-04,12:15,382.1,1528.3
대구은행,2026-09-04,12:30,342.7,1370.9
대구은행,2026-09-04,12:45,350.9,1403.5
대구은행,2026-09-04,13:00,304.3,1217.3
대구은행,2026-09-04,13:15,348.5,1393.9
대구은행,2026-09-04,13:30,359.5,1438.1
대구은행,2026-09-04,13:45,352.8,1411.2
대구은행,2026-09-04,14:00,315.8,1263.4
대구은행,2026-09-04,14:15,296.2,1184.6
대구은행,2026-09-04,14:30,350.4,1401.6
대구은행,2026-09-04,14:45,368.2,1472.6
대구은행,2026-09-04,15:00,382.6,1530.2
대구은행,2026-09-04,15:15,369.1,1476.5
대구은행,2026-09-04,15:30,308.6,1234.6
대구은행,2026-09-04,15:45,334.6,1338.2
대구은행,2026-09-04,16:00,359.0,1436.2
대구은행,2026-09-04,16:15,253.4,1013.8
대구은행,2026-09-04,16:30,288.0,1152.0
대구은행,2026-09-04,16:45,265.0,1059.8
대구은행,2026-09-04,17:00,260.2,1040.6
대구은행,2026-09-04,17:15,327.8,1311.4
대구은행,2026-09-04,17:30,331.2,1324.8
대구은행,2026-09-04,17:45,348.0,1392.0
대구은행,2026-09-04,18:00,334.6,1338.2
대구은행,2026-09-04,18:15,316.3,1265.3
대구은행,2026-09-04,18:30,332.6,1330.6
대구은행,2026-09-04,18:45,295.2,1180.8
대구은행,2026-09-04,19:00,276.0,1104.0
대구은행,2026-09-04,19:15,290.9,1163.5
대구은행,2026-09-04,19:30,278.4,1113.6
대구은행,2026-09-04,19:45,316.3,1265.3
대구은행,2026-09-04,20:00,287.5,1150.1
대구은행,2026-09-04,20:15,229.9,919.7
대구은행,2026-09-04,20:30,224.6,898.6
대구은행,2026-09-04,20:45,184.8,739.2
대구은행,2026-09-04,21:00,178.1,712.3
대구은행,2026-09-04,21:15,172.3,689.3
대구은행,2026-09-04,21:30,215.0,860.2
대구은행,2026-09-04,21:45,200.6,802.6
대구은행,2026-09-04,22:00,211.2,844.8
대구은행,2026-09-04,22:15,229.4,917.8
대구은행,2026-09-04,22:30,221.8,887.0
대구은행,2026-09-04,22:45,184.3,737.3
대구은행,2026-09-04,23:00,162.7,650.9
대구은행,2026-09-04,23:15,158.9,635.5
대구은행,2026-09-04,23:30,178.6,714.2
대구은행,2026-09-04,23:45,205.9,823.7
대구은행,2026-09-04,24:00,164.6,658.6
대구은행,2026-09-05,00:15,95.5,382.1
대구은행,2026-09-05,00:30,82.6,330.2
대구은행,2026-09-05,00:45,74.9,299.5
대구은행,2026-09-05,01:00,63.8,255.4
대구은행,2026-09-05,01:15,75.4,301.4
대구은행,2026-09-05,01:30,89.3,357.1
대구은행,2026-09-05,01:45,78.2,313.0
대구은행,2026-09-05,02:00,78.7,314.9
대구은행,2026-09-05,02:15,73.9,295.7
대구은행,2026-09-05,02:30,73.9,295.7
대구은행,2026-09-05,02:45,72.0,288.0
대구은행,2026-09-05,03:00,63.8,255.4
대구은행,2026-09-05,03:15,74.9,299.5
대구은행,2026-09-05,03:30,82.6,330.2
대구은행,2026-09-05,03:45,82.6,330.2
대구은행,2026-09-05,04:00,76.3,305.3
대구은행,2026-09-05,04:15,77.8,311.0
대구은행,2026-09-05,04:30,72.0,288.0
대구은행,2026-09-05,04:45,73.4,293.8
대구은행,2026-09-05,05:00,70.6,282.2
대구은행,2026-09-05,05:15,91.7,366.7
대구은행,2026-09-05,05:30,108.5,433.9
대구은행,2026-09-05,05:45,114.7,458.9
대구은행,2026-09-05,06:00,151.7,606.7
대구은행,2026-09-05,06:15,203.5,814.1
대구은행,2026-09-05,06:30,147.4,589.4
대구은행,2026-09-05,06:45,160.3,641.3
대구은행,2026-09-05,07:00,161.8,647.0
대구은행,2026-09-05,07:15,197.8,791.0
대구은행,2026-09-05,07:30,215.5,862.1
대구은행,2026-09-05,07:45,214.6,858.2
대구은행,2026-09-05,08:00,234.7,938.9
대구은행,2026-09-05,08:15,225.6,902.4
대구은행,2026-09-05,08:30,231.8,927.4
대구은행,2026-09-05,08:45,253.4,1013.8
대구은행,2026-09-05,09:00,284.2,1136.6
대구은행,2026-09-05,09:15,343.7,1374.7
대구은행,2026-09-05,09:30,349.9,1399.7
대구은행,2026-09-05,09:45,318.2,1273.0
대구은행,2026-09-05,10:00,336.5,1345.9
대구은행,2026-09-05,10:15,366.2,1465.0
대구은행,2026-09-05,10:30,334.1,1336.3
대구은행,2026-09-05,10:45,283.7,1134.7
대구은행,2026-09-05,11:00,277.0,1107.8
대구은행,2026-09-05,11:15,298.1,1192.3
대구은행,2026-09-05,11:30,299.0,1196.2
대구은행,2026-09-05,11:45,273.1,1092.5
대구은행,2026-09-05,12:00,332.6,1330.6
대구은행,2026-09-05,12:15,383.5,1534.1
대구은행,2026-09-05,12:30,405.6,1622.4
대구은행,2026-09-05,12:45,388.8,1555.2
대구은행,2026-09-05,13:00,385.4,1541.8
대구은행,2026-09-05,13:15,389.3,1557.1
대구은행,2026-09-05,13:30,356.6,1426.6
대구은행,2026-09-05,13:45,361.9,1447.7
대구은행,2026-09-05,14:00,356.6,1426.6
대구은행,2026-09-05,14:15,342.2,1369.0
대구은행,2026-09-05,14:30,324.5,1297.9
대구은행,2026-09-05,14:45,360.0,1440.0
대구은행,2026-09-05,15:00,343.2,1372.8
대구은행,2026-09-05,15:15,347.0,1388.2
대구은행,2026-09-05,15:30,347.0,1388.2
대구은행,2026-09-05,15:45,332.2,1328.6
대구은행,2026-09-05,16:00,326.4,1305.6
대구은행,2026-09-05,16:15,248.2,992.6
대구은행,2026-09-05,16:30,263.0,1052.2
대구은행,2026-09-05,16:45,269.8,1079.0
대구은행,2026-09-05,17:00,245.8,983.0
대구은행,2026-09-05,17:15,315.8,1263.4
대구은행,2026-09-05,17:30,315.4,1261.4
대구은행,2026-09-05,17:45,377.3,1509.1
대구은행,2026-09-05,18:00,300.5,1201.9
대구은행,2026-09-05,18:15,277.0,1107.8
대구은행,2026-09-05,18:30,319.7,1278.7
대구은행,2026-09-05,18:45,254.9,1019.5
대구은행,2026-09-05,19:00,313.4,1253.8
대구은행,2026-09-05,19:15,333.6,1334.4
대구은행,2026-09-05,19:30,304.8,1219.2
대구은행,2026-09-05,19:45,328.8,1315.2
대구은행,2026-09-05,20:00,347.5,1390.1
대구은행,2026-09-05,20:15,301.0,1203.8
대구은행,2026-09-05,20:30,301.9,1207.7
대구은행,2026-09-05,20:45,227.5,910.1
대구은행,2026-09-05,21:00,190.6,762.2
대구은행,2026-09-05,21:15,192.5,769.9
대구은행,2026-09-05,21:30,204.5,817.9
대구은행,2026-09-05,21:45,191.0,764.2
대구은행,2026-09-05,22:00,213.1,852.5
대구은행,2026-09-05,22:15,233.8,935.0
대구은행,2026-09-05,22:30,231.8,927.4
대구은행,2026-09-05,22:45,215.0,860.2
대구은행,2026-09-05,23:00,191.5,766.1
대구은행,2026-09-05,23:15,192.5,769.9
대구은행,2026-09-05,23:30,159.8,639.4
대구은행,2026-09-05,23:45,183.4,733.4
대구은행,2026-09-05,24:00,147.8,591.4
대구은행,2026-09-06,00:15,89.8,359.0
대구은행,2026-09-06,00:30,84.0,336.0
대구은행,2026-09-06,00:45,64.8,259.2
대구은행,2026-09-06,01:00,61.4,245.8
대구은행,2026-09-06,01:15,79.2,316.8
대구은행,2026-09-06,01:30,77.8,311.0
대구은행,2026-09-06,01:45,83.0,332.2
대구은행,2026-09-06,02:00,73.4,293.8
대구은행,2026-09-06,02:15,74.9,299.5
대구은행,2026-09-06,02:30,71.0,284.2
대구은행,2026-09-06,02:45,64.3,257.3
대구은행,2026-09-06,03:00,64.8,259.2
대구은행,2026-09-06,03:15,76.8,307.2
대구은행,2026-09-06,03:30,83.0,332.2
대구은행,2026-09-06,03:45,75.8,303.4
대구은행,2026-09-06,04:00,68.2,272.6
대구은행,2026-09-06,04:15,74.4,297.6
대구은행,2026-09-06,04:30,73.4,293.8
대구은행,2026-09-06,04:45,71.5,286.1
대구은행,2026-09-06,05:00,69.1,276.5
대구은행,2026-09-06,05:15,92.2,368.6
대구은행,2026-09-06,05:30,105.1,420.5
대구은행,2026-09-06,05:45,110.4,441.6
대구은행,2026-09-06,06:00,136.8,547.2
대구은행,2026-09-06,06:15,182.9,731.5
대구은행,2026-09-06,06:30,143.5,574.1
대구은행,2026-09-06,06:45,167.0,668.2
대구은행,2026-09-06,07:00,167.0,668.2
대구은행,2026-09-06,07:15,197.8,791.0
대구은행,2026-09-06,07:30,229.0,915.8
대구은행,2026-09-06,07:45,200.6,802.6
대구은행,2026-09-06,08:00,213.6,854.4
대구은행,2026-09-06,08:15,218.9,875.5
대구은행,2026-09-06,08:30,205.9,823.7
대구은행,2026-09-06,08:45,187.7,750.7
대구은행,2026-09-06,09:00,228.0,912.0
대구은행,2026-09-06,09:15,279.4,1117.4
대구은행,2026-09-06,09:30,291.4,1165.4
대구은행,2026-09-06,09:45,283.2,1132.8
대구은행,2026-09-06,10:00,306.7,1226.9
대구은행,2026-09-06,10:15,367.7,1470.7
대구은행,2026-09-06,10:30,350.9,1403.5
대구은행,2026-09-06,10:45,275.5,1102.1
대구은행,2026-09-06,11:00,242.4,969.6
대구은행,2026-09-06,11:15,268.8,1075.2
대구은행,2026-09-06,11:30,278.4,1113.6
대구은행,2026-09-06,11:45,259.7,1038.7
대구은행,2026-09-06,12:00,309.6,1238.4
대구은행,2026-09-06,12:15,299.5,1198.1
대구은행,2026-09-06,12:30,331.2,1324.8
대구은행,2026-09-06,12:45,357.6,1430.4
대구은행,2026-09-06,13:00,368.6,1474.6
대구은행,2026-09-06,13:15,394.1,1576.3
대구은행,2026-09-06,13:30,406.1,1624.3
대구은행,2026-09-06,13:45,344.6,1378.6
대구은행,2026-09-06,14:00,334.1,1336.3
대구은행,2026-09-06,14:15,322.6,1290.2
대구은행,2026-09-06,14:30,331.2,1324.8
대구은행,2026-09-06,14:45,292.8,1171.2
대구은행,2026-09-06,15:00,299.0,1196.2
대구은행,2026-09-06,15:15,335.0,1340.2
대구은행,2026-09-06,15:30,363.4,1453.4
대구은행,2026-09-06,15:45,380.2,1520.6
대구은행,2026-09-06,16:00,375.4,1501.4
대구은행,2026-09-06,16:15,297.6,1190.4
대구은행,2026-09-06,16:30,277.4,1109.8
대구은행,2026-09-06,16:45,277.0,1107.8
대구은행,2026-09-06,17:00,274.6,1098.2
대구은행,2026-09-06,17:15,316.8,1267.2
대구은행,2026-09-06,17:30,314.9,1259.5
대구은행,2026-09-06,17:45,315.8,1263.4
대구은행,2026-09-06,18:00,281.3,1125.1
대구은행,2026-09-06,18:15,316.8,1267.2
대구은행,2026-09-06,18:30,0.0,0.0
대구은행,2026-09-06,18:45,0.0,0.0
대구은행,2026-09-06,19:00,0.0,0.0
대구은행,2026-09-06,19:15,0.0,0.0
대구은행,2026-09-06,19:30,0.0,0.0
대구은행,2026-09-06,19:45,0.0,0.0
대구은행,2026-09-06,20:00,0.0,0.0
대구은행,2026-09-06,20:15,0.0,0.0
대구은행,2026-09-06,20:30,0.0,0.0
대구은행,2026-09-06,20:45,0.0,0.0
대구은행,2026-09-06,21:00,0.0,0.0
대구은행,2026-09-06,21:15,0.0,0.0
대구은행,2026-09-06,21:30,0.0,0.0
대구은행,2026-09-06,21:45,0.0,0.0
대구은행,2026-09-06,22:00,0.0,0.0
대구은행,2026-09-06,22:15,0.0,0.0
대구은행,2026-09-06,22:30,0.0,0.0
대구은행,2026-09-06,22:45,0.0,0.0
대구은행,2026-09-06,23:00,0.0,0.0
대구은행,2026-09-06,23:15,0.0,0.0
대구은행,2026-09-06,23:30,0.0,0.0
대구은행,2026-09-06,23:45,0.0,0.0
대구은행,2026-09-06,24:00,0.0,0.0
만촌,2026-09-04,00:15,87.0,348.0
만촌,2026-09-04,00:30,82.8,331.2
만촌,2026-09-04,00:45,67.2,268.8
만촌,2026-09-04,01:00,67.2,268.8
만촌,2026-09-04,01:15,94.8,379.2
만촌,2026-09-04,01:30,90.6,362.4
만촌,2026-09-04,01:45,75.0,300.0
만촌,2026-09-04,02:00,73.8,295.2
만촌,2026-09-04,02:15,75.0,300.0
만촌,2026-09-04,02:30,63.6,254.4
만촌,2026-09-04,02:45,58.8,235.2
만촌,2026-09-04,03:00,63.0,252.0
만촌,2026-09-04,03:15,93.6,374.4
만촌,2026-09-04,03:30,94.2,376.8
만촌,2026-09-04,03:45,80.4,321.6
만촌,2026-09-04,04:00,76.8,307.2
만촌,2026-09-04,04:15,80.4,321.6
만촌,2026-09-04,04:30,64.2,256.8
만촌,2026-09-04,04:45,61.2,244.8
만촌,2026-09-04,05:00,70.8,283.2
만촌,2026-09-04,05:15,111.0,444.0
만촌,2026-09-04,05:30,115.8,463.2
만촌,2026-09-04,05:45,130.2,520.8
만촌,2026-09-04,06:00,150.0,600.0
만촌,2026-09-04,06:15,172.8,691.2
만촌,2026-09-04,06:30,177.6,710.4
만촌,2026-09-04,06:45,256.8,1027.2
만촌,2026-09-04,07:00,286.8,1147.2
만촌,2026-09-04,07:15,313.2,1252.8
만촌,2026-09-04,07:30,299.4,1197.6
만촌,2026-09-04,07:45,323.4,1293.6
만촌,2026-09-04,08:00,322.2,1288.8
만촌,2026-09-04,08:15,396.0,1584.0
만촌,2026-09-04,08:30,440.4,1761.6
만촌,2026-09-04,08:45,401.4,1605.6
만촌,2026-09-04,09:00,357.6,1430.4
만촌,2026-09-04,09:15,399.0,1596.0
만촌,2026-09-04,09:30,390.0,1560.0
만촌,2026-09-04,09:45,385.8,1543.2
만촌,2026-09-04,10:00,404.4,1617.6
만촌,2026-09-04,10:15,436.2,1744.8
만촌,2026-09-04,10:30,402.0,1608.0
만촌,2026-09-04,10:45,384.6,1538.4
만촌,2026-09-04,11:00,408.6,1634.4
만촌,2026-09-04,11:15,433.2,1732.8
만촌,2026-09-04,11:30,440.4,1761.6
만촌,2026-09-04,11:45,386.4,1545.6
만촌,2026-09-04,12:00,360.0,1440.0
만촌,2026-09-04,12:15,260.4,1041.6
만촌,2026-09-04,12:30,349.8,1399.2
만촌,2026-09-04,12:45,358.2,1432.8
만촌,2026-09-04,13:00,345.0,1380.0
만촌,2026-09-04,13:15,346.2,1384.8
만촌,2026-09-04,13:30,352.8,1411.2
만촌,2026-09-04,13:45,383.4,1533.6
만촌,2026-09-04,14:00,414.6,1658.4
만촌,2026-09-04,14:15,405.6,1622.4
만촌,2026-09-04,14:30,442.8,1771.2
만촌,2026-09-04,14:45,322.8,1291.2
만촌,2026-09-04,15:00,354.0,1416.0
만촌,2026-09-04,15:15,387.0,1548.0
만촌,2026-09-04,15:30,469.2,1876.8
만촌,2026-09-04,15:45,441.0,1764.0
만촌,2026-09-04,16:00,417.6,1670.4
만촌,2026-09-04,16:15,410.4,1641.6
만촌,2026-09-04,16:30,460.8,1843.2
만촌,2026-09-04,16:45,477.0,1908.0
만촌,2026-09-04,17:00,472.2,1888.8
만촌,2026-09-04,17:15,508.8,2035.2
만촌,2026-09-04,17:30,552.6,2210.4
만촌,2026-09-04,17:45,519.0,2076.0
만촌,2026-09-04,18:00,522.6,2090.4
만촌,2026-09-04,18:15,447.0,1788.0
만촌,2026-09-04,18:30,469.2,1876.8
만촌,2026-09-04,18:45,426.6,1706.4
만촌,2026-09-04,19:00,373.8,1495.2
만촌,2026-09-04,19:15,412.2,1648.8
만촌,2026-09-04,19:30,391.8,1567.2
만촌,2026-09-04,19:45,346.2,1384.8
만촌,2026-09-04,20:00,390.0,1560.0
만촌,2026-09-04,20:15,342.6,1370.4
만촌,2026-09-04,20:30,337.8,1351.2
만촌,2026-09-04,20:45,305.4,1221.6
만촌,2026-09-04,21:00,364.2,1456.8
만촌,2026-09-04,21:15,388.8,1555.2
만촌,2026-09-04,21:30,273.6,1094.4
만촌,2026-09-04,21:45,292.2,1168.8
만촌,2026-09-04,22:00,297.6,1190.4
만촌,2026-09-04,22:15,298.8,1195.2
만촌,2026-09-04,22:30,258.6,1034.4
만촌,2026-09-04,22:45,229.2,916.8
만촌,2026-09-04,23:00,192.6,770.4
만촌,2026-09-04,23:15,211.8,847.2
만촌,2026-09-04,23:30,228.0,912.0
만촌,2026-09-04,23:45,261.0,1044.0
만촌,2026-09-04,24:00,161.4,645.6
만촌,2026-09-05,00:15,78.0,312.0
만촌,2026-09-05,00:30,78.6,314.4
만촌,2026-09-05,00:45,69.6,278.4
만촌,2026-09-05,01:00,68.4,273.6
만촌,2026-09-05,01:15,87.0,348.0
만촌,2026-09-05,01:30,79.8,319.2
만촌,2026-09-05,01:45,72.0,288.0
만촌,2026-09-05,02:00,70.8,283.2
만촌,2026-09-05,02:15,71.4,285.6
만촌,2026-09-05,02:30,57.0,228.0
만촌,2026-09-05,02:45,59.4,237.6
만촌,2026-09-05,03:00,66.0,264.0
만촌,2026-09-05,03:15,85.8,343.2
만촌,2026-09-05,03:30,81.0,324.0
만촌,2026-09-05,03:45,88.2,352.8
만촌,2026-09-05,04:00,75.0,300.0
만촌,2026-09-05,04:15,70.2,280.8
만촌,2026-09-05,04:30,64.2,256.8
만촌,2026-09-05,04:45,63.0,252.0
만촌,2026-09-05,05:00,69.0,276.0
만촌,2026-09-05,05:15,107.4,429.6
만촌,2026-09-05,05:30,114.6,458.4
만촌,2026-09-05,05:45,132.0,528.0
만촌,2026-09-05,06:00,174.0,696.0
만촌,2026-09-05,06:15,187.2,748.8
만촌,2026-09-05,06:30,175.8,703.2
만촌,2026-09-05,06:45,196.2,784.8
만촌,2026-09-05,07:00,206.4,825.6
만촌,2026-09-05,07:15,233.4,933.6
만촌,2026-09-05,07:30,236.4,945.6
만촌,2026-09-05,07:45,235.2,940.8
만촌,2026-09-05,08:00,226.8,907.2
만촌,2026-09-05,08:15,210.0,840.0
만촌,2026-09-05,08:30,271.8,1087.2
만촌,2026-09-05,08:45,255.6,1022.4
만촌,2026-09-05,09:00,237.0,948.0
만촌,2026-09-05,09:15,318.6,1274.4
만촌,2026-09-05,09:30,334.8,1339.2
만촌,2026-09-05,09:45,419.4,1677.6
만촌,2026-09-05,10:00,413.4,1653.6
만촌,2026-09-05,10:15,397.8,1591.2
만촌,2026-09-05,10:30,399.0,1596.0
만촌,2026-09-05,10:45,387.0,1548.0
만촌,2026-09-05,11:00,343.8,1375.2
만촌,2026-09-05,11:15,415.2,1660.8
만촌,2026-09-05,11:30,351.6,1406.4
만촌,2026-09-05,11:45,328.2,1312.8
만촌,2026-09-05,12:00,365.4,1461.6
만촌,2026-09-05,12:15,388.2,1552.8
만촌,2026-09-05,12:30,384.0,1536.0
만촌,2026-09-05,12:45,343.8,1375.2
만촌,2026-09-05,13:00,324.6,1298.4
만촌,2026-09-05,13:15,364.2,1456.8
만촌,2026-09-05,13:30,333.0,1332.0
만촌,2026-09-05,13:45,354.0,1416.0
만촌,2026-09-05,14:00,376.8,1507.2
만촌,2026-09-05,14:15,434.4,1737.6
만촌,2026-09-05,14:30,380.4,1521.6
만촌,2026-09-05,14:45,359.4,1437.6
만촌,2026-09-05,15:00,407.4,1629.6
만촌,2026-09-05,15:15,455.4,1821.6
만촌,2026-09-05,15:30,456.6,1826.4
만촌,2026-09-05,15:45,490.8,1963.2
만촌,2026-09-05,16:00,451.8,1807.2
만촌,2026-09-05,16:15,390.6,1562.4
만촌,2026-09-05,16:30,335.4,1341.6
만촌,2026-09-05,16:45,310.8,1243.2
만촌,2026-09-05,17:00,294.0,1176.0
만촌,2026-09-05,17:15,357.0,1428.0
만촌,2026-09-05,17:30,357.0,1428.0
만촌,2026-09-05,17:45,384.0,1536.0
만촌,2026-09-05,18:00,381.0,1524.0
만촌,2026-09-05,18:15,338.4,1353.6
만촌,2026-09-05,18:30,355.2,1420.8
만촌,2026-09-05,18:45,303.0,1212.0
만촌,2026-09-05,19:00,351.0,1404.0
만촌,2026-09-05,19:15,381.0,1524.0
만촌,2026-09-05,19:30,369.6,1478.4
만촌,2026-09-05,19:45,352.2,1408.8
만촌,2026-09-05,20:00,342.6,1370.4
만촌,2026-09-05,20:15,309.6,1238.4
만촌,2026-09-05,20:30,297.0,1188.0
만촌,2026-09-05,20:45,318.6,1274.4
만촌,2026-09-05,21:00,314.4,1257.6
만촌,2026-09-05,21:15,352.8,1411.2
만촌,2026-09-05,21:30,357.6,1430.4
만촌,2026-09-05,21:45,302.4,1209.6
만촌,2026-09-05,22:00,306.0,1224.0
만촌,2026-09-05,22:15,283.8,1135.2
만촌,2026-09-05,22:30,303.6,1214.4
만촌,2026-09-05,22:45,281.4,1125.6
만촌,2026-09-05,23:00,303.6,1214.4
만촌,2026-09-05,23:15,291.6,1166.4
만촌,2026-09-05,23:30,276.0,1104.0
만촌,2026-09-05,23:45,297.0,1188.0
만촌,2026-09-05,24:00,165.6,662.4
만촌,2026-09-06,00:15,86.4,345.6
만촌,2026-09-06,00:30,84.0,336.0
만촌,2026-09-06,00:45,67.8,271.2
만촌,2026-09-06,01:00,68.4,273.6
만촌,2026-09-06,01:15,82.2,328.8
만촌,2026-09-06,01:30,83.4,333.6
만촌,2026-09-06,01:45,80.4,321.6
만촌,2026-09-06,02:00,79.8,319.2
만촌,2026-09-06,02:15,74.4,297.6
만촌,2026-09-06,02:30,60.6,242.4
만촌,2026-09-06,02:45,66.0,264.0
만촌,2026-09-06,03:00,61.2,244.8
만촌,2026-09-06,03:15,85.2,340.8
만촌,2026-09-06,03:30,97.2,388.8
만촌,2026-09-06,03:45,87.6,350.4
만촌,2026-09-06,04:00,80.4,321.6
만촌,2026-09-06,04:15,83.4,333.6
만촌,2026-09-06,04:30,63.0,252.0
만촌,2026-09-06,04:45,68.4,273.6
만촌,2026-09-06,05:00,76.8,307.2
만촌,2026-09-06,05:15,107.4,429.6
만촌,2026-09-06,05:30,117.6,470.4
만촌,2026-09-06,05:45,147.0,588.0
만촌,2026-09-06,06:00,188.4,753.6
만촌,2026-09-06,06:15,214.8,859.2
만촌,2026-09-06,06:30,200.4,801.6
만촌,2026-09-06,06:45,246.6,986.4
만촌,2026-09-06,07:00,238.2,952.8
만촌,2026-09-06,07:15,295.8,1183.2
만촌,2026-09-06,07:30,267.0,1068.0
만촌,2026-09-06,07:45,271.8,1087.2
만촌,2026-09-06,08:00,298.2,1192.8
만촌,2026-09-06,08:15,292.2,1168.8
만촌,2026-09-06,08:30,270.0,1080.0
만촌,2026-09-06,08:45,276.0,1104.0
만촌,2026-09-06,09:00,281.4,1125.6
만촌,2026-09-06,09:15,338.4,1353.6
만촌,2026-09-06,09:30,317.4,1269.6
만촌,2026-09-06,09:45,309.6,1238.4
만촌,2026-09-06,10:00,294.0,1176.0
만촌,2026-09-06,10:15,294.6,1178.4
만촌,2026-09-06,10:30,339.0,1356.0
만촌,2026-09-06,10:45,306.0,1224.0
만촌,2026-09-06,11:00,276.6,1106.4
만촌,2026-09-06,11:15,306.0,1224.0
만촌,2026-09-06,11:30,313.2,1252.8
만촌,2026-09-06,11:45,389.4,1557.6
만촌,2026-09-06,12:00,492.6,1970.4
만촌,2026-09-06,12:15,501.6,2006.4
만촌,2026-09-06,12:30,474.0,1896.0
만촌,2026-09-06,12:45,399.6,1598.4
만촌,2026-09-06,13:00,367.2,1468.8
만촌,2026-09-06,13:15,453.6,1814.4
만촌,2026-09-06,13:30,420.6,1682.4
만촌,2026-09-06,13:45,427.2,1708.8
만촌,2026-09-06,14:00,418.8,1675.2
만촌,2026-09-06,14:15,430.8,1723.2
만촌,2026-09-06,14:30,436.8,1747.2
만촌,2026-09-06,14:45,423.6,1694.4
만촌,2026-09-06,15:00,411.6,1646.4
만촌,2026-09-06,15:15,444.6,1778.4
만촌,2026-09-06,15:30,0.0,0.0
만촌,2026-09-06,15:45,0.0,0.0
만촌,2026-09-06,16:00,0.0,0.0
만촌,2026-09-06,16:15,0.0,0.0
만촌,2026-09-06,16:30,0.0,0.0
만촌,2026-09-06,16:45,0.0,0.0
만촌,2026-09-06,17:00,0.0,0.0
만촌,2026-09-06,17:15,0.0,0.0
만촌,2026-09-06,17:30,0.0,0.0
만촌,2026-09-06,17:45,0.0,0.0
만촌,2026-09-06,18:00,0.0,0.0
만촌,2026-09-06,18:15,0.0,0.0
만촌,2026-09-06,18:30,0.0,0.0
만촌,2026-09-06,18:45,0.0,0.0
만촌,2026-09-06,19:00,0.0,0.0
만촌,2026-09-06,19:15,0.0,0.0
만촌,2026-09-06,19:30,0.0,0.0
만촌,2026-09-06,19:45,0.0,0.0
만촌,2026-09-06,20:00,0.0,0.0
만촌,2026-09-06,20:15,0.0,0.0
만촌,2026-09-06,20:30,0.0,0.0
만촌,2026-09-06,20:45,0.0,0.0
만촌,2026-09-06,21:00,0.0,0.0
만촌,2026-09-06,21:15,0.0,0.0
만촌,2026-09-06,21:30,0.0,0.0
만촌,2026-09-06,21:45,0.0,0.0
만촌,2026-09-06,22:00,0.0,0.0
만촌,2026-09-06,22:15,0.0,0.0
만촌,2026-09-06,22:30,0.0,0.0
만촌,2026-09-06,22:45,0.0,0.0
만촌,2026-09-06,23:00,0.0,0.0
만촌,2026-09-06,23:15,0.0,0.0
만촌,2026-09-06,23:30,0.0,0.0
만촌,2026-09-06,23:45,0.0,0.0
만촌,2026-09-06,24:00,0.0,0.0
수성알파시티,2026-09-04,00:15,87.6,350.4
수성알파시티,2026-09-04,00:30,79.8,319.2
수성알파시티,2026-09-04,00:45,72.6,290.4
수성알파시티,2026-09-04,01:00,78.6,314.4
수성알파시티,2026-09-04,01:15,74.4,297.6
수성알파시티,2026-09-04,01:30,90.6,362.4
수성알파시티,2026-09-04,01:45,88.8,355.2
수성알파시티,2026-09-04,02:00,92.4,369.6
수성알파시티,2026-09-04,02:15,83.4,333.6
수성알파시티,2026-09-04,02:30,64.8,259.2
수성알파시티,2026-09-04,02:45,60.6,242.4
수성알파시티,2026-09-04,03:00,61.8,247.2
수성알파시티,2026-09-04,03:15,83.4,333.6
수성알파시티,2026-09-04,03:30,70.8,283.2
수성알파시티,2026-09-04,03:45,75.0,300.0
수성알파시티,2026-09-04,04:00,87.6,350.4
수성알파시티,2026-09-04,04:15,82.8,331.2
수성알파시티,2026-09-04,04:30,70.2,280.8
수성알파시티,2026-09-04,04:45,66.6,266.4
수성알파시티,2026-09-04,05:00,74.4,297.6
수성알파시티,2026-09-04,05:15,105.0,420.0
수성알파시티,2026-09-04,05:30,114.6,458.4
수성알파시티,2026-09-04,05:45,127.8,511.2
수성알파시티,2026-09-04,06:00,147.6,590.4
수성알파시티,2026-09-04,06:15,232.2,928.8
수성알파시티,2026-09-04,06:30,218.4,873.6
수성알파시티,2026-09-04,06:45,216.0,864.0
수성알파시티,2026-09-04,07:00,193.2,772.8
수성알파시티,2026-09-04,07:15,276.0,1104.0
수성알파시티,2026-09-04,07:30,336.0,1344.0
수성알파시티,2026-09-04,07:45,378.0,1512.0
수성알파시티,2026-09-04,08:00,436.8,1747.2
수성알파시티,2026-09-04,08:15,450.0,1800.0
수성알파시티,2026-09-04,08:30,411.0,1644.0
수성알파시티,2026-09-04,08:45,411.6,1646.4
수성알파시티,2026-09-04,09:00,329.4,1317.6
수성알파시티,2026-09-04,09:15,326.4,1305.6
수성알파시티,2026-09-04,09:30,279.6,1118.4
수성알파시티,2026-09-04,09:45,291.6,1166.4
수성알파시티,2026-09-04,10:00,311.4,1245.6
수성알파시티,2026-09-04,10:15,352.8,1411.2
수성알파시티,2026-09-04,10:30,379.8,1519.2
수성알파시티,2026-09-04,10:45,343.2,1372.8
수성알파시티,2026-09-04,11:00,354.0,1416.0
수성알파시티,2026-09-04,11:15,352.2,1408.8
수성알파시티,2026-09-04,11:30,297.0,1188.0
수성알파시티,2026-09-04,11:45,291.0,1164.0
수성알파시티,2026-09-04,12:00,287.4,1149.6
수성알파시티,2026-09-04,12:15,308.4,1233.6
수성알파시티,2026-09-04,12:30,298.8,1195.2
수성알파시티,2026-09-04,12:45,300.0,1200.0
수성알파시티,2026-09-04,13:00,318.0,1272.0
수성알파시티,2026-09-04,13:15,339.0,1356.0
수성알파시티,2026-09-04,13:30,331.2,1324.8
수성알파시티,2026-09-04,13:45,340.8,1363.2
수성알파시티,2026-09-04,14:00,339.6,1358.4
수성알파시티,2026-09-04,14:15,325.2,1300.8
수성알파시티,2026-09-04,14:30,297.0,1188.0
수성알파시티,2026-09-04,14:45,319.8,1279.2
수성알파시티,2026-09-04,15:00,277.8,1111.2
수성알파시티,2026-09-04,15:15,326.4,1305.6
수성알파시티,2026-09-04,15:30,291.0,1164.0
수성알파시티,2026-09-04,15:45,321.0,1284.0
수성알파시티,2026-09-04,16:00,314.4,1257.6
수성알파시티,2026-09-04,16:15,340.2,1360.8
수성알파시티,2026-09-04,16:30,365.4,1461.6
수성알파시티,2026-09-04,16:45,392.4,1569.6
수성알파시티,2026-09-04,17:00,365.4,1461.6
수성알파시티,2026-09-04,17:15,362.4,1449.6
수성알파시티,2026-09-04,17:30,433.2,1732.8
수성알파시티,2026-09-04,17:45,409.8,1639.2
수성알파시티,2026-09-04,18:00,384.6,1538.4
수성알파시티,2026-09-04,18:15,350.4,1401.6
수성알파시티,2026-09-04,18:30,389.4,1557.6
수성알파시티,2026-09-04,18:45,361.2,1444.8
수성알파시티,2026-09-04,19:00,346.2,1384.8
수성알파시티,2026-09-04,19:15,331.2,1324.8
수성알파시티,2026-09-04,19:30,330.0,1320.0
수성알파시티,2026-09-04,19:45,333.6,1334.4
수성알파시티,2026-09-04,20:00,343.8,1375.2
수성알파시티,2026-09-04,20:15,297.6,1190.4
수성알파시티,2026-09-04,20:30,248.4,993.6
수성알파시티,2026-09-04,20:45,255.0,1020.0
수성알파시티,2026-09-04,21:00,199.8,799.2
수성알파시티,2026-09-04,21:15,215.4,861.6
수성알파시티,2026-09-04,21:30,253.8,1015.2
수성알파시티,2026-09-04,21:45,229.8,919.2
수성알파시티,2026-09-04,22:00,266.4,1065.6
수성알파시티,2026-09-04,22:15,303.6,1214.4
수성알파시티,2026-09-04,22:30,286.2,1144.8
수성알파시티,2026-09-04,22:45,275.4,1101.6
수성알파시티,2026-09-04,23:00,285.0,1140.0
수성알파시티,2026-09-04,23:15,276.0,1104.0
수성알파시티,2026-09-04,23:30,247.2,988.8
수성알파시티,2026-09-04,23:45,286.8,1147.2
수성알파시티,2026-09-04,24:00,214.2,856.8
수성알파시티,2026-09-05,00:15,87.0,348.0
수성알파시티,2026-09-05,00:30,78.6,314.4
수성알파시티,2026-09-05,00:45,72.6,290.4
수성알파시티,2026-09-05,01:00,61.2,244.8
수성알파시티,2026-09-05,01:15,68.4,273.6
수성알파시티,2026-09-05,01:30,76.8,307.2
수성알파시티,2026-09-05,01:45,79.8,319.2
수성알파시티,2026-09-05,02:00,87.0,348.0
수성알파시티,2026-09-05,02:15,74.4,297.6
수성알파시티,2026-09-05,02:30,64.8,259.2
수성알파시티,2026-09-05,02:45,61.8,247.2
수성알파시티,2026-09-05,03:00,67.8,271.2
수성알파시티,2026-09-05,03:15,82.8,331.2
수성알파시티,2026-09-05,03:30,77.4,309.6
수성알파시티,2026-09-05,03:45,69.0,276.0
수성알파시티,2026-09-05,04:00,81.0,324.0
수성알파시티,2026-09-05,04:15,76.2,304.8
수성알파시티,2026-09-05,04:30,78.0,312.0
수성알파시티,2026-09-05,04:45,72.0,288.0
수성알파시티,2026-09-05,05:00,67.8,271.2
수성알파시티,2026-09-05,05:15,93.0,372.0
수성알파시티,2026-09-05,05:30,115.2,460.8
수성알파시티,2026-09-05,05:45,153.0,612.0
수성알파시티,2026-09-05,06:00,178.2,712.8
수성알파시티,2026-09-05,06:15,211.2,844.8
수성알파시티,2026-09-05,06:30,217.2,868.8
수성알파시티,2026-09-05,06:45,228.6,914.4
수성알파시티,2026-09-05,07:00,223.8,895.2
수성알파시티,2026-09-05,07:15,231.0,924.0
수성알파시티,2026-09-05,07:30,229.2,916.8
수성알파시티,2026-09-05,07:45,223.2,892.8
수성알파시티,2026-09-05,08:00,271.8,1087.2
수성알파시티,2026-09-05,08:15,290.4,1161.6
수성알파시티,2026-09-05,08:30,280.8,1123.2
수성알파시티,2026-09-05,08:45,272.4,1089.6
수성알파시티,2026-09-05,09:00,368.4,1473.6
수성알파시티,2026-09-05,09:15,322.8,1291.2
수성알파시티,2026-09-05,09:30,333.0,1332.0
수성알파시티,2026-09-05,09:45,270.6,1082.4
수성알파시티,2026-09-05,10:00,290.4,1161.6
수성알파시티,2026-09-05,10:15,315.6,1262.4
수성알파시티,2026-09-05,10:30,344.4,1377.6
수성알파시티,2026-09-05,10:45,351.6,1406.4
수성알파시티,2026-09-05,11:00,425.4,1701.6
수성알파시티,2026-09-05,11:15,385.8,1543.2
수성알파시티,2026-09-05,11:30,409.8,1639.2
수성알파시티,2026-09-05,11:45,408.6,1634.4
수성알파시티,2026-09-05,12:00,385.8,1543.2
수성알파시티,2026-09-05,12:15,388.8,1555.2
수성알파시티,2026-09-05,12:30,385.2,1540.8
수성알파시티,2026-09-05,12:45,392.4,1569.6
수성알파시티,2026-09-05,13:00,418.2,1672.8
수성알파시티,2026-09-05,13:15,430.8,1723.2
수성알파시티,2026-09-05,13:30,449.4,1797.6
수성알파시티,2026-09-05,13:45,489.6,1958.4
수성알파시티,2026-09-05,14:00,473.4,1893.6
수성알파시티,2026-09-05,14:15,435.6,1742.4
수성알파시티,2026-09-05,14:30,457.2,1828.8
수성알파시티,2026-09-05,14:45,421.8,1687.2
수성알파시티,2026-09-05,15:00,376.2,1504.8
수성알파시티,2026-09-05,15:15,305.4,1221.6
수성알파시티,2026-09-05,15:30,291.0,1164.0
수성알파시티,2026-09-05,15:45,302.4,1209.6
수성알파시티,2026-09-05,16:00,294.0,1176.0
수성알파시티,2026-09-05,16:15,297.0,1188.0
수성알파시티,2026-09-05,16:30,342.0,1368.0
수성알파시티,2026-09-05,16:45,298.8,1195.2
수성알파시티,2026-09-05,17:00,283.8,1135.2
수성알파시티,2026-09-05,17:15,288.0,1152.0
수성알파시티,2026-09-05,17:30,298.2,1192.8
수성알파시티,2026-09-05,17:45,285.6,1142.4
수성알파시티,2026-09-05,18:00,336.0,1344.0
수성알파시티,2026-09-05,18:15,387.0,1548.0
수성알파시티,2026-09-05,18:30,371.4,1485.6
수성알파시티,2026-09-05,18:45,388.2,1552.8
수성알파시티,2026-09-05,19:00,376.2,1504.8
수성알파시티,2026-09-05,19:15,378.0,1512.0
수성알파시티,2026-09-05,19:30,340.8,1363.2
수성알파시티,2026-09-05,19:45,362.4,1449.6
수성알파시티,2026-09-05,20:00,352.2,1408.8
수성알파시티,2026-09-05,20:15,322.2,1288.8
수성알파시티,2026-09-05,20:30,294.6,1178.4
수성알파시티,2026-09-05,20:45,271.2,1084.8
수성알파시티,2026-09-05,21:00,251.4,1005.6
수성알파시티,2026-09-05,21:15,290.4,1161.6
수성알파시티,2026-09-05,21:30,256.2,1024.8
수성알파시티,2026-09-05,21:45,271.2,1084.8
수성알파시티,2026-09-05,22:00,247.2,988.8
수성알파시티,2026-09-05,22:15,265.8,1063.2
수성알파시티,2026-09-05,22:30,260.4,1041.6
수성알파시티,2026-09-05,22:45,233.4,933.6
수성알파시티,2026-09-05,23:00,262.2,1048.8
수성알파시티,2026-09-05,23:15,237.0,948.0
수성알파시티,2026-09-05,23:30,247.2,988.8
수성알파시티,2026-09-05,23:45,289.8,1159.2
수성알파시티,2026-09-05,24:00,220.2,880.8
수성알파시티,2026-09-06,00:15,82.8,331.2
수성알파시티,2026-09-06,00:30,73.8,295.2
수성알파시티,2026-09-06,00:45,64.2,256.8
수성알파시티,2026-09-06,01:00,63.6,254.4
수성알파시티,2026-09-06,01:15,73.2,292.8
수성알파시티,2026-09-06,01:30,70.8,283.2
수성알파시티,2026-09-06,01:45,72.6,290.4
수성알파시티,2026-09-06,02:00,80.4,321.6
수성알파시티,2026-09-06,02:15,73.8,295.2
수성알파시티,2026-09-06,02:30,73.8,295.2
수성알파시티,2026-09-06,02:45,70.8,283.2
수성알파시티,2026-09-06,03:00,64.2,256.8
수성알파시티,2026-09-06,03:15,79.2,316.8
수성알파시티,2026-09-06,03:30,78.6,314.4
수성알파시티,2026-09-06,03:45,72.0,288.0
수성알파시티,2026-09-06,04:00,76.2,304.8
수성알파시티,2026-09-06,04:15,70.2,280.8
수성알파시티,2026-09-06,04:30,80.4,321.6
수성알파시티,2026-09-06,04:45,66.0,264.0
수성알파시티,2026-09-06,05:00,71.4,285.6
수성알파시티,2026-09-06,05:15,94.2,376.8
수성알파시티,2026-09-06,05:30,108.0,432.0
수성알파시티,2026-09-06,05:45,136.8,547.2
수성알파시티,2026-09-06,06:00,147.0,588.0
수성알파시티,2026-09-06,06:15,211.2,844.8
수성알파시티,2026-09-06,06:30,196.8,787.2
수성알파시티,2026-09-06,06:45,211.2,844.8
수성알파시티,2026-09-06,07:00,213.6,854.4
수성알파시티,2026-09-06,07:15,207.6,830.4
수성알파시티,2026-09-06,07:30,198.6,794.4
수성알파시티,2026-09-06,07:45,205.2,820.8
수성알파시티,2026-09-06,08:00,214.2,856.8
수성알파시티,2026-09-06,08:15,236.4,945.6
수성알파시티,2026-09-06,08:30,231.0,924.0
수성알파시티,2026-09-06,08:45,205.8,823.2
수성알파시티,2026-09-06,09:00,200.4,801.6
수성알파시티,2026-09-06,09:15,219.0,876.0
수성알파시티,2026-09-06,09:30,231.6,926.4
수성알파시티,2026-09-06,09:45,200.4,801.6
수성알파시티,2026-09-06,10:00,212.4,849.6
수성알파시티,2026-09-06,10:15,267.0,1068.0
수성알파시티,2026-09-06,10:30,258.6,1034.4
수성알파시티,2026-09-06,10:45,313.2,1252.8
수성알파시티,2026-09-06,11:00,351.0,1404.0
수성알파시티,2026-09-06,11:15,351.0,1404.0
수성알파시티,2026-09-06,11:30,348.6,1394.4
수성알파시티,2026-09-06,11:45,324.6,1298.4
수성알파시티,2026-09-06,12:00,324.6,1298.4
수성알파시티,2026-09-06,12:15,338.4,1353.6
수성알파시티,2026-09-06,12:30,358.8,1435.2
수성알파시티,2026-09-06,12:45,326.4,1305.6
수성알파시티,2026-09-06,13:00,343.2,1372.8
수성알파시티,2026-09-06,13:15,358.8,1435.2
수성알파시티,2026-09-06,13:30,327.6,1310.4
수성알파시티,2026-09-06,13:45,308.4,1233.6
수성알파시티,2026-09-06,14:00,299.4,1197.6
수성알파시티,2026-09-06,14:15,298.2,1192.8
수성알파시티,2026-09-06,14:30,325.2,1300.8
수성알파시티,2026-09-06,14:45,300.6,1202.4
수성알파시티,2026-09-06,15:00,334.8,1339.2
수성알파시티,2026-09-06,15:15,328.2,1312.8
수성알파시티,2026-09-06,15:30,375.0,1500.0
수성알파시티,2026-09-06,15:45,345.6,1382.4
수성알파시티,2026-09-06,16:00,381.0,1524.0
수성알파시티,2026-09-06,16:15,363.6,1454.4
수성알파시티,2026-09-06,16:30,396.0,1584.0
수성알파시티,2026-09-06,16:45,371.4,1485.6
수성알파시티,2026-09-06,17:00,356.4,1425.6
수성알파시티,2026-09-06,17:15,358.8,1435.2
수성알파시티,2026-09-06,17:30,378.6,1514.4
수성알파시티,2026-09-06,17:45,333.6,1334.4
수성알파시티,2026-09-06,18:00,359.4,1437.6
수성알파시티,2026-09-06,18:15,337.2,1348.8
수성알파시티,2026-09-06,18:30,351.6,1406.4
수성알파시티,2026-09-06,18:45,0.0,0.0
수성알파시티,2026-09-06,19:00,0.0,0.0
수성알파시티,2026-09-06,19:15,0.0,0.0
수성알파시티,2026-09-06,19:30,0.0,0.0
수성알파시티,2026-09-06,19:45,0.0,0.0
수성알파시티,2026-09-06,20:00,0.0,0.0
수성알파시티,2026-09-06,20:15,0.0,0.0
수성알파시티,2026-09-06,20:30,0.0,0.0
수성알파시티,2026-09-06,20:45,0.0,0.0
수성알파시티,2026-09-06,21:00,0.0,0.0
수성알파시티,2026-09-06,21:15,0.0,0.0
수성알파시티,2026-09-06,21:30,0.0,0.0
수성알파시티,2026-09-06,21:45,0.0,0.0
수성알파시티,2026-09-06,22:00,0.0,0.0
수성알파시티,2026-09-06,22:15,0.0,0.0
수성알파시티,2026-09-06,22:30,0.0,0.0
수성알파시티,2026-09-06,22:45,0.0,0.0
수성알파시티,2026-09-06,23:00,0.0,0.0
수성알파시티,2026-09-06,23:15,0.0,0.0
수성알파시티,2026-09-06,23:30,0.0,0.0
수성알파시티,2026-09-06,23:45,0.0,0.0
수성알파시티,2026-09-06,24:00,0.0,0.0
사월,2026-09-04,00:15,66.7,266.9
사월,2026-09-04,00:30,52.8,211.2
사월,2026-09-04,00:45,42.7,170.9
사월,2026-09-04,01:00,44.6,178.6
사월,2026-09-04,01:15,55.7,222.7
사월,2026-09-04,01:30,63.8,255.4
사월,2026-09-04,01:45,56.2,224.6
사월,2026-09-04,02:00,54.7,218.9
사월,2026-09-04,02:15,51.8,207.4
사월,2026-09-04,02:30,43.2,172.8
사월,2026-09-04,02:45,45.6,182.4
사월,2026-09-04,03:00,43.2,172.8
사월,2026-09-04,03:15,50.9,203.5
사월,2026-09-04,03:30,66.2,265.0
사월,2026-09-04,03:45,55.7,222.7
사월,2026-09-04,04:00,51.8,207.4
사월,2026-09-04,04:15,52.8,211.2
사월,2026-09-04,04:30,46.1,184.3
사월,2026-09-04,04:45,54.2,217.0
사월,2026-09-04,05:00,88.8,355.2
사월,2026-09-04,05:15,133.4,533.8
사월,2026-09-04,05:30,167.0,668.2
사월,2026-09-04,05:45,198.7,794.9
사월,2026-09-04,06:00,193.0,771.8
사월,2026-09-04,06:15,253.9,1015.7
사월,2026-09-04,06:30,242.9,971.5
사월,2026-09-04,06:45,252.5,1009.9
사월,2026-09-04,07:00,246.7,986.9
사월,2026-09-04,07:15,269.8,1079.0
사월,2026-09-04,07:30,264.5,1057.9
사월,2026-09-04,07:45,244.8,979.2
사월,2026-09-04,08:00,260.2,1040.6
사월,2026-09-04,08:15,258.7,1034.9
사월,2026-09-04,08:30,276.0,1104.0
사월,2026-09-04,08:45,303.8,1215.4
사월,2026-09-04,09:00,243.8,975.4
사월,2026-09-04,09:15,277.0,1107.8
사월,2026-09-04,09:30,236.2,944.6
사월,2026-09-04,09:45,252.5,1009.9
사월,2026-09-04,10:00,269.3,1077.1
사월,2026-09-04,10:15,209.3,837.1
사월,2026-09-04,10:30,235.2,940.8
사월,2026-09-04,10:45,210.7,842.9
사월,2026-09-04,11:00,227.5,910.1
사월,2026-09-04,11:15,266.4,1065.6
사월,2026-09-04,11:30,213.1,852.5
사월,2026-09-04,11:45,244.3,977.3
사월,2026-09-04,12:00,274.6,1098.2
사월,2026-09-04,12:15,324.5,1297.9
사월,2026-09-04,12:30,280.8,1123.2
사월,2026-09-04,12:45,291.4,1165.4
사월,2026-09-04,13:00,294.2,1177.0
사월,2026-09-04,13:15,265.0,1059.8
사월,2026-09-04,13:30,226.1,904.3
사월,2026-09-04,13:45,258.2,1033.0
사월,2026-09-04,14:00,264.5,1057.9
사월,2026-09-04,14:15,280.3,1121.3
사월,2026-09-04,14:30,241.9,967.7
사월,2026-09-04,14:45,272.6,1090.6
사월,2026-09-04,15:00,224.2,896.6
사월,2026-09-04,15:15,244.3,977.3
사월,2026-09-04,15:30,251.0,1004.2
사월,2026-09-04,15:45,257.3,1029.1
사월,2026-09-04,16:00,253.4,1013.8
사월,2026-09-04,16:15,253.4,1013.8
사월,2026-09-04,16:30,252.0,1008.0
사월,2026-09-04,16:45,264.0,1056.0
사월,2026-09-04,17:00,226.1,904.3
사월,2026-09-04,17:15,265.4,1061.8
사월,2026-09-04,17:30,298.6,1194.2
사월,2026-09-04,17:45,318.2,1273.0
사월,2026-09-04,18:00,307.7,1230.7
사월,2026-09-04,18:15,295.2,1180.8
사월,2026-09-04,18:30,285.1,1140.5
사월,2026-09-04,18:45,263.0,1052.2
사월,2026-09-04,19:00,226.1,904.3
사월,2026-09-04,19:15,193.9,775.7
사월,2026-09-04,19:30,202.6,810.2
사월,2026-09-04,19:45,219.4,877.4
사월,2026-09-04,20:00,238.6,954.2
사월,2026-09-04,20:15,193.4,773.8
사월,2026-09-04,20:30,176.2,704.6
사월,2026-09-04,20:45,177.6,710.4
사월,2026-09-04,21:00,172.8,691.2
사월,2026-09-04,21:15,184.8,739.2
사월,2026-09-04,21:30,214.1,856.3
사월,2026-09-04,21:45,227.0,908.2
사월,2026-09-04,22:00,207.4,829.4
사월,2026-09-04,22:15,245.3,981.1
사월,2026-09-04,22:30,207.4,829.4
사월,2026-09-04,22:45,205.0,819.8
사월,2026-09-04,23:00,180.5,721.9
사월,2026-09-04,23:15,176.2,704.6
사월,2026-09-04,23:30,164.2,656.6
사월,2026-09-04,23:45,177.1,708.5
사월,2026-09-04,24:00,156.5,625.9
사월,2026-09-05,00:15,68.2,272.6
사월,2026-09-05,00:30,71.0,284.2
사월,2026-09-05,00:45,50.9,203.5
사월,2026-09-05,01:00,47.5,190.1
사월,2026-09-05,01:15,51.8,207.4
사월,2026-09-05,01:30,59.5,238.1
사월,2026-09-05,01:45,57.6,230.4
사월,2026-09-05,02:00,61.4,245.8
사월,2026-09-05,02:15,60.5,241.9
사월,2026-09-05,02:30,49.9,199.7
사월,2026-09-05,02:45,52.8,211.2
사월,2026-09-05,03:00,47.0,188.2
사월,2026-09-05,03:15,55.2,220.8
사월,2026-09-05,03:30,58.6,234.2
사월,2026-09-05,03:45,49.9,199.7
사월,2026-09-05,04:00,54.2,217.0
사월,2026-09-05,04:15,59.5,238.1
사월,2026-09-05,04:30,48.5,193.9
사월,2026-09-05,04:45,62.4,249.6
사월,2026-09-05,05:00,63.4,253.4
사월,2026-09-05,05:15,85.4,341.8
사월,2026-09-05,05:30,109.9,439.7
사월,2026-09-05,05:45,205.4,821.8
사월,2026-09-05,06:00,187.2,748.8
사월,2026-09-05,06:15,217.0,867.8
사월,2026-09-05,06:30,241.0,963.8
사월,2026-09-05,06:45,241.0,963.8
사월,2026-09-05,07:00,227.0,908.2
사월,2026-09-05,07:15,272.6,1090.6
사월,2026-09-05,07:30,252.0,1008.0
사월,2026-09-05,07:45,295.7,1182.7
사월,2026-09-05,08:00,297.6,1190.4
사월,2026-09-05,08:15,280.3,1121.3
사월,2026-09-05,08:30,281.8,1127.0
사월,2026-09-05,08:45,300.5,1201.9
사월,2026-09-05,09:00,260.6,1042.6
사월,2026-09-05,09:15,284.6,1138.6
사월,2026-09-05,09:30,285.1,1140.5
사월,2026-09-05,09:45,285.6,1142.4
사월,2026-09-05,10:00,299.5,1198.1
사월,2026-09-05,10:15,289.4,1157.8
사월,2026-09-05,10:30,269.8,1079.0
사월,2026-09-05,10:45,247.2,988.8
사월,2026-09-05,11:00,221.8,887.0
사월,2026-09-05,11:15,237.1,948.5
사월,2026-09-05,11:30,234.7,938.9
사월,2026-09-05,11:45,219.8,879.4
사월,2026-09-05,12:00,226.1,904.3
사월,2026-09-05,12:15,230.9,923.5
사월,2026-09-05,12:30,217.0,867.8
사월,2026-09-05,12:45,230.9,923.5
사월,2026-09-05,13:00,229.9,919.7
사월,2026-09-05,13:15,221.8,887.0
사월,2026-09-05,13:30,292.3,1169.3
사월,2026-09-05,13:45,295.2,1180.8
사월,2026-09-05,14:00,311.5,1246.1
사월,2026-09-05,14:15,287.0,1148.2
사월,2026-09-05,14:30,277.9,1111.7
사월,2026-09-05,14:45,285.1,1140.5
사월,2026-09-05,15:00,245.3,981.1
사월,2026-09-05,15:15,265.9,1063.7
사월,2026-09-05,15:30,261.6,1046.4
사월,2026-09-05,15:45,260.6,1042.6
사월,2026-09-05,16:00,262.6,1050.2
사월,2026-09-05,16:15,251.0,1004.2
사월,2026-09-05,16:30,267.8,1071.4
사월,2026-09-05,16:45,253.9,1015.7
사월,2026-09-05,17:00,258.2,1033.0
사월,2026-09-05,17:15,262.6,1050.2
사월,2026-09-05,17:30,280.3,1121.3
사월,2026-09-05,17:45,276.0,1104.0
사월,2026-09-05,18:00,324.5,1297.9
사월,2026-09-05,18:15,380.2,1520.6
사월,2026-09-05,18:30,352.8,1411.2
사월,2026-09-05,18:45,348.0,1392.0
사월,2026-09-05,19:00,322.1,1288.3
사월,2026-09-05,19:15,318.2,1273.0
사월,2026-09-05,19:30,301.4,1205.8
사월,2026-09-05,19:45,303.8,1215.4
사월,2026-09-05,20:00,279.4,1117.4
사월,2026-09-05,20:15,302.4,1209.6
사월,2026-09-05,20:30,240.5,961.9
사월,2026-09-05,20:45,253.0,1011.8
사월,2026-09-05,21:00,235.2,940.8
사월,2026-09-05,21:15,270.7,1082.9
사월,2026-09-05,21:30,243.4,973.4
사월,2026-09-05,21:45,263.5,1054.1
사월,2026-09-05,22:00,227.5,910.1
사월,2026-09-05,22:15,226.6,906.2
사월,2026-09-05,22:30,212.6,850.6
사월,2026-09-05,22:45,173.3,693.1
사월,2026-09-05,23:00,200.6,802.6
사월,2026-09-05,23:15,181.0,723.8
사월,2026-09-05,23:30,168.5,673.9
사월,2026-09-05,23:45,190.1,760.3
사월,2026-09-05,24:00,181.0,723.8
사월,2026-09-06,00:15,69.1,276.5
사월,2026-09-06,00:30,73.9,295.7
사월,2026-09-06,00:45,58.1,232.3
사월,2026-09-06,01:00,44.6,178.6
사월,2026-09-06,01:15,63.8,255.4
사월,2026-09-06,01:30,62.4,249.6
사월,2026-09-06,01:45,57.1,228.5
사월,2026-09-06,02:00,56.6,226.6
사월,2026-09-06,02:15,52.3,209.3
사월,2026-09-06,02:30,45.1,180.5
사월,2026-09-06,02:45,51.4,205.4
사월,2026-09-06,03:00,45.1,180.5
사월,2026-09-06,03:15,57.6,230.4
사월,2026-09-06,03:30,51.8,207.4
사월,2026-09-06,03:45,57.6,230.4
사월,2026-09-06,04:00,55.7,222.7
사월,2026-09-06,04:15,50.4,201.6
사월,2026-09-06,04:30,50.4,201.6
사월,2026-09-06,04:45,43.7,174.7
사월,2026-09-06,05:00,68.6,274.6
사월,2026-09-06,05:15,122.9,491.5
사월,2026-09-06,05:30,127.7,510.7
사월,2026-09-06,05:45,191.5,766.1
사월,2026-09-06,06:00,189.6,758.4
사월,2026-09-06,06:15,222.2,889.0
사월,2026-09-06,06:30,226.1,904.3
사월,2026-09-06,06:45,259.2,1036.8
사월,2026-09-06,07:00,226.6,906.2
사월,2026-09-06,07:15,276.5,1105.9
사월,2026-09-06,07:30,289.9,1159.7
사월,2026-09-06,07:45,288.0,1152.0
사월,2026-09-06,08:00,293.8,1175.0
사월,2026-09-06,08:15,275.0,1100.2
사월,2026-09-06,08:30,299.0,1196.2
사월,2026-09-06,08:45,299.0,1196.2
사월,2026-09-06,09:00,308.2,1232.6
사월,2026-09-06,09:15,339.4,1357.4
사월,2026-09-06,09:30,364.8,1459.2
사월,2026-09-06,09:45,327.4,1309.4
사월,2026-09-06,10:00,342.2,1369.0
사월,2026-09-06,10:15,310.1,1240.3
사월,2026-09-06,10:30,282.2,1129.0
사월,2026-09-06,10:45,260.2,1040.6
사월,2026-09-06,11:00,227.5,910.1
사월,2026-09-06,11:15,237.6,950.4
사월,2026-09-06,11:30,246.7,986.9
사월,2026-09-06,11:45,257.8,1031.0
사월,2026-09-06,12:00,265.9,1063.7
사월,2026-09-06,12:15,273.1,1092.5
사월,2026-09-06,12:30,291.8,1167.4
사월,2026-09-06,12:45,253.9,1015.7
사월,2026-09-06,13:00,275.5,1102.1
사월,2026-09-06,13:15,280.3,1121.3
사월,2026-09-06,13:30,303.8,1215.4
사월,2026-09-06,13:45,280.8,1123.2
사월,2026-09-06,14:00,291.8,1167.4
사월,2026-09-06,14:15,282.2,1129.0
사월,2026-09-06,14:30,292.8,1171.2
사월,2026-09-06,14:45,264.0,1056.0
사월,2026-09-06,15:00,288.0,1152.0
사월,2026-09-06,15:15,256.8,1027.2
사월,2026-09-06,15:30,300.0,1200.0
사월,2026-09-06,15:45,264.0,1056.0
사월,2026-09-06,16:00,298.1,1192.3
사월,2026-09-06,16:15,260.2,1040.6
사월,2026-09-06,16:30,278.4,1113.6
사월,2026-09-06,16:45,236.2,944.6
사월,2026-09-06,17:00,268.8,1075.2
사월,2026-09-06,17:15,276.5,1105.9
사월,2026-09-06,17:30,298.6,1194.2
사월,2026-09-06,17:45,261.1,1044.5
사월,2026-09-06,18:00,313.4,1253.8
사월,2026-09-06,18:15,286.6,1146.2
사월,2026-09-06,18:30,292.8,1171.2
사월,2026-09-06,18:45,260.2,1040.6
사월,2026-09-06,19:00,0.0,0.0
사월,2026-09-06,19:15,0.0,0.0
사월,2026-09-06,19:30,0.0,0.0
사월,2026-09-06,19:45,0.0,0.0
사월,2026-09-06,20:00,0.0,0.0
사월,2026-09-06,20:15,0.0,0.0
사월,2026-09-06,20:30,0.0,0.0
사월,2026-09-06,20:45,0.0,0.0
사월,2026-09-06,21:00,0.0,0.0
사월,2026-09-06,21:15,0.0,0.0
사월,2026-09-06,21:30,0.0,0.0
사월,2026-09-06,21:45,0.0,0.0
사월,2026-09-06,22:00,0.0,0.0
사월,2026-09-06,22:15,0.0,0.0
사월,2026-09-06,22:30,0.0,0.0
사월,2026-09-06,22:45,0.0,0.0
사월,2026-09-06,23:00,0.0,0.0
사월,2026-09-06,23:15,0.0,0.0
사월,2026-09-06,23:30,0.0,0.0
사월,2026-09-06,23:45,0.0,0.0
사월,2026-09-06,24:00,0.0,0.0
영남대,2026-09-04,00:15,105.0,420.0
영남대,2026-09-04,00:30,93.0,372.0
영남대,2026-09-04,00:45,67.8,271.2
영남대,2026-09-04,01:00,68.4,273.6
영남대,2026-09-04,01:15,90.6,362.4
영남대,2026-09-04,01:30,85.2,340.8
영남대,2026-09-04,01:45,91.2,364.8
영남대,2026-09-04,02:00,84.6,338.4
영남대,2026-09-04,02:15,86.4,345.6
영남대,2026-09-04,02:30,73.8,295.2
영남대,2026-09-04,02:45,67.8,271.2
영남대,2026-09-04,03:00,69.6,278.4
영남대,2026-09-04,03:15,87.6,350.4
영남대,2026-09-04,03:30,85.8,343.2
영남대,2026-09-04,03:45,89.4,357.6
영남대,2026-09-04,04:00,82.8,331.2
영남대,2026-09-04,04:15,90.0,360.0
영남대,2026-09-04,04:30,71.4,285.6
영남대,2026-09-04,04:45,73.2,292.8
영남대,2026-09-04,05:00,79.8,319.2
영남대,2026-09-04,05:15,113.4,453.6
영남대,2026-09-04,05:30,125.4,501.6
영남대,2026-09-04,05:45,171.0,684.0
영남대,2026-09-04,06:00,142.2,568.8
영남대,2026-09-04,06:15,244.2,976.8
영남대,2026-09-04,06:30,177.0,708.0
영남대,2026-09-04,06:45,206.4,825.6
영남대,2026-09-04,07:00,188.4,753.6
영남대,2026-09-04,07:15,220.8,883.2
영남대,2026-09-04,07:30,250.8,1003.2
영남대,2026-09-04,07:45,244.8,979.2
영남대,2026-09-04,08:00,253.8,1015.2
영남대,2026-09-04,08:15,282.0,1128.0
영남대,2026-09-04,08:30,255.0,1020.0
영남대,2026-09-04,08:45,300.0,1200.0
영남대,2026-09-04,09:00,330.6,1322.4
영남대,2026-09-04,09:15,308.4,1233.6
영남대,2026-09-04,09:30,278.4,1113.6
영남대,2026-09-04,09:45,301.2,1204.8
영남대,2026-09-04,10:00,305.4,1221.6
영남대,2026-09-04,10:15,310.8,1243.2
영남대,2026-09-04,10:30,294.0,1176.0
영남대,2026-09-04,10:45,320.4,1281.6
영남대,2026-09-04,11:00,345.0,1380.0
영남대,2026-09-04,11:15,378.6,1514.4
영남대,2026-09-04,11:30,321.0,1284.0
영남대,2026-09-04,11:45,292.2,1168.8
영남대,2026-09-04,12:00,268.8,1075.2
영남대,2026-09-04,12:15,309.6,1238.4
영남대,2026-09-04,12:30,290.4,1161.6
영남대,2026-09-04,12:45,275.4,1101.6
영남대,2026-09-04,13:00,286.2,1144.8
영남대,2026-09-04,13:15,339.0,1356.0
영남대,2026-09-04,13:30,292.2,1168.8
영남대,2026-09-04,13:45,270.0,1080.0
영남대,2026-09-04,14:00,277.8,1111.2
영남대,2026-09-04,14:15,335.4,1341.6
영남대,2026-09-04,14:30,329.4,1317.6
영남대,2026-09-04,14:45,319.8,1279.2
영남대,2026-09-04,15:00,340.8,1363.2
영남대,2026-09-04,15:15,376.8,1507.2
영남대,2026-09-04,15:30,392.4,1569.6
영남대,2026-09-04,15:45,357.6,1430.4
영남대,2026-09-04,16:00,330.6,1322.4
영남대,2026-09-04,16:15,352.2,1408.8
영남대,2026-09-04,16:30,361.8,1447.2
영남대,2026-09-04,16:45,352.2,1408.8
영남대,2026-09-04,17:00,301.2,1204.8
영남대,2026-09-04,17:15,327.6,1310.4
영남대,2026-09-04,17:30,373.8,1495.2
영남대,2026-09-04,17:45,351.6,1406.4
영남대,2026-09-04,18:00,337.2,1348.8
영남대,2026-09-04,18:15,364.8,1459.2
영남대,2026-09-04,18:30,369.6,1478.4
영남대,2026-09-04,18:45,361.2,1444.8
영남대,2026-09-04,19:00,347.4,1389.6
영남대,2026-09-04,19:15,312.0,1248.0
영남대,2026-09-04,19:30,333.6,1334.4
영남대,2026-09-04,19:45,352.8,1411.2
영남대,2026-09-04,20:00,384.0,1536.0
영남대,2026-09-04,20:15,303.0,1212.0
영남대,2026-09-04,20:30,322.8,1291.2
영남대,2026-09-04,20:45,321.0,1284.0
영남대,2026-09-04,21:00,313.2,1252.8
영남대,2026-09-04,21:15,338.4,1353.6
영남대,2026-09-04,21:30,313.8,1255.2
영남대,2026-09-04,21:45,252.6,1010.4
영남대,2026-09-04,22:00,237.6,950.4
영남대,2026-09-04,22:15,257.4,1029.6
영남대,2026-09-04,22:30,217.2,868.8
영남대,2026-09-04,22:45,202.2,808.8
영남대,2026-09-04,23:00,209.4,837.6
영남대,2026-09-04,23:15,201.6,806.4
영남대,2026-09-04,23:30,219.0,876.0
영남대,2026-09-04,23:45,252.6,1010.4
영남대,2026-09-04,24:00,237.6,950.4
영남대,2026-09-05,00:15,99.0,396.0
영남대,2026-09-05,00:30,90.6,362.4
영남대,2026-09-05,00:45,67.8,271.2
영남대,2026-09-05,01:00,65.4,261.6
영남대,2026-09-05,01:15,94.8,379.2
영남대,2026-09-05,01:30,86.4,345.6
영남대,2026-09-05,01:45,81.6,326.4
영남대,2026-09-05,02:00,88.2,352.8
영남대,2026-09-05,02:15,81.0,324.0
영남대,2026-09-05,02:30,69.0,276.0
영남대,2026-09-05,02:45,66.6,266.4
영남대,2026-09-05,03:00,63.6,254.4
영남대,2026-09-05,03:15,88.2,352.8
영남대,2026-09-05,03:30,88.8,355.2
영남대,2026-09-05,03:45,81.6,326.4
영남대,2026-09-05,04:00,93.6,374.4
영남대,2026-09-05,04:15,79.2,316.8
영남대,2026-09-05,04:30,66.6,266.4
영남대,2026-09-05,04:45,78.6,314.4
영남대,2026-09-05,05:00,90.0,360.0
영남대,2026-09-05,05:15,123.6,494.4
영남대,2026-09-05,05:30,147.6,590.4
영남대,2026-09-05,05:45,156.6,626.4
영남대,2026-09-05,06:00,139.8,559.2
영남대,2026-09-05,06:15,207.6,830.4
영남대,2026-09-05,06:30,178.2,712.8
영남대,2026-09-05,06:45,162.6,650.4
영남대,2026-09-05,07:00,144.0,576.0
영남대,2026-09-05,07:15,193.8,775.2
영남대,2026-09-05,07:30,178.8,715.2
영남대,2026-09-05,07:45,193.8,775.2
영남대,2026-09-05,08:00,182.4,729.6
영남대,2026-09-05,08:15,184.8,739.2
영남대,2026-09-05,08:30,185.4,741.6
영남대,2026-09-05,08:45,178.8,715.2
영남대,2026-09-05,09:00,183.6,734.4
영남대,2026-09-05,09:15,216.0,864.0
영남대,2026-09-05,09:30,218.4,873.6
영남대,2026-09-05,09:45,226.2,904.8
영남대,2026-09-05,10:00,212.4,849.6
영남대,2026-09-05,10:15,244.8,979.2
영남대,2026-09-05,10:30,229.8,919.2
영남대,2026-09-05,10:45,243.0,972.0
영남대,2026-09-05,11:00,285.6,1142.4
영남대,2026-09-05,11:15,318.6,1274.4
영남대,2026-09-05,11:30,312.0,1248.0
영남대,2026-09-05,11:45,255.6,1022.4
영남대,2026-09-05,12:00,242.4,969.6
영남대,2026-09-05,12:15,264.6,1058.4
영남대,2026-09-05,12:30,292.8,1171.2
영남대,2026-09-05,12:45,267.0,1068.0
영남대,2026-09-05,13:00,292.2,1168.8
영남대,2026-09-05,13:15,321.0,1284.0
영남대,2026-09-05,13:30,309.6,1238.4
영남대,2026-09-05,13:45,335.4,1341.6
영남대,2026-09-05,14:00,314.4,1257.6
영남대,2026-09-05,14:15,339.0,1356.0
영남대,2026-09-05,14:30,334.8,1339.2
영남대,2026-09-05,14:45,326.4,1305.6
영남대,2026-09-05,15:00,312.0,1248.0
영남대,2026-09-05,15:15,345.6,1382.4
영남대,2026-09-05,15:30,315.6,1262.4
영남대,2026-09-05,15:45,300.0,1200.0
영남대,2026-09-05,16:00,298.8,1195.2
영남대,2026-09-05,16:15,282.0,1128.0
영남대,2026-09-05,16:30,279.0,1116.0
영남대,2026-09-05,16:45,282.0,1128.0
영남대,2026-09-05,17:00,313.2,1252.8
영남대,2026-09-05,17:15,304.8,1219.2
영남대,2026-09-05,17:30,286.8,1147.2
영남대,2026-09-05,17:45,274.8,1099.2
영남대,2026-09-05,18:00,283.8,1135.2
영남대,2026-09-05,18:15,336.6,1346.4
영남대,2026-09-05,18:30,334.2,1336.8
영남대,2026-09-05,18:45,375.6,1502.4
영남대,2026-09-05,19:00,275.4,1101.6
영남대,2026-09-05,19:15,266.4,1065.6
영남대,2026-09-05,19:30,273.6,1094.4
영남대,2026-09-05,19:45,286.8,1147.2
영남대,2026-09-05,20:00,274.2,1096.8
영남대,2026-09-05,20:15,283.8,1135.2
영남대,2026-09-05,20:30,258.0,1032.0
영남대,2026-09-05,20:45,249.0,996.0
영남대,2026-09-05,21:00,234.6,938.4
영남대,2026-09-05,21:15,274.8,1099.2
영남대,2026-09-05,21:30,245.4,981.6
영남대,2026-09-05,21:45,265.2,1060.8
영남대,2026-09-05,22:00,231.0,924.0
영남대,2026-09-05,22:15,264.0,1056.0
영남대,2026-09-05,22:30,223.8,895.2
영남대,2026-09-05,22:45,197.4,789.6
영남대,2026-09-05,23:00,208.2,832.8
영남대,2026-09-05,23:15,190.2,760.8
영남대,2026-09-05,23:30,185.4,741.6
영남대,2026-09-05,23:45,171.6,686.4
영남대,2026-09-05,24:00,194.4,777.6
영남대,2026-09-06,00:15,114.6,458.4
영남대,2026-09-06,00:30,85.8,343.2
영남대,2026-09-06,00:45,73.2,292.8
영남대,2026-09-06,01:00,70.2,280.8
영남대,2026-09-06,01:15,85.2,340.8
영남대,2026-09-06,01:30,88.2,352.8
영남대,2026-09-06,01:45,82.2,328.8
영남대,2026-09-06,02:00,82.8,331.2
영남대,2026-09-06,02:15,84.0,336.0
영남대,2026-09-06,02:30,64.8,259.2
영남대,2026-09-06,02:45,64.8,259.2
영남대,2026-09-06,03:00,69.6,278.4
영남대,2026-09-06,03:15,81.6,326.4
영남대,2026-09-06,03:30,91.2,364.8
영남대,2026-09-06,03:45,84.0,336.0
영남대,2026-09-06,04:00,81.0,324.0
영남대,2026-09-06,04:15,81.6,326.4
영남대,2026-09-06,04:30,69.6,278.4
영남대,2026-09-06,04:45,66.0,264.0
영남대,2026-09-06,05:00,79.2,316.8
영남대,2026-09-06,05:15,112.8,451.2
영남대,2026-09-06,05:30,124.2,496.8
영남대,2026-09-06,05:45,157.8,631.2
영남대,2026-09-06,06:00,133.8,535.2
영남대,2026-09-06,06:15,206.4,825.6
영남대,2026-09-06,06:30,175.2,700.8
영남대,2026-09-06,06:45,163.8,655.2
영남대,2026-09-06,07:00,147.0,588.0
영남대,2026-09-06,07:15,187.2,748.8
영남대,2026-09-06,07:30,182.4,729.6
영남대,2026-09-06,07:45,186.0,744.0
영남대,2026-09-06,08:00,201.6,806.4
영남대,2026-09-06,08:15,162.6,650.4
영남대,2026-09-06,08:30,175.2,700.8
영남대,2026-09-06,08:45,186.6,746.4
영남대,2026-09-06,09:00,185.4,741.6
영남대,2026-09-06,09:15,199.2,796.8
영남대,2026-09-06,09:30,212.4,849.6
영남대,2026-09-06,09:45,215.4,861.6
영남대,2026-09-06,10:00,211.8,847.2
영남대,2026-09-06,10:15,211.2,844.8
영남대,2026-09-06,10:30,195.6,782.4
영남대,2026-09-06,10:45,205.8,823.2
영남대,2026-09-06,11:00,220.8,883.2
영남대,2026-09-06,11:15,259.2,1036.8
영남대,2026-09-06,11:30,283.2,1132.8
영남대,2026-09-06,11:45,228.6,914.4
영남대,2026-09-06,12:00,238.2,952.8
영남대,2026-09-06,12:15,256.8,1027.2
영남대,2026-09-06,12:30,275.4,1101.6
영남대,2026-09-06,12:45,246.6,986.4
영남대,2026-09-06,13:00,269.4,1077.6
영남대,2026-09-06,13:15,315.6,1262.4
영남대,2026-09-06,13:30,264.6,1058.4
영남대,2026-09-06,13:45,242.4,969.6
영남대,2026-09-06,14:00,234.6,938.4
영남대,2026-09-06,14:15,261.0,1044.0
영남대,2026-09-06,14:30,273.0,1092.0
영남대,2026-09-06,14:45,246.0,984.0
영남대,2026-09-06,15:00,285.0,1140.0
영남대,2026-09-06,15:15,313.2,1252.8
영남대,2026-09-06,15:30,320.4,1281.6
영남대,2026-09-06,15:45,294.0,1176.0
영남대,2026-09-06,16:00,325.2,1300.8
영남대,2026-09-06,16:15,268.8,1075.2
영남대,2026-09-06,16:30,273.6,1094.4
영남대,2026-09-06,16:45,250.8,1003.2
영남대,2026-09-06,17:00,241.8,967.2
영남대,2026-09-06,17:15,231.6,926.4
영남대,2026-09-06,17:30,243.6,974.4
영남대,2026-09-06,17:45,217.2,868.8
영남대,2026-09-06,18:00,252.6,1010.4
영남대,2026-09-06,18:15,252.6,1010.4
영남대,2026-09-06,18:30,0.0,0.0
영남대,2026-09-06,18:45,0.0,0.0
영남대,2026-09-06,19:00,0.0,0.0
영남대,2026-09-06,19:15,0.0,0.0
영남대,2026-09-06,19:30,0.0,0.0
영남대,2026-09-06,19:45,0.0,0.0
영남대,2026-09-06,20:00,0.0,0.0
영남대,2026-09-06,20:15,0.0,0.0
영남대,2026-09-06,20:30,0.0,0.0
영남대,2026-09-06,20:45,0.0,0.0
영남대,2026-09-06,21:00,0.0,0.0
영남대,2026-09-06,21:15,0.0,0.0
영남대,2026-09-06,21:30,0.0,0.0
영남대,2026-09-06,21:45,0.0,0.0
영남대,2026-09-06,22:00,0.0,0.0
영남대,2026-09-06,22:15,0.0,0.0
영남대,2026-09-06,22:30,0.0,0.0
영남대,2026-09-06,22:45,0.0,0.0
영남대,2026-09-06,23:00,0.0,0.0
영남대,2026-09-06,23:15,0.0,0.0
영남대,2026-09-06,23:30,0.0,0.0
영남대,2026-09-06,23:45,0.0,0.0
영남대,2026-09-06,24:00,0.0,0.0
칠곡기지,2026-09-04,00:15,154.8,619.2
칠곡기지,2026-09-04,00:30,105.1,420.5
칠곡기지,2026-09-04,00:45,101.5,406.1
칠곡기지,2026-09-04,01:00,80.6,322.6
칠곡기지,2026-09-04,01:15,88.6,354.2
칠곡기지,2026-09-04,01:30,85.7,342.7
칠곡기지,2026-09-04,01:45,89.3,357.1
칠곡기지,2026-09-04,02:00,84.2,337.0
칠곡기지,2026-09-04,02:15,84.2,337.0
칠곡기지,2026-09-04,02:30,88.6,354.2
칠곡기지,2026-09-04,02:45,90.7,362.9
칠곡기지,2026-09-04,03:00,97.9,391.7
칠곡기지,2026-09-04,03:15,95.0,380.2
칠곡기지,2026-09-04,03:30,99.4,397.4
칠곡기지,2026-09-04,03:45,103.0,411.8
칠곡기지,2026-09-04,04:00,100.1,400.3
칠곡기지,2026-09-04,04:15,100.8,403.2
칠곡기지,2026-09-04,04:30,98.6,394.6
칠곡기지,2026-09-04,04:45,110.2,440.6
칠곡기지,2026-09-04,05:00,124.6,498.2
칠곡기지,2026-09-04,05:15,146.2,584.6
칠곡기지,2026-09-04,05:30,168.5,673.9
칠곡기지,2026-09-04,05:45,252.0,1008.0
칠곡기지,2026-09-04,06:00,215.3,861.1
칠곡기지,2026-09-04,06:15,241.9,967.7
칠곡기지,2026-09-04,06:30,275.8,1103.0
칠곡기지,2026-09-04,06:45,252.0,1008.0
칠곡기지,2026-09-04,07:00,267.1,1068.5
칠곡기지,2026-09-04,07:15,246.2,985.0
칠곡기지,2026-09-04,07:30,256.3,1025.3
칠곡기지,2026-09-04,07:45,259.9,1039.7
칠곡기지,2026-09-04,08:00,277.2,1108.8
칠곡기지,2026-09-04,08:15,289.4,1157.8
칠곡기지,2026-09-04,08:30,309.6,1238.4
칠곡기지,2026-09-04,08:45,313.2,1252.8
칠곡기지,2026-09-04,09:00,311.8,1247.0
칠곡기지,2026-09-04,09:15,361.4,1445.8
칠곡기지,2026-09-04,09:30,360.7,1442.9
칠곡기지,2026-09-04,09:45,326.2,1304.6
칠곡기지,2026-09-04,10:00,303.8,1215.4
칠곡기지,2026-09-04,10:15,352.1,1408.3
칠곡기지,2026-09-04,10:30,304.6,1218.2
칠곡기지,2026-09-04,10:45,306.0,1224.0
칠곡기지,2026-09-04,11:00,311.8,1247.0
칠곡기지,2026-09-04,11:15,318.2,1273.0
칠곡기지,2026-09-04,11:30,301.0,1203.8
칠곡기지,2026-09-04,11:45,295.9,1183.7
칠곡기지,2026-09-04,12:00,362.2,1448.6
칠곡기지,2026-09-04,12:15,366.5,1465.9
칠곡기지,2026-09-04,12:30,344.9,1379.5
칠곡기지,2026-09-04,12:45,338.4,1353.6
칠곡기지,2026-09-04,13:00,316.8,1267.2
칠곡기지,2026-09-04,13:15,276.5,1105.9
칠곡기지,2026-09-04,13:30,316.1,1264.3
칠곡기지,2026-09-04,13:45,298.1,1192.3
칠곡기지,2026-09-04,14:00,311.8,1247.0
칠곡기지,2026-09-04,14:15,290.2,1160.6
칠곡기지,2026-09-04,14:30,341.3,1365.1
칠곡기지,2026-09-04,14:45,357.8,1431.4
칠곡기지,2026-09-04,15:00,373.7,1494.7
칠곡기지,2026-09-04,15:15,387.4,1549.4
칠곡기지,2026-09-04,15:30,376.6,1506.2
칠곡기지,2026-09-04,15:45,376.6,1506.2
칠곡기지,2026-09-04,16:00,362.2,1448.6
칠곡기지,2026-09-04,16:15,403.2,1612.8
칠곡기지,2026-09-04,16:30,397.4,1589.8
칠곡기지,2026-09-04,16:45,371.5,1486.1
칠곡기지,2026-09-04,17:00,388.1,1552.3
칠곡기지,2026-09-04,17:15,403.2,1612.8
칠곡기지,2026-09-04,17:30,382.3,1529.3
칠곡기지,2026-09-04,17:45,377.3,1509.1
칠곡기지,2026-09-04,18:00,377.3,1509.1
칠곡기지,2026-09-04,18:15,371.5,1486.1
칠곡기지,2026-09-04,18:30,338.4,1353.6
칠곡기지,2026-09-04,18:45,341.3,1365.1
칠곡기지,2026-09-04,19:00,342.0,1368.0
칠곡기지,2026-09-04,19:15,353.5,1414.1
칠곡기지,2026-09-04,19:30,326.2,1304.6
칠곡기지,2026-09-04,19:45,330.5,1321.9
칠곡기지,2026-09-04,20:00,329.8,1319.0
칠곡기지,2026-09-04,20:15,306.0,1224.0
칠곡기지,2026-09-04,20:30,296.6,1186.6
칠곡기지,2026-09-04,20:45,283.0,1131.8
칠곡기지,2026-09-04,21:00,300.2,1201.0
칠곡기지,2026-09-04,21:15,300.2,1201.0
칠곡기지,2026-09-04,21:30,343.4,1373.8
칠곡기지,2026-09-04,21:45,343.4,1373.8
칠곡기지,2026-09-04,22:00,334.8,1339.2
칠곡기지,2026-09-04,22:15,274.3,1097.3
칠곡기지,2026-09-04,22:30,250.6,1002.2
칠곡기지,2026-09-04,22:45,259.2,1036.8
칠곡기지,2026-09-04,23:00,245.5,982.1
칠곡기지,2026-09-04,23:15,255.6,1022.4
칠곡기지,2026-09-04,23:30,261.4,1045.4
칠곡기지,2026-09-04,23:45,241.2,964.8
칠곡기지,2026-09-04,24:00,216.7,866.9
칠곡기지,2026-09-05,00:15,157.0,627.8
칠곡기지,2026-09-05,00:30,105.1,420.5
칠곡기지,2026-09-05,00:45,102.2,409.0
칠곡기지,2026-09-05,01:00,95.8,383.0
칠곡기지,2026-09-05,01:15,95.8,383.0
칠곡기지,2026-09-05,01:30,95.0,380.2
칠곡기지,2026-09-05,01:45,93.6,374.4
칠곡기지,2026-09-05,02:00,93.6,374.4
칠곡기지,2026-09-05,02:15,95.8,383.0
칠곡기지,2026-09-05,02:30,92.9,371.5
칠곡기지,2026-09-05,02:45,96.5,385.9
칠곡기지,2026-09-05,03:00,89.3,357.1
칠곡기지,2026-09-05,03:15,93.6,374.4
칠곡기지,2026-09-05,03:30,91.4,365.8
칠곡기지,2026-09-05,03:45,86.4,345.6
칠곡기지,2026-09-05,04:00,95.0,380.2
칠곡기지,2026-09-05,04:15,95.0,380.2
칠곡기지,2026-09-05,04:30,91.4,365.8
칠곡기지,2026-09-05,04:45,104.4,417.6
칠곡기지,2026-09-05,05:00,113.0,452.2
칠곡기지,2026-09-05,05:15,128.2,512.6
칠곡기지,2026-09-05,05:30,140.4,561.6
칠곡기지,2026-09-05,05:45,190.1,760.3
칠곡기지,2026-09-05,06:00,184.3,737.3
칠곡기지,2026-09-05,06:15,218.9,875.5
칠곡기지,2026-09-05,06:30,233.3,933.1
칠곡기지,2026-09-05,06:45,226.8,907.2
칠곡기지,2026-09-05,07:00,221.8,887.0
칠곡기지,2026-09-05,07:15,234.0,936.0
칠곡기지,2026-09-05,07:30,218.2,872.6
칠곡기지,2026-09-05,07:45,200.9,803.5
칠곡기지,2026-09-05,08:00,208.1,832.3
칠곡기지,2026-09-05,08:15,234.7,938.9
칠곡기지,2026-09-05,08:30,273.6,1094.4
칠곡기지,2026-09-05,08:45,255.6,1022.4
칠곡기지,2026-09-05,09:00,244.8,979.2
칠곡기지,2026-09-05,09:15,311.0,1244.2
칠곡기지,2026-09-05,09:30,312.5,1249.9
칠곡기지,2026-09-05,09:45,272.2,1088.6
칠곡기지,2026-09-05,10:00,280.1,1120.3
칠곡기지,2026-09-05,10:15,265.0,1059.8
칠곡기지,2026-09-05,10:30,221.0,884.2
칠곡기지,2026-09-05,10:45,239.8,959.0
칠곡기지,2026-09-05,11:00,250.6,1002.2
칠곡기지,2026-09-05,11:15,254.2,1016.6
칠곡기지,2026-09-05,11:30,249.1,996.5
칠곡기지,2026-09-05,11:45,234.0,936.0
칠곡기지,2026-09-05,12:00,264.2,1057.0
칠곡기지,2026-09-05,12:15,309.6,1238.4
칠곡기지,2026-09-05,12:30,295.2,1180.8
칠곡기지,2026-09-05,12:45,298.8,1195.2
칠곡기지,2026-09-05,13:00,298.8,1195.2
칠곡기지,2026-09-05,13:15,303.8,1215.4
칠곡기지,2026-09-05,13:30,321.8,1287.4
칠곡기지,2026-09-05,13:45,334.1,1336.3
칠곡기지,2026-09-05,14:00,327.6,1310.4
칠곡기지,2026-09-05,14:15,301.7,1206.7
칠곡기지,2026-09-05,14:30,309.6,1238.4
칠곡기지,2026-09-05,14:45,287.3,1149.1
칠곡기지,2026-09-05,15:00,301.7,1206.7
칠곡기지,2026-09-05,15:15,345.6,1382.4
칠곡기지,2026-09-05,15:30,353.5,1414.1
칠곡기지,2026-09-05,15:45,354.2,1417.0
칠곡기지,2026-09-05,16:00,362.9,1451.5
칠곡기지,2026-09-05,16:15,377.3,1509.1
칠곡기지,2026-09-05,16:30,364.3,1457.3
칠곡기지,2026-09-05,16:45,357.1,1428.5
칠곡기지,2026-09-05,17:00,370.1,1480.3
칠곡기지,2026-09-05,17:15,297.4,1189.4
칠곡기지,2026-09-05,17:30,283.7,1134.7
칠곡기지,2026-09-05,17:45,282.2,1129.0
칠곡기지,2026-09-05,18:00,272.9,1091.5
칠곡기지,2026-09-05,18:15,285.1,1140.5
칠곡기지,2026-09-05,18:30,285.1,1140.5
칠곡기지,2026-09-05,18:45,307.4,1229.8
칠곡기지,2026-09-05,19:00,301.0,1203.8
칠곡기지,2026-09-05,19:15,303.1,1212.5
칠곡기지,2026-09-05,19:30,295.2,1180.8
칠곡기지,2026-09-05,19:45,281.5,1126.1
칠곡기지,2026-09-05,20:00,284.4,1137.6
칠곡기지,2026-09-05,20:15,273.6,1094.4
칠곡기지,2026-09-05,20:30,288.7,1154.9
칠곡기지,2026-09-05,20:45,288.0,1152.0
칠곡기지,2026-09-05,21:00,262.1,1048.3
칠곡기지,2026-09-05,21:15,272.2,1088.6
칠곡기지,2026-09-05,21:30,275.8,1103.0
칠곡기지,2026-09-05,21:45,269.3,1077.1
칠곡기지,2026-09-05,22:00,262.8,1051.2
칠곡기지,2026-09-05,22:15,270.7,1082.9
칠곡기지,2026-09-05,22:30,277.9,1111.7
칠곡기지,2026-09-05,22:45,239.8,959.0
칠곡기지,2026-09-05,23:00,226.8,907.2
칠곡기지,2026-09-05,23:15,236.9,947.5
칠곡기지,2026-09-05,23:30,224.6,898.6
칠곡기지,2026-09-05,23:45,187.2,748.8
칠곡기지,2026-09-05,24:00,175.0,699.8
칠곡기지,2026-09-06,00:15,145.4,581.8
칠곡기지,2026-09-06,00:30,103.7,414.7
칠곡기지,2026-09-06,00:45,98.6,394.6
칠곡기지,2026-09-06,01:00,94.3,377.3
칠곡기지,2026-09-06,01:15,89.3,357.1
칠곡기지,2026-09-06,01:30,88.6,354.2
칠곡기지,2026-09-06,01:45,91.4,365.8
칠곡기지,2026-09-06,02:00,90.7,362.9
칠곡기지,2026-09-06,02:15,88.6,354.2
칠곡기지,2026-09-06,02:30,99.4,397.4
칠곡기지,2026-09-06,02:45,94.3,377.3
칠곡기지,2026-09-06,03:00,94.3,377.3
칠곡기지,2026-09-06,03:15,90.0,360.0
칠곡기지,2026-09-06,03:30,94.3,377.3
칠곡기지,2026-09-06,03:45,87.8,351.4
칠곡기지,2026-09-06,04:00,93.6,374.4
칠곡기지,2026-09-06,04:15,95.0,380.2
칠곡기지,2026-09-06,04:30,91.4,365.8
칠곡기지,2026-09-06,04:45,108.0,432.0
칠곡기지,2026-09-06,05:00,118.8,475.2
칠곡기지,2026-09-06,05:15,145.4,581.8
칠곡기지,2026-09-06,05:30,159.8,639.4
칠곡기지,2026-09-06,05:45,232.6,930.2
칠곡기지,2026-09-06,06:00,231.8,927.4
칠곡기지,2026-09-06,06:15,257.8,1031.0
칠곡기지,2026-09-06,06:30,293.8,1175.0
칠곡기지,2026-09-06,06:45,275.8,1103.0
칠곡기지,2026-09-06,07:00,282.2,1129.0
칠곡기지,2026-09-06,07:15,277.9,1111.7
칠곡기지,2026-09-06,07:30,293.8,1175.0
칠곡기지,2026-09-06,07:45,303.8,1215.4
칠곡기지,2026-09-06,08:00,308.2,1232.6
칠곡기지,2026-09-06,08:15,313.2,1252.8
칠곡기지,2026-09-06,08:30,306.7,1226.9
칠곡기지,2026-09-06,08:45,334.1,1336.3
칠곡기지,2026-09-06,09:00,324.7,1298.9
칠곡기지,2026-09-06,09:15,308.2,1232.6
칠곡기지,2026-09-06,09:30,275.0,1100.2
칠곡기지,2026-09-06,09:45,258.5,1033.9
칠곡기지,2026-09-06,10:00,244.8,979.2
칠곡기지,2026-09-06,10:15,246.2,985.0
칠곡기지,2026-09-06,10:30,266.4,1065.6
칠곡기지,2026-09-06,10:45,223.9,895.7
칠곡기지,2026-09-06,11:00,199.4,797.8
칠곡기지,2026-09-06,11:15,258.5,1033.9
칠곡기지,2026-09-06,11:30,267.8,1071.4
칠곡기지,2026-09-06,11:45,254.9,1019.5
칠곡기지,2026-09-06,12:00,262.1,1048.3
칠곡기지,2026-09-06,12:15,264.2,1057.0
칠곡기지,2026-09-06,12:30,268.6,1074.2
칠곡기지,2026-09-06,12:45,261.4,1045.4
칠곡기지,2026-09-06,13:00,259.2,1036.8
칠곡기지,2026-09-06,13:15,273.6,1094.4
칠곡기지,2026-09-06,13:30,272.2,1088.6
칠곡기지,2026-09-06,13:45,257.0,1028.2
칠곡기지,2026-09-06,14:00,265.7,1062.7
칠곡기지,2026-09-06,14:15,274.3,1097.3
칠곡기지,2026-09-06,14:30,262.1,1048.3
칠곡기지,2026-09-06,14:45,307.4,1229.8
칠곡기지,2026-09-06,15:00,326.9,1307.5
칠곡기지,2026-09-06,15:15,328.3,1313.3
칠곡기지,2026-09-06,15:30,326.9,1307.5
칠곡기지,2026-09-06,15:45,344.2,1376.6
칠곡기지,2026-09-06,16:00,347.8,1391.0
칠곡기지,2026-09-06,16:15,346.3,1385.3
칠곡기지,2026-09-06,16:30,355.7,1422.7
칠곡기지,2026-09-06,16:45,349.2,1396.8
칠곡기지,2026-09-06,17:00,340.6,1362.2
칠곡기지,2026-09-06,17:15,337.0,1347.8
칠곡기지,2026-09-06,17:30,336.2,1345.0
칠곡기지,2026-09-06,17:45,320.4,1281.6
칠곡기지,2026-09-06,18:00,257.8,1031.0
칠곡기지,2026-09-06,18:15,262.1,1048.3
칠곡기지,2026-09-06,18:30,260.6,1042.6
칠곡기지,2026-09-06,18:45,0.0,0.0
칠곡기지,2026-09-06,19:00,0.0,0.0
칠곡기지,2026-09-06,19:15,0.0,0.0
칠곡기지,2026-09-06,19:30,0.0,0.0
칠곡기지,2026-09-06,19:45,0.0,0.0
칠곡기지,2026-09-06,20:00,0.0,0.0
칠곡기지,2026-09-06,20:15,0.0,0.0
칠곡기지,2026-09-06,20:30,0.0,0.0
칠곡기지,2026-09-06,20:45,0.0,0.0
칠곡기지,2026-09-06,21:00,0.0,0.0
칠곡기지,2026-09-06,21:15,0.0,0.0
칠곡기지,2026-09-06,21:30,0.0,0.0
칠곡기지,2026-09-06,21:45,0.0,0.0
칠곡기지,2026-09-06,22:00,0.0,0.0
칠곡기지,2026-09-06,22:15,0.0,0.0
칠곡기지,2026-09-06,22:30,0.0,0.0
칠곡기지,2026-09-06,22:45,0.0,0.0
칠곡기지,2026-09-06,23:00,0.0,0.0
칠곡기지,2026-09-06,23:15,0.0,0.0
칠곡기지,2026-09-06,23:30,0.0,0.0
칠곡기지,2026-09-06,23:45,0.0,0.0
칠곡기지,2026-09-06,24:00,0.0,0.0
팔달시장,2026-09-04,00:15,99.4,397.4
팔달시장,2026-09-04,00:30,72.0,288.0
팔달시장,2026-09-04,00:45,68.4,273.6
팔달시장,2026-09-04,01:00,61.2,244.8
팔달시장,2026-09-04,01:15,62.6,250.6
팔달시장,2026-09-04,01:30,61.9,247.7
팔달시장,2026-09-04,01:45,60.5,241.9
팔달시장,2026-09-04,02:00,59.8,239.0
팔달시장,2026-09-04,02:15,67.7,270.7
팔달시장,2026-09-04,02:30,58.3,233.3
팔달시장,2026-09-04,02:45,62.6,250.6
팔달시장,2026-09-04,03:00,59.0,236.2
팔달시장,2026-09-04,03:15,59.8,239.0
팔달시장,2026-09-04,03:30,55.4,221.8
팔달시장,2026-09-04,03:45,68.4,273.6
팔달시장,2026-09-04,04:00,67.0,267.8
팔달시장,2026-09-04,04:15,64.8,259.2
팔달시장,2026-09-04,04:30,64.8,259.2
팔달시장,2026-09-04,04:45,67.7,270.7
팔달시장,2026-09-04,05:00,66.2,265.0
팔달시장,2026-09-04,05:15,70.6,282.2
팔달시장,2026-09-04,05:30,75.6,302.4
팔달시장,2026-09-04,05:45,106.6,426.2
팔달시장,2026-09-04,06:00,198.0,792.0
팔달시장,2026-09-04,06:15,239.8,959.0
팔달시장,2026-09-04,06:30,250.6,1002.2
팔달시장,2026-09-04,06:45,360.7,1442.9
팔달시장,2026-09-04,07:00,395.3,1581.1
팔달시장,2026-09-04,07:15,409.7,1638.7
팔달시장,2026-09-04,07:30,419.8,1679.0
팔달시장,2026-09-04,07:45,424.8,1699.2
팔달시장,2026-09-04,08:00,429.8,1719.4
팔달시장,2026-09-04,08:15,424.1,1696.3
팔달시장,2026-09-04,08:30,398.9,1595.5
팔달시장,2026-09-04,08:45,419.8,1679.0
팔달시장,2026-09-04,09:00,401.0,1604.2
팔달시장,2026-09-04,09:15,339.8,1359.4
팔달시장,2026-09-04,09:30,322.6,1290.2
팔달시장,2026-09-04,09:45,345.6,1382.4
팔달시장,2026-09-04,10:00,361.4,1445.8
팔달시장,2026-09-04,10:15,308.9,1235.5
팔달시장,2026-09-04,10:30,362.9,1451.5
팔달시장,2026-09-04,10:45,357.8,1431.4
팔달시장,2026-09-04,11:00,365.8,1463.0
팔달시장,2026-09-04,11:15,360.0,1440.0
팔달시장,2026-09-04,11:30,380.9,1523.5
팔달시장,2026-09-04,11:45,357.8,1431.4
팔달시장,2026-09-04,12:00,301.7,1206.7
팔달시장,2026-09-04,12:15,299.5,1198.1
팔달시장,2026-09-04,12:30,306.7,1226.9
팔달시장,2026-09-04,12:45,299.5,1198.1
팔달시장,2026-09-04,13:00,337.0,1347.8
팔달시장,2026-09-04,13:15,400.3,1601.3
팔달시장,2026-09-04,13:30,354.2,1417.0
팔달시장,2026-09-04,13:45,382.3,1529.3
팔달시장,2026-09-04,14:00,382.3,1529.3
팔달시장,2026-09-04,14:15,379.4,1517.8
팔달시장,2026-09-04,14:30,321.8,1287.4
팔달시장,2026-09-04,14:45,283.0,1131.8
팔달시장,2026-09-04,15:00,290.2,1160.6
팔달시장,2026-09-04,15:15,298.1,1192.3
팔달시장,2026-09-04,15:30,302.4,1209.6
팔달시장,2026-09-04,15:45,293.0,1172.2
팔달시장,2026-09-04,16:00,288.7,1154.9
팔달시장,2026-09-04,16:15,308.9,1235.5
팔달시장,2026-09-04,16:30,317.5,1270.1
팔달시장,2026-09-04,16:45,325.4,1301.8
팔달시장,2026-09-04,17:00,334.8,1339.2
팔달시장,2026-09-04,17:15,355.7,1422.7
팔달시장,2026-09-04,17:30,344.9,1379.5
팔달시장,2026-09-04,17:45,356.4,1425.6
팔달시장,2026-09-04,18:00,344.2,1376.6
팔달시장,2026-09-04,18:15,367.9,1471.7
팔달시장,2026-09-04,18:30,371.5,1486.1
팔달시장,2026-09-04,18:45,383.0,1532.2
팔달시장,2026-09-04,19:00,365.8,1463.0
팔달시장,2026-09-04,19:15,349.2,1396.8
팔달시장,2026-09-04,19:30,324.7,1298.9
팔달시장,2026-09-04,19:45,313.9,1255.7
팔달시장,2026-09-04,20:00,257.8,1031.0
팔달시장,2026-09-04,20:15,301.0,1203.8
팔달시장,2026-09-04,20:30,301.7,1206.7
팔달시장,2026-09-04,20:45,301.0,1203.8
팔달시장,2026-09-04,21:00,309.6,1238.4
팔달시장,2026-09-04,21:15,277.2,1108.8
팔달시장,2026-09-04,21:30,204.5,817.9
팔달시장,2026-09-04,21:45,216.0,864.0
팔달시장,2026-09-04,22:00,207.4,829.4
팔달시장,2026-09-04,22:15,267.8,1071.4
팔달시장,2026-09-04,22:30,244.1,976.3
팔달시장,2026-09-04,22:45,255.6,1022.4
팔달시장,2026-09-04,23:00,256.3,1025.3
팔달시장,2026-09-04,23:15,247.0,987.8
팔달시장,2026-09-04,23:30,169.2,676.8
팔달시장,2026-09-04,23:45,128.2,512.6
팔달시장,2026-09-04,24:00,103.0,411.8
팔달시장,2026-09-05,00:15,81.4,325.4
팔달시장,2026-09-05,00:30,61.9,247.7
팔달시장,2026-09-05,00:45,59.0,236.2
팔달시장,2026-09-05,01:00,58.3,233.3
팔달시장,2026-09-05,01:15,59.8,239.0
팔달시장,2026-09-05,01:30,59.0,236.2
팔달시장,2026-09-05,01:45,57.6,230.4
팔달시장,2026-09-05,02:00,59.0,236.2
팔달시장,2026-09-05,02:15,63.4,253.4
팔달시장,2026-09-05,02:30,63.4,253.4
팔달시장,2026-09-05,02:45,62.6,250.6
팔달시장,2026-09-05,03:00,60.5,241.9
팔달시장,2026-09-05,03:15,63.4,253.4
팔달시장,2026-09-05,03:30,61.9,247.7
팔달시장,2026-09-05,03:45,64.1,256.3
팔달시장,2026-09-05,04:00,61.2,244.8
팔달시장,2026-09-05,04:15,61.2,244.8
팔달시장,2026-09-05,04:30,61.2,244.8
팔달시장,2026-09-05,04:45,64.1,256.3
팔달시장,2026-09-05,05:00,62.6,250.6
팔달시장,2026-09-05,05:15,64.8,259.2
팔달시장,2026-09-05,05:30,77.0,308.2
팔달시장,2026-09-05,05:45,147.6,590.4
팔달시장,2026-09-05,06:00,187.9,751.7
팔달시장,2026-09-05,06:15,199.4,797.8
팔달시장,2026-09-05,06:30,209.5,838.1
팔달시장,2026-09-05,06:45,213.1,852.5
팔달시장,2026-09-05,07:00,221.0,884.2
팔달시장,2026-09-05,07:15,226.8,907.2
팔달시장,2026-09-05,07:30,293.8,1175.0
팔달시장,2026-09-05,07:45,340.6,1362.2
팔달시장,2026-09-05,08:00,354.2,1417.0
팔달시장,2026-09-05,08:15,347.8,1391.0
팔달시장,2026-09-05,08:30,311.8,1247.0
팔달시장,2026-09-05,08:45,383.8,1535.0
팔달시장,2026-09-05,09:00,369.4,1477.4
팔달시장,2026-09-05,09:15,313.9,1255.7
팔달시장,2026-09-05,09:30,295.9,1183.7
팔달시장,2026-09-05,09:45,335.5,1342.1
팔달시장,2026-09-05,10:00,321.8,1287.4
팔달시장,2026-09-05,10:15,334.8,1339.2
팔달시장,2026-09-05,10:30,390.2,1561.0
팔달시장,2026-09-05,10:45,406.1,1624.3
팔달시장,2026-09-05,11:00,414.0,1656.0
팔달시장,2026-09-05,11:15,413.3,1653.1
팔달시장,2026-09-05,11:30,417.6,1670.4
팔달시장,2026-09-05,11:45,421.9,1687.7
팔달시장,2026-09-05,12:00,383.0,1532.2
팔달시장,2026-09-05,12:15,336.2,1345.0
팔달시장,2026-09-05,12:30,358.6,1434.2
팔달시장,2026-09-05,12:45,359.3,1437.1
팔달시장,2026-09-05,13:00,361.4,1445.8
팔달시장,2026-09-05,13:15,361.4,1445.8
팔달시장,2026-09-05,13:30,377.3,1509.1
팔달시장,2026-09-05,13:45,375.1,1500.5
팔달시장,2026-09-05,14:00,360.7,1442.9
팔달시장,2026-09-05,14:15,347.8,1391.0
팔달시장,2026-09-05,14:30,350.6,1402.6
팔달시장,2026-09-05,14:45,339.1,1356.5
팔달시장,2026-09-05,15:00,307.4,1229.8
팔달시장,2026-09-05,15:15,246.2,985.0
팔달시장,2026-09-05,15:30,248.4,993.6
팔달시장,2026-09-05,15:45,254.9,1019.5
팔달시장,2026-09-05,16:00,261.4,1045.4
팔달시장,2026-09-05,16:15,268.6,1074.2
팔달시장,2026-09-05,16:30,265.0,1059.8
팔달시장,2026-09-05,16:45,270.7,1082.9
팔달시장,2026-09-05,17:00,270.0,1080.0
팔달시장,2026-09-05,17:15,329.8,1319.0
팔달시장,2026-09-05,17:30,339.8,1359.4
팔달시장,2026-09-05,17:45,347.0,1388.2
팔달시장,2026-09-05,18:00,343.4,1373.8
팔달시장,2026-09-05,18:15,356.4,1425.6
팔달시장,2026-09-05,18:30,347.8,1391.0
팔달시장,2026-09-05,18:45,357.8,1431.4
팔달시장,2026-09-05,19:00,367.9,1471.7
팔달시장,2026-09-05,19:15,352.1,1408.3
팔달시장,2026-09-05,19:30,336.2,1345.0
팔달시장,2026-09-05,19:45,337.7,1350.7
팔달시장,2026-09-05,20:00,317.5,1270.1
팔달시장,2026-09-05,20:15,328.3,1313.3
팔달시장,2026-09-05,20:30,324.0,1296.0
팔달시장,2026-09-05,20:45,329.8,1319.0
팔달시장,2026-09-05,21:00,320.4,1281.6
팔달시장,2026-09-05,21:15,293.0,1172.2
팔달시장,2026-09-05,21:30,307.4,1229.8
팔달시장,2026-09-05,21:45,292.3,1169.3
팔달시장,2026-09-05,22:00,272.2,1088.6
팔달시장,2026-09-05,22:15,276.5,1105.9
팔달시장,2026-09-05,22:30,268.6,1074.2
팔달시장,2026-09-05,22:45,236.9,947.5
팔달시장,2026-09-05,23:00,246.2,985.0
팔달시장,2026-09-05,23:15,226.8,907.2
팔달시장,2026-09-05,23:30,216.0,864.0
팔달시장,2026-09-05,23:45,187.9,751.7
팔달시장,2026-09-05,24:00,144.0,576.0
팔달시장,2026-09-06,00:15,85.7,342.7
팔달시장,2026-09-06,00:30,67.0,267.8
팔달시장,2026-09-06,00:45,61.9,247.7
팔달시장,2026-09-06,01:00,58.3,233.3
팔달시장,2026-09-06,01:15,58.3,233.3
팔달시장,2026-09-06,01:30,59.8,239.0
팔달시장,2026-09-06,01:45,60.5,241.9
팔달시장,2026-09-06,02:00,59.8,239.0
팔달시장,2026-09-06,02:15,57.6,230.4
팔달시장,2026-09-06,02:30,56.2,224.6
팔달시장,2026-09-06,02:45,55.4,221.8
팔달시장,2026-09-06,03:00,56.2,224.6
팔달시장,2026-09-06,03:15,56.2,224.6
팔달시장,2026-09-06,03:30,54.0,216.0
팔달시장,2026-09-06,03:45,55.4,221.8
팔달시장,2026-09-06,04:00,54.7,218.9
팔달시장,2026-09-06,04:15,56.9,227.5
팔달시장,2026-09-06,04:30,56.9,227.5
팔달시장,2026-09-06,04:45,58.3,233.3
팔달시장,2026-09-06,05:00,59.0,236.2
팔달시장,2026-09-06,05:15,62.6,250.6
팔달시장,2026-09-06,05:30,68.4,273.6
팔달시장,2026-09-06,05:45,110.2,440.6
팔달시장,2026-09-06,06:00,144.7,578.9
팔달시장,2026-09-06,06:15,163.4,653.8
팔달시장,2026-09-06,06:30,179.3,717.1
팔달시장,2026-09-06,06:45,173.5,694.1
팔달시장,2026-09-06,07:00,181.4,725.8
팔달시장,2026-09-06,07:15,182.9,731.5
팔달시장,2026-09-06,07:30,207.4,829.4
팔달시장,2026-09-06,07:45,214.6,858.2
팔달시장,2026-09-06,08:00,199.4,797.8
팔달시장,2026-09-06,08:15,208.1,832.3
팔달시장,2026-09-06,08:30,202.3,809.3
팔달시장,2026-09-06,08:45,220.3,881.3
팔달시장,2026-09-06,09:00,223.2,892.8
팔달시장,2026-09-06,09:15,298.8,1195.2
팔달시장,2026-09-06,09:30,308.9,1235.5
팔달시장,2026-09-06,09:45,313.9,1255.7
팔달시장,2026-09-06,10:00,322.6,1290.2
팔달시장,2026-09-06,10:15,334.8,1339.2
팔달시장,2026-09-06,10:30,354.2,1417.0
팔달시장,2026-09-06,10:45,400.3,1601.3
팔달시장,2026-09-06,11:00,427.7,1710.7
팔달시장,2026-09-06,11:15,406.1,1624.3
팔달시장,2026-09-06,11:30,376.6,1506.2
팔달시장,2026-09-06,11:45,372.2,1489.0
팔달시장,2026-09-06,12:00,382.3,1529.3
팔달시장,2026-09-06,12:15,380.2,1520.6
팔달시장,2026-09-06,12:30,377.3,1509.1
팔달시장,2026-09-06,12:45,375.1,1500.5
팔달시장,2026-09-06,13:00,367.2,1468.8
팔달시장,2026-09-06,13:15,363.6,1454.4
팔달시장,2026-09-06,13:30,365.0,1460.2
팔달시장,2026-09-06,13:45,367.2,1468.8
팔달시장,2026-09-06,14:00,373.7,1494.7
팔달시장,2026-09-06,14:15,385.2,1540.8
팔달시장,2026-09-06,14:30,384.5,1537.9
팔달시장,2026-09-06,14:45,295.9,1183.7
팔달시장,2026-09-06,15:00,284.4,1137.6
팔달시장,2026-09-06,15:15,279.4,1117.4
팔달시장,2026-09-06,15:30,290.9,1163.5
팔달시장,2026-09-06,15:45,295.2,1180.8
팔달시장,2026-09-06,16:00,288.0,1152.0
팔달시장,2026-09-06,16:15,293.8,1175.0
팔달시장,2026-09-06,16:30,298.8,1195.2
팔달시장,2026-09-06,16:45,289.4,1157.8
팔달시장,2026-09-06,17:00,293.8,1175.0
팔달시장,2026-09-06,17:15,292.3,1169.3
팔달시장,2026-09-06,17:30,298.1,1192.3
팔달시장,2026-09-06,17:45,302.4,1209.6
팔달시장,2026-09-06,18:00,382.3,1529.3
팔달시장,2026-09-06,18:15,378.0,1512.0
팔달시장,2026-09-06,18:30,376.6,1506.2
팔달시장,2026-09-06,18:45,0.0,0.0
팔달시장,2026-09-06,19:00,0.0,0.0
팔달시장,2026-09-06,19:15,0.0,0.0
팔달시장,2026-09-06,19:30,0.0,0.0
팔달시장,2026-09-06,19:45,0.0,0.0
팔달시장,2026-09-06,20:00,0.0,0.0
팔달시장,2026-09-06,20:15,0.0,0.0
팔달시장,2026-09-06,20:30,0.0,0.0
팔달시장,2026-09-06,20:45,0.0,0.0
팔달시장,2026-09-06,21:00,0.0,0.0
팔달시장,2026-09-06,21:15,0.0,0.0
팔달시장,2026-09-06,21:30,0.0,0.0
팔달시장,2026-09-06,21:45,0.0,0.0
팔달시장,2026-09-06,22:00,0.0,0.0
팔달시장,2026-09-06,22:15,0.0,0.0
팔달시장,2026-09-06,22:30,0.0,0.0
팔달시장,2026-09-06,22:45,0.0,0.0
팔달시장,2026-09-06,23:00,0.0,0.0
팔달시장,2026-09-06,23:15,0.0,0.0
팔달시장,2026-09-06,23:30,0.0,0.0
팔달시장,2026-09-06,23:45,0.0,0.0
팔달시장,2026-09-06,24:00,0.0,0.0
남산,2026-09-04,00:15,152.6,610.6
남산,2026-09-04,00:30,118.8,475.2
남산,2026-09-04,00:45,113.8,455.0
남산,2026-09-04,01:00,100.1,400.3
남산,2026-09-04,01:15,98.6,394.6
남산,2026-09-04,01:30,91.4,365.8
남산,2026-09-04,01:45,97.2,388.8
남산,2026-09-04,02:00,95.0,380.2
남산,2026-09-04,02:15,100.8,403.2
남산,2026-09-04,02:30,100.8,403.2
남산,2026-09-04,02:45,95.0,380.2
남산,2026-09-04,03:00,95.8,383.0
남산,2026-09-04,03:15,97.2,388.8
남산,2026-09-04,03:30,96.5,385.9
남산,2026-09-04,03:45,94.3,377.3
남산,2026-09-04,04:00,97.2,388.8
남산,2026-09-04,04:15,97.2,388.8
남산,2026-09-04,04:30,91.4,365.8
남산,2026-09-04,04:45,96.5,385.9
남산,2026-09-04,05:00,99.4,397.4
남산,2026-09-04,05:15,131.0,524.2
남산,2026-09-04,05:30,141.1,564.5
남산,2026-09-04,05:45,179.3,717.1
남산,2026-09-04,06:00,223.9,895.7
남산,2026-09-04,06:15,244.8,979.2
남산,2026-09-04,06:30,267.8,1071.4
남산,2026-09-04,06:45,250.6,1002.2
남산,2026-09-04,07:00,282.2,1129.0
남산,2026-09-04,07:15,311.0,1244.2
남산,2026-09-04,07:30,360.0,1440.0
남산,2026-09-04,07:45,358.6,1434.2
남산,2026-09-04,08:00,376.6,1506.2
남산,2026-09-04,08:15,399.6,1598.4
남산,2026-09-04,08:30,395.3,1581.1
남산,2026-09-04,08:45,406.1,1624.3
남산,2026-09-04,09:00,375.1,1500.5
남산,2026-09-04,09:15,367.2,1468.8
남산,2026-09-04,09:30,372.2,1489.0
남산,2026-09-04,09:45,358.6,1434.2
남산,2026-09-04,10:00,338.4,1353.6
남산,2026-09-04,10:15,352.8,1411.2
남산,2026-09-04,10:30,354.2,1417.0
남산,2026-09-04,10:45,326.9,1307.5
남산,2026-09-04,11:00,337.0,1347.8
남산,2026-09-04,11:15,344.2,1376.6
남산,2026-09-04,11:30,349.2,1396.8
남산,2026-09-04,11:45,368.6,1474.6
남산,2026-09-04,12:00,378.0,1512.0
남산,2026-09-04,12:15,387.4,1549.4
남산,2026-09-04,12:30,387.4,1549.4
남산,2026-09-04,12:45,387.4,1549.4
남산,2026-09-04,13:00,383.8,1535.0
남산,2026-09-04,13:15,348.5,1393.9
남산,2026-09-04,13:30,360.0,1440.0
남산,2026-09-04,13:45,352.1,1408.3
남산,2026-09-04,14:00,362.2,1448.6
남산,2026-09-04,14:15,347.8,1391.0
남산,2026-09-04,14:30,373.0,1491.8
남산,2026-09-04,14:45,376.6,1506.2
남산,2026-09-04,15:00,370.1,1480.3
남산,2026-09-04,15:15,382.3,1529.3
남산,2026-09-04,15:30,373.0,1491.8
남산,2026-09-04,15:45,375.8,1503.4
남산,2026-09-04,16:00,370.8,1483.2
남산,2026-09-04,16:15,398.9,1595.5
남산,2026-09-04,16:30,393.8,1575.4
남산,2026-09-04,16:45,365.8,1463.0
남산,2026-09-04,17:00,352.1,1408.3
남산,2026-09-04,17:15,376.6,1506.2
남산,2026-09-04,17:30,396.7,1586.9
남산,2026-09-04,17:45,419.0,1676.2
남산,2026-09-04,18:00,410.4,1641.6
남산,2026-09-04,18:15,418.3,1673.3
남산,2026-09-04,18:30,426.2,1705.0
남산,2026-09-04,18:45,422.6,1690.6
남산,2026-09-04,19:00,388.8,1555.2
남산,2026-09-04,19:15,375.1,1500.5
남산,2026-09-04,19:30,352.1,1408.3
남산,2026-09-04,19:45,360.0,1440.0
남산,2026-09-04,20:00,380.2,1520.6
남산,2026-09-04,20:15,351.4,1405.4
남산,2026-09-04,20:30,360.7,1442.9
남산,2026-09-04,20:45,344.9,1379.5
남산,2026-09-04,21:00,331.2,1324.8
남산,2026-09-04,21:15,327.6,1310.4
남산,2026-09-04,21:30,339.1,1356.5
남산,2026-09-04,21:45,337.7,1350.7
남산,2026-09-04,22:00,334.8,1339.2
남산,2026-09-04,22:15,302.4,1209.6
남산,2026-09-04,22:30,294.5,1177.9
남산,2026-09-04,22:45,281.5,1126.1
남산,2026-09-04,23:00,266.4,1065.6
남산,2026-09-04,23:15,277.2,1108.8
남산,2026-09-04,23:30,270.7,1082.9
남산,2026-09-04,23:45,254.9,1019.5
남산,2026-09-04,24:00,199.4,797.8
남산,2026-09-05,00:15,151.9,607.7
남산,2026-09-05,00:30,113.0,452.2
남산,2026-09-05,00:45,115.9,463.7
남산,2026-09-05,01:00,102.2,409.0
남산,2026-09-05,01:15,103.7,414.7
남산,2026-09-05,01:30,95.0,380.2
남산,2026-09-05,01:45,96.5,385.9
남산,2026-09-05,02:00,92.2,368.6
남산,2026-09-05,02:15,92.9,371.5
남산,2026-09-05,02:30,98.6,394.6
남산,2026-09-05,02:45,92.2,368.6
남산,2026-09-05,03:00,97.2,388.8
남산,2026-09-05,03:15,94.3,377.3
남산,2026-09-05,03:30,96.5,385.9
남산,2026-09-05,03:45,92.2,368.6
남산,2026-09-05,04:00,96.5,385.9
남산,2026-09-05,04:15,100.1,400.3
남산,2026-09-05,04:30,94.3,377.3
남산,2026-09-05,04:45,92.2,368.6
남산,2026-09-05,05:00,97.2,388.8
남산,2026-09-05,05:15,125.3,501.1
남산,2026-09-05,05:30,138.2,553.0
남산,2026-09-05,05:45,218.2,872.6
남산,2026-09-05,06:00,268.6,1074.2
남산,2026-09-05,06:15,313.2,1252.8
남산,2026-09-05,06:30,326.2,1304.6
남산,2026-09-05,06:45,316.8,1267.2
남산,2026-09-05,07:00,330.5,1321.9
남산,2026-09-05,07:15,334.1,1336.3
남산,2026-09-05,07:30,355.0,1419.8
남산,2026-09-05,07:45,342.7,1370.9
남산,2026-09-05,08:00,364.3,1457.3
남산,2026-09-05,08:15,373.0,1491.8
남산,2026-09-05,08:30,370.8,1483.2
남산,2026-09-05,08:45,354.2,1417.0
남산,2026-09-05,09:00,313.2,1252.8
남산,2026-09-05,09:15,342.7,1370.9
남산,2026-09-05,09:30,405.4,1621.4
남산,2026-09-05,09:45,399.6,1598.4
남산,2026-09-05,10:00,393.8,1575.4
남산,2026-09-05,10:15,331.2,1324.8
남산,2026-09-05,10:30,318.2,1273.0
남산,2026-09-05,10:45,305.3,1221.1
남산,2026-09-05,11:00,324.0,1296.0
남산,2026-09-05,11:15,314.6,1258.6
남산,2026-09-05,11:30,331.2,1324.8
남산,2026-09-05,11:45,332.6,1330.6
남산,2026-09-05,12:00,334.8,1339.2
남산,2026-09-05,12:15,352.8,1411.2
남산,2026-09-05,12:30,347.0,1388.2
남산,2026-09-05,12:45,355.7,1422.7
남산,2026-09-05,13:00,345.6,1382.4
남산,2026-09-05,13:15,351.4,1405.4
남산,2026-09-05,13:30,352.1,1408.3
남산,2026-09-05,13:45,357.8,1431.4
남산,2026-09-05,14:00,361.4,1445.8
남산,2026-09-05,14:15,351.4,1405.4
남산,2026-09-05,14:30,361.4,1445.8
남산,2026-09-05,14:45,351.4,1405.4
남산,2026-09-05,15:00,378.7,1514.9
남산,2026-09-05,15:15,433.4,1733.8
남산,2026-09-05,15:30,452.2,1808.6
남산,2026-09-05,15:45,445.0,1779.8
남산,2026-09-05,16:00,436.3,1745.3
남산,2026-09-05,16:15,450.7,1802.9
남산,2026-09-05,16:30,434.9,1739.5
남산,2026-09-05,16:45,434.2,1736.6
남산,2026-09-05,17:00,425.5,1702.1
남산,2026-09-05,17:15,446.4,1785.6
남산,2026-09-05,17:30,434.9,1739.5
남산,2026-09-05,17:45,439.2,1756.8
남산,2026-09-05,18:00,439.9,1759.7
남산,2026-09-05,18:15,419.8,1679.0
남산,2026-09-05,18:30,421.9,1687.7
남산,2026-09-05,18:45,435.6,1742.4
남산,2026-09-05,19:00,429.8,1719.4
남산,2026-09-05,19:15,427.0,1707.8
남산,2026-09-05,19:30,411.8,1647.4
남산,2026-09-05,19:45,422.6,1690.6
남산,2026-09-05,20:00,411.1,1644.5
남산,2026-09-05,20:15,394.6,1578.2
남산,2026-09-05,20:30,404.6,1618.6
남산,2026-09-05,20:45,409.7,1638.7
남산,2026-09-05,21:00,394.6,1578.2
남산,2026-09-05,21:15,396.0,1584.0
남산,2026-09-05,21:30,398.2,1592.6
남산,2026-09-05,21:45,380.9,1523.5
남산,2026-09-05,22:00,375.1,1500.5
남산,2026-09-05,22:15,385.9,1543.7
남산,2026-09-05,22:30,365.0,1460.2
남산,2026-09-05,22:45,369.4,1477.4
남산,2026-09-05,23:00,350.6,1402.6
남산,2026-09-05,23:15,334.1,1336.3
남산,2026-09-05,23:30,324.7,1298.9
남산,2026-09-05,23:45,306.7,1226.9
남산,2026-09-05,24:00,244.1,976.3
남산,2026-09-06,00:15,150.5,601.9
남산,2026-09-06,00:30,108.7,434.9
남산,2026-09-06,00:45,108.0,432.0
남산,2026-09-06,01:00,97.2,388.8
남산,2026-09-06,01:15,94.3,377.3
남산,2026-09-06,01:30,94.3,377.3
남산,2026-09-06,01:45,90.0,360.0
남산,2026-09-06,02:00,92.2,368.6
남산,2026-09-06,02:15,90.7,362.9
남산,2026-09-06,02:30,91.4,365.8
남산,2026-09-06,02:45,92.9,371.5
남산,2026-09-06,03:00,92.2,368.6
남산,2026-09-06,03:15,90.7,362.9
남산,2026-09-06,03:30,87.1,348.5
남산,2026-09-06,03:45,88.6,354.2
남산,2026-09-06,04:00,91.4,365.8
남산,2026-09-06,04:15,91.4,365.8
남산,2026-09-06,04:30,96.5,385.9
남산,2026-09-06,04:45,92.2,368.6
남산,2026-09-06,05:00,100.8,403.2
남산,2026-09-06,05:15,130.3,521.3
남산,2026-09-06,05:30,151.9,607.7
남산,2026-09-06,05:45,209.5,838.1
남산,2026-09-06,06:00,274.3,1097.3
남산,2026-09-06,06:15,301.7,1206.7
남산,2026-09-06,06:30,312.5,1249.9
남산,2026-09-06,06:45,307.4,1229.8
남산,2026-09-06,07:00,307.4,1229.8
남산,2026-09-06,07:15,320.4,1281.6
남산,2026-09-06,07:30,342.7,1370.9
남산,2026-09-06,07:45,352.1,1408.3
남산,2026-09-06,08:00,365.0,1460.2
남산,2026-09-06,08:15,371.5,1486.1
남산,2026-09-06,08:30,369.4,1477.4
남산,2026-09-06,08:45,391.0,1563.8
남산,2026-09-06,09:00,383.8,1535.0
남산,2026-09-06,09:15,383.8,1535.0
남산,2026-09-06,09:30,373.7,1494.7
남산,2026-09-06,09:45,391.0,1563.8
남산,2026-09-06,10:00,383.8,1535.0
남산,2026-09-06,10:15,351.4,1405.4
남산,2026-09-06,10:30,352.8,1411.2
남산,2026-09-06,10:45,330.5,1321.9
남산,2026-09-06,11:00,312.5,1249.9
남산,2026-09-06,11:15,329.0,1316.2
남산,2026-09-06,11:30,325.4,1301.8
남산,2026-09-06,11:45,319.7,1278.7
남산,2026-09-06,12:00,328.3,1313.3
남산,2026-09-06,12:15,317.5,1270.1
남산,2026-09-06,12:30,329.8,1319.0
남산,2026-09-06,12:45,295.2,1180.8
남산,2026-09-06,13:00,280.8,1123.2
남산,2026-09-06,13:15,291.6,1166.4
남산,2026-09-06,13:30,285.8,1143.4
남산,2026-09-06,13:45,288.7,1154.9
남산,2026-09-06,14:00,283.0,1131.8
남산,2026-09-06,14:15,286.6,1146.2
남산,2026-09-06,14:30,265.7,1062.7
남산,2026-09-06,14:45,296.6,1186.6
남산,2026-09-06,15:00,295.9,1183.7
남산,2026-09-06,15:15,310.3,1241.3
남산,2026-09-06,15:30,314.6,1258.6
남산,2026-09-06,15:45,298.1,1192.3
남산,2026-09-06,16:00,306.7,1226.9
남산,2026-09-06,16:15,305.3,1221.1
남산,2026-09-06,16:30,323.3,1293.1
남산,2026-09-06,16:45,336.2,1345.0
남산,2026-09-06,17:00,347.0,1388.2
남산,2026-09-06,17:15,357.8,1431.4
남산,2026-09-06,17:30,349.2,1396.8
남산,2026-09-06,17:45,357.1,1428.5
남산,2026-09-06,18:00,319.7,1278.7
남산,2026-09-06,18:15,323.3,1293.1
남산,2026-09-06,18:30,0.0,0.0
남산,2026-09-06,18:45,0.0,0.0
남산,2026-09-06,19:00,0.0,0.0
남산,2026-09-06,19:15,0.0,0.0
남산,2026-09-06,19:30,0.0,0.0
남산,2026-09-06,19:45,0.0,0.0
남산,2026-09-06,20:00,0.0,0.0
남산,2026-09-06,20:15,0.0,0.0
남산,2026-09-06,20:30,0.0,0.0
남산,2026-09-06,20:45,0.0,0.0
남산,2026-09-06,21:00,0.0,0.0
남산,2026-09-06,21:15,0.0,0.0
남산,2026-09-06,21:30,0.0,0.0
남산,2026-09-06,21:45,0.0,0.0
남산,2026-09-06,22:00,0.0,0.0
남산,2026-09-06,22:15,0.0,0.0
남산,2026-09-06,22:30,0.0,0.0
남산,2026-09-06,22:45,0.0,0.0
남산,2026-09-06,23:00,0.0,0.0
남산,2026-09-06,23:15,0.0,0.0
남산,2026-09-06,23:30,0.0,0.0
남산,2026-09-06,23:45,0.0,0.0
남산,2026-09-06,24:00,0.0,0.0
범물기지,2026-09-04,00:15,75.6,302.4
범물기지,2026-09-04,00:30,55.4,221.8
범물기지,2026-09-04,00:45,49.0,195.8
범물기지,2026-09-04,01:00,43.2,172.8
범물기지,2026-09-04,01:15,43.9,175.7
범물기지,2026-09-04,01:30,46.8,187.2
범물기지,2026-09-04,01:45,44.6,178.6
범물기지,2026-09-04,02:00,48.2,193.0
범물기지,2026-09-04,02:15,46.1,184.3
범물기지,2026-09-04,02:30,52.6,210.2
범물기지,2026-09-04,02:45,46.8,187.2
범물기지,2026-09-04,03:00,50.4,201.6
범물기지,2026-09-04,03:15,47.5,190.1
범물기지,2026-09-04,03:30,51.8,207.4
범물기지,2026-09-04,03:45,46.8,187.2
범물기지,2026-09-04,04:00,48.2,193.0
범물기지,2026-09-04,04:15,48.2,193.0
범물기지,2026-09-04,04:30,51.1,204.5
범물기지,2026-09-04,04:45,54.7,218.9
범물기지,2026-09-04,05:00,62.6,250.6
범물기지,2026-09-04,05:15,74.9,299.5
범물기지,2026-09-04,05:30,100.8,403.2
범물기지,2026-09-04,05:45,169.9,679.7
범물기지,2026-09-04,06:00,167.0,668.2
범물기지,2026-09-04,06:15,192.2,769.0
범물기지,2026-09-04,06:30,200.9,803.5
범물기지,2026-09-04,06:45,199.4,797.8
범물기지,2026-09-04,07:00,217.4,869.8
범물기지,2026-09-04,07:15,219.6,878.4
범물기지,2026-09-04,07:30,258.5,1033.9
범물기지,2026-09-04,07:45,272.9,1091.5
범물기지,2026-09-04,08:00,288.0,1152.0
범물기지,2026-09-04,08:15,271.4,1085.8
범물기지,2026-09-04,08:30,293.8,1175.0
범물기지,2026-09-04,08:45,311.0,1244.2
범물기지,2026-09-04,09:00,249.8,999.4
범물기지,2026-09-04,09:15,234.7,938.9
범물기지,2026-09-04,09:30,238.3,953.3
범물기지,2026-09-04,09:45,234.7,938.9
범물기지,2026-09-04,10:00,210.2,841.0
범물기지,2026-09-04,10:15,227.5,910.1
범물기지,2026-09-04,10:30,223.2,892.8
범물기지,2026-09-04,10:45,233.3,933.1
범물기지,2026-09-04,11:00,221.8,887.0
범물기지,2026-09-04,11:15,241.9,967.7
범물기지,2026-09-04,11:30,243.4,973.4
범물기지,2026-09-04,11:45,241.9,967.7
범물기지,2026-09-04,12:00,249.8,999.4
범물기지,2026-09-04,12:15,248.4,993.6
범물기지,2026-09-04,12:30,258.5,1033.9
범물기지,2026-09-04,12:45,241.9,967.7
범물기지,2026-09-04,13:00,241.2,964.8
범물기지,2026-09-04,13:15,226.8,907.2
범물기지,2026-09-04,13:30,223.2,892.8
범물기지,2026-09-04,13:45,230.4,921.6
범물기지,2026-09-04,14:00,236.9,947.5
범물기지,2026-09-04,14:15,235.4,941.8
범물기지,2026-09-04,14:30,234.7,938.9
범물기지,2026-09-04,14:45,245.5,982.1
범물기지,2026-09-04,15:00,241.9,967.7
범물기지,2026-09-04,15:15,248.4,993.6
범물기지,2026-09-04,15:30,251.3,1005.1
범물기지,2026-09-04,15:45,247.7,990.7
범물기지,2026-09-04,16:00,252.7,1010.9
범물기지,2026-09-04,16:15,259.9,1039.7
범물기지,2026-09-04,16:30,262.1,1048.3
범물기지,2026-09-04,16:45,239.0,956.2
범물기지,2026-09-04,17:00,230.4,921.6
범물기지,2026-09-04,17:15,244.1,976.3
범물기지,2026-09-04,17:30,267.1,1068.5
범물기지,2026-09-04,17:45,293.0,1172.2
범물기지,2026-09-04,18:00,287.3,1149.1
범물기지,2026-09-04,18:15,296.6,1186.6
범물기지,2026-09-04,18:30,290.9,1163.5
범물기지,2026-09-04,18:45,295.9,1183.7
범물기지,2026-09-04,19:00,262.8,1051.2
범물기지,2026-09-04,19:15,250.6,1002.2
범물기지,2026-09-04,19:30,244.1,976.3
범물기지,2026-09-04,19:45,227.5,910.1
범물기지,2026-09-04,20:00,254.2,1016.6
범물기지,2026-09-04,20:15,248.4,993.6
범물기지,2026-09-04,20:30,239.8,959.0
범물기지,2026-09-04,20:45,241.2,964.8
범물기지,2026-09-04,21:00,218.2,872.6
범물기지,2026-09-04,21:15,216.0,864.0
범물기지,2026-09-04,21:30,215.3,861.1
범물기지,2026-09-04,21:45,225.4,901.4
범물기지,2026-09-04,22:00,213.1,852.5
범물기지,2026-09-04,22:15,200.2,800.6
범물기지,2026-09-04,22:30,181.4,725.8
범물기지,2026-09-04,22:45,185.0,740.2
범물기지,2026-09-04,23:00,172.8,691.2
범물기지,2026-09-04,23:15,183.6,734.4
범물기지,2026-09-04,23:30,179.3,717.1
범물기지,2026-09-04,23:45,157.0,627.8
범물기지,2026-09-04,24:00,144.7,578.9
범물기지,2026-09-05,00:15,69.1,276.5
범물기지,2026-09-05,00:30,48.2,193.0
범물기지,2026-09-05,00:45,46.1,184.3
범물기지,2026-09-05,01:00,41.8,167.0
범물기지,2026-09-05,01:15,41.8,167.0
범물기지,2026-09-05,01:30,40.3,161.3
범물기지,2026-09-05,01:45,43.2,172.8
범물기지,2026-09-05,02:00,41.0,164.2
범물기지,2026-09-05,02:15,46.8,187.2
범물기지,2026-09-05,02:30,44.6,178.6
범물기지,2026-09-05,02:45,45.4,181.4
범물기지,2026-09-05,03:00,47.5,190.1
범물기지,2026-09-05,03:15,47.5,190.1
범물기지,2026-09-05,03:30,49.0,195.8
범물기지,2026-09-05,03:45,46.8,187.2
범물기지,2026-09-05,04:00,46.8,187.2
범물기지,2026-09-05,04:15,47.5,190.1
범물기지,2026-09-05,04:30,44.6,178.6
범물기지,2026-09-05,04:45,46.8,187.2
범물기지,2026-09-05,05:00,56.9,227.5
범물기지,2026-09-05,05:15,67.7,270.7
범물기지,2026-09-05,05:30,82.8,331.2
범물기지,2026-09-05,05:45,123.1,492.5
범물기지,2026-09-05,06:00,115.9,463.7
범물기지,2026-09-05,06:15,143.3,573.1
범물기지,2026-09-05,06:30,149.8,599.0
범물기지,2026-09-05,06:45,141.8,567.4
범물기지,2026-09-05,07:00,148.3,593.3
범물기지,2026-09-05,07:15,151.9,607.7
범물기지,2026-09-05,07:30,164.2,656.6
범물기지,2026-09-05,07:45,173.5,694.1
범물기지,2026-09-05,08:00,187.2,748.8
범물기지,2026-09-05,08:15,190.8,763.2
범물기지,2026-09-05,08:30,183.6,734.4
범물기지,2026-09-05,08:45,191.5,766.1
범물기지,2026-09-05,09:00,240.5,961.9
범물기지,2026-09-05,09:15,239.8,959.0
범물기지,2026-09-05,09:30,188.6,754.6
범물기지,2026-09-05,09:45,172.1,688.3
범물기지,2026-09-05,10:00,186.5,745.9
범물기지,2026-09-05,10:15,226.1,904.3
범물기지,2026-09-05,10:30,220.3,881.3
범물기지,2026-09-05,10:45,225.4,901.4
범물기지,2026-09-05,11:00,233.3,933.1
범물기지,2026-09-05,11:15,243.4,973.4
범물기지,2026-09-05,11:30,217.4,869.8
범물기지,2026-09-05,11:45,235.4,941.8
범물기지,2026-09-05,12:00,227.5,910.1
범물기지,2026-09-05,12:15,237.6,950.4
범물기지,2026-09-05,12:30,245.5,982.1
범물기지,2026-09-05,12:45,240.5,961.9
범물기지,2026-09-05,13:00,243.4,973.4
범물기지,2026-09-05,13:15,239.0,956.2
범물기지,2026-09-05,13:30,230.4,921.6
범물기지,2026-09-05,13:45,243.4,973.4
범물기지,2026-09-05,14:00,248.4,993.6
범물기지,2026-09-05,14:15,243.4,973.4
범물기지,2026-09-05,14:30,244.8,979.2
범물기지,2026-09-05,14:45,249.8,999.4
범물기지,2026-09-05,15:00,248.4,993.6
범물기지,2026-09-05,15:15,202.3,809.3
범물기지,2026-09-05,15:30,200.9,803.5
범물기지,2026-09-05,15:45,213.8,855.4
범물기지,2026-09-05,16:00,193.7,774.7
범물기지,2026-09-05,16:15,211.0,843.8
범물기지,2026-09-05,16:30,207.4,829.4
범물기지,2026-09-05,16:45,203.0,812.2
범물기지,2026-09-05,17:00,203.0,812.2
범물기지,2026-09-05,17:15,201.6,806.4
범물기지,2026-09-05,17:30,205.2,820.8
범물기지,2026-09-05,17:45,199.4,797.8
범물기지,2026-09-05,18:00,200.9,803.5
범물기지,2026-09-05,18:15,185.8,743.0
범물기지,2026-09-05,18:30,162.7,650.9
범물기지,2026-09-05,18:45,182.2,728.6
범물기지,2026-09-05,19:00,169.2,676.8
범물기지,2026-09-05,19:15,181.4,725.8
범물기지,2026-09-05,19:30,177.1,708.5
범물기지,2026-09-05,19:45,177.8,711.4
범물기지,2026-09-05,20:00,176.4,705.6
범물기지,2026-09-05,20:15,169.9,679.7
범물기지,2026-09-05,20:30,175.7,702.7
범물기지,2026-09-05,20:45,164.9,659.5
범물기지,2026-09-05,21:00,167.8,671.0
범물기지,2026-09-05,21:15,154.1,616.3
범물기지,2026-09-05,21:30,161.3,645.1
범물기지,2026-09-05,21:45,154.1,616.3
범물기지,2026-09-05,22:00,153.4,613.4
범물기지,2026-09-05,22:15,157.0,627.8
범물기지,2026-09-05,22:30,143.3,573.1
범물기지,2026-09-05,22:45,151.9,607.7
범물기지,2026-09-05,23:00,139.7,558.7
범물기지,2026-09-05,23:15,131.8,527.0
범물기지,2026-09-05,23:30,131.8,527.0
범물기지,2026-09-05,23:45,118.8,475.2
범물기지,2026-09-05,24:00,112.3,449.3
범물기지,2026-09-06,00:15,68.4,273.6
범물기지,2026-09-06,00:30,54.0,216.0
범물기지,2026-09-06,00:45,48.2,193.0
범물기지,2026-09-06,01:00,41.8,167.0
범물기지,2026-09-06,01:15,41.8,167.0
범물기지,2026-09-06,01:30,41.8,167.0
범물기지,2026-09-06,01:45,43.2,172.8
범물기지,2026-09-06,02:00,43.9,175.7
범물기지,2026-09-06,02:15,42.5,169.9
범물기지,2026-09-06,02:30,42.5,169.9
범물기지,2026-09-06,02:45,38.9,155.5
범물기지,2026-09-06,03:00,41.8,167.0
범물기지,2026-09-06,03:15,41.8,167.0
범물기지,2026-09-06,03:30,42.5,169.9
범물기지,2026-09-06,03:45,43.2,172.8
범물기지,2026-09-06,04:00,43.9,175.7
범물기지,2026-09-06,04:15,43.2,172.8
범물기지,2026-09-06,04:30,42.5,169.9
범물기지,2026-09-06,04:45,42.5,169.9
범물기지,2026-09-06,05:00,43.9,175.7
범물기지,2026-09-06,05:15,55.4,221.8
범물기지,2026-09-06,05:30,65.5,262.1
범물기지,2026-09-06,05:45,117.4,469.4
범물기지,2026-09-06,06:00,115.9,463.7
범물기지,2026-09-06,06:15,122.4,489.6
범물기지,2026-09-06,06:30,131.0,524.2
범물기지,2026-09-06,06:45,119.5,478.1
범물기지,2026-09-06,07:00,137.5,550.1
범물기지,2026-09-06,07:15,135.4,541.4
범물기지,2026-09-06,07:30,146.9,587.5
범물기지,2026-09-06,07:45,151.9,607.7
범물기지,2026-09-06,08:00,146.9,587.5
범물기지,2026-09-06,08:15,148.3,593.3
범물기지,2026-09-06,08:30,144.0,576.0
범물기지,2026-09-06,08:45,151.9,607.7
범물기지,2026-09-06,09:00,159.8,639.4
범물기지,2026-09-06,09:15,144.0,576.0
범물기지,2026-09-06,09:30,147.6,590.4
범물기지,2026-09-06,09:45,153.4,613.4
범물기지,2026-09-06,10:00,148.3,593.3
범물기지,2026-09-06,10:15,188.6,754.6
범물기지,2026-09-06,10:30,215.3,861.1
범물기지,2026-09-06,10:45,208.8,835.2
범물기지,2026-09-06,11:00,219.6,878.4
범물기지,2026-09-06,11:15,213.8,855.4
범물기지,2026-09-06,11:30,218.2,872.6
범물기지,2026-09-06,11:45,208.1,832.3
범물기지,2026-09-06,12:00,207.4,829.4
범물기지,2026-09-06,12:15,213.1,852.5
범물기지,2026-09-06,12:30,213.8,855.4
범물기지,2026-09-06,12:45,241.2,964.8
범물기지,2026-09-06,13:00,261.4,1045.4
범물기지,2026-09-06,13:15,279.4,1117.4
범물기지,2026-09-06,13:30,267.1,1068.5
범물기지,2026-09-06,13:45,279.4,1117.4
범물기지,2026-09-06,14:00,281.5,1126.1
범물기지,2026-09-06,14:15,270.0,1080.0
범물기지,2026-09-06,14:30,270.0,1080.0
범물기지,2026-09-06,14:45,275.0,1100.2
범물기지,2026-09-06,15:00,279.4,1117.4
범물기지,2026-09-06,15:15,287.3,1149.1
범물기지,2026-09-06,15:30,295.9,1183.7
범물기지,2026-09-06,15:45,285.1,1140.5
범물기지,2026-09-06,16:00,287.3,1149.1
범물기지,2026-09-06,16:15,293.8,1175.0
범물기지,2026-09-06,16:30,287.3,1149.1
범물기지,2026-09-06,16:45,242.6,970.6
범물기지,2026-09-06,17:00,216.7,866.9
범물기지,2026-09-06,17:15,220.3,881.3
범물기지,2026-09-06,17:30,212.4,849.6
범물기지,2026-09-06,17:45,217.4,869.8
범물기지,2026-09-06,18:00,221.8,887.0
범물기지,2026-09-06,18:15,205.9,823.7
범물기지,2026-09-06,18:30,213.1,852.5
범물기지,2026-09-06,18:45,0.0,0.0
범물기지,2026-09-06,19:00,0.0,0.0
범물기지,2026-09-06,19:15,0.0,0.0
범물기지,2026-09-06,19:30,0.0,0.0
범물기지,2026-09-06,19:45,0.0,0.0
범물기지,2026-09-06,20:00,0.0,0.0
범물기지,2026-09-06,20:15,0.0,0.0
범물기지,2026-09-06,20:30,0.0,0.0
범물기지,2026-09-06,20:45,0.0,0.0
범물기지,2026-09-06,21:00,0.0,0.0
범물기지,2026-09-06,21:15,0.0,0.0
범물기지,2026-09-06,21:30,0.0,0.0
범물기지,2026-09-06,21:45,0.0,0.0
범물기지,2026-09-06,22:00,0.0,0.0
범물기지,2026-09-06,22:15,0.0,0.0
범물기지,2026-09-06,22:30,0.0,0.0
범물기지,2026-09-06,22:45,0.0,0.0
범물기지,2026-09-06,23:00,0.0,0.0
범물기지,2026-09-06,23:15,0.0,0.0
범물기지,2026-09-06,23:30,0.0,0.0
범물기지,2026-09-06,23:45,0.0,0.0
범물기지,2026-09-06,24:00,0.0,0.0
종합청사,2026-09-04,00:15,16.3,65.2
종합청사,2026-09-04,00:30,16.2,64.8
종합청사,2026-09-04,00:45,15.8,63.0
종합청사,2026-09-04,01:00,15.4,61.6
종합청사,2026-09-04,01:15,15.7,62.6
종합청사,2026-09-04,01:30,15.8,63.0
종합청사,2026-09-04,01:45,15.6,62.3
종합청사,2026-09-04,02:00,14.6,58.3
종합청사,2026-09-04,02:15,15.1,60.5
종합청사,2026-09-04,02:30,15.4,61.6
종합청사,2026-09-04,02:45,12.8,51.1
종합청사,2026-09-04,03:00,12.9,51.5
종합청사,2026-09-04,03:15,13.0,51.8
종합청사,2026-09-04,03:30,12.7,50.8
종합청사,2026-09-04,03:45,13.1,52.2
종합청사,2026-09-04,04:00,12.7,50.8
종합청사,2026-09-04,04:15,13.5,54.0
종합청사,2026-09-04,04:30,12.7,50.8
종합청사,2026-09-04,04:45,13.7,54.7
종합청사,2026-09-04,05:00,13.9,55.8
종합청사,2026-09-04,05:15,14.8,59.4
종합청사,2026-09-04,05:30,15.5,61.9
종합청사,2026-09-04,05:45,15.3,61.2
종합청사,2026-09-04,06:00,16.2,64.8
종합청사,2026-09-04,06:15,15.8,63.4
종합청사,2026-09-04,06:30,15.9,63.7
종합청사,2026-09-04,06:45,15.8,63.4
종합청사,2026-09-04,07:00,16.5,65.9
종합청사,2026-09-04,07:15,17.7,70.9
종합청사,2026-09-04,07:30,20.0,79.9
종합청사,2026-09-04,07:45,24.6,98.3
종합청사,2026-09-04,08:00,37.5,150.1
종합청사,2026-09-04,08:15,67.4,269.6
종합청사,2026-09-04,08:30,93.5,374.0
종합청사,2026-09-04,08:45,103.0,412.2
종합청사,2026-09-04,09:00,107.7,430.9
종합청사,2026-09-04,09:15,108.1,432.4
종합청사,2026-09-04,09:30,107.7,430.9
종합청사,2026-09-04,09:45,105.2,420.8
종합청사,2026-09-04,10:00,106.1,424.4
종합청사,2026-09-04,10:15,105.5,421.9
종합청사,2026-09-04,10:30,112.1,448.6
종합청사,2026-09-04,10:45,107.5,429.8
종합청사,2026-09-04,11:00,104.4,417.6
종합청사,2026-09-04,11:15,106.7,426.6
종합청사,2026-09-04,11:30,105.2,420.8
종합청사,2026-09-04,11:45,103.7,414.7
종합청사,2026-09-04,12:00,104.2,416.9
종합청사,2026-09-04,12:15,100.5,402.1
종합청사,2026-09-04,12:30,96.4,385.6
종합청사,2026-09-04,12:45,96.0,384.1
종합청사,2026-09-04,13:00,102.3,409.3
종합청사,2026-09-04,13:15,104.2,416.9
종합청사,2026-09-04,13:30,102.5,410.0
종합청사,2026-09-04,13:45,102.3,409.3
종합청사,2026-09-04,14:00,100.9,403.6
종합청사,2026-09-04,14:15,99.2,396.7
종합청사,2026-09-04,14:30,96.9,387.7
종합청사,2026-09-04,14:45,97.6,390.2
종합청사,2026-09-04,15:00,95.8,383.4
종합청사,2026-09-04,15:15,96.4,385.6
종합청사,2026-09-04,15:30,95.8,383.0
종합청사,2026-09-04,15:45,97.4,389.5
종합청사,2026-09-04,16:00,99.5,398.2
종합청사,2026-09-04,16:15,96.9,387.7
종합청사,2026-09-04,16:30,96.0,384.1
종합청사,2026-09-04,16:45,92.4,369.7
종합청사,2026-09-04,17:00,92.2,368.6
종합청사,2026-09-04,17:15,92.8,371.2
종합청사,2026-09-04,17:30,92.5,370.1
종합청사,2026-09-04,17:45,90.1,360.4
종합청사,2026-09-04,18:00,81.6,326.5
종합청사,2026-09-04,18:15,51.2,204.8
종합청사,2026-09-04,18:30,41.2,164.9
종합청사,2026-09-04,18:45,29.7,118.8
종합청사,2026-09-04,19:00,28.2,112.7
종합청사,2026-09-04,19:15,25.6,102.2
종합청사,2026-09-04,19:30,23.9,95.4
종합청사,2026-09-04,19:45,23.9,95.8
종합청사,2026-09-04,20:00,22.2,88.9
종합청사,2026-09-04,20:15,21.6,86.4
종합청사,2026-09-04,20:30,21.4,85.7
종합청사,2026-09-04,20:45,20.6,82.4
종합청사,2026-09-04,21:00,20.6,82.4
종합청사,2026-09-04,21:15,19.2,76.7
종합청사,2026-09-04,21:30,17.8,71.3
종합청사,2026-09-04,21:45,18.9,75.6
종합청사,2026-09-04,22:00,17.9,71.6
종합청사,2026-09-04,22:15,18.6,74.5
종합청사,2026-09-04,22:30,17.8,71.3
종합청사,2026-09-04,22:45,18.6,74.5
종합청사,2026-09-04,23:00,18.4,73.8
종합청사,2026-09-04,23:15,17.1,68.4
종합청사,2026-09-04,23:30,16.3,65.2
종합청사,2026-09-04,23:45,16.0,64.1
종합청사,2026-09-04,24:00,20.4,81.7
종합청사,2026-09-05,00:15,14.9,59.8
종합청사,2026-09-05,00:30,15.0,60.1
종합청사,2026-09-05,00:45,15.8,63.4
종합청사,2026-09-05,01:00,15.7,62.6
종합청사,2026-09-05,01:15,14.8,59.0
종합청사,2026-09-05,01:30,14.5,58.0
종합청사,2026-09-05,01:45,15.0,60.1
종합청사,2026-09-05,02:00,14.6,58.3
종합청사,2026-09-05,02:15,14.8,59.0
종합청사,2026-09-05,02:30,14.9,59.8
종합청사,2026-09-05,02:45,14.6,58.3
종합청사,2026-09-05,03:00,13.6,54.4
종합청사,2026-09-05,03:15,13.8,55.1
종합청사,2026-09-05,03:30,13.9,55.4
종합청사,2026-09-05,03:45,12.9,51.5
종합청사,2026-09-05,04:00,13.0,51.8
종합청사,2026-09-05,04:15,13.5,54.0
종합청사,2026-09-05,04:30,12.9,51.5
종합청사,2026-09-05,04:45,13.9,55.8
종합청사,2026-09-05,05:00,14.1,56.5
종합청사,2026-09-05,05:15,15.1,60.5
종합청사,2026-09-05,05:30,15.9,63.7
종합청사,2026-09-05,05:45,15.2,60.8
종합청사,2026-09-05,06:00,14.6,58.3
종합청사,2026-09-05,06:15,14.8,59.0
종합청사,2026-09-05,06:30,15.5,61.9
종합청사,2026-09-05,06:45,15.8,63.0
종합청사,2026-09-05,07:00,15.9,63.7
종합청사,2026-09-05,07:15,16.6,66.2
종합청사,2026-09-05,07:30,16.5,65.9
종합청사,2026-09-05,07:45,19.2,76.7
종합청사,2026-09-05,08:00,19.3,77.0
종합청사,2026-09-05,08:15,22.5,90.0
종합청사,2026-09-05,08:30,30.2,121.0
종합청사,2026-09-05,08:45,22.7,90.7
종합청사,2026-09-05,09:00,22.1,88.2
종합청사,2026-09-05,09:15,21.2,85.0
종합청사,2026-09-05,09:30,21.3,85.3
종합청사,2026-09-05,09:45,21.8,87.1
종합청사,2026-09-05,10:00,21.6,86.4
종합청사,2026-09-05,10:15,22.1,88.2
종합청사,2026-09-05,10:30,23.6,94.3
종합청사,2026-09-05,10:45,22.8,91.1
종합청사,2026-09-05,11:00,22.9,91.8
종합청사,2026-09-05,11:15,23.5,94.0
종합청사,2026-09-05,11:30,22.6,90.4
종합청사,2026-09-05,11:45,24.4,97.6
종합청사,2026-09-05,12:00,23.6,94.3
종합청사,2026-09-05,12:15,23.5,94.0
종합청사,2026-09-05,12:30,22.1,88.2
종합청사,2026-09-05,12:45,22.5,90.0
종합청사,2026-09-05,13:00,23.9,95.8
종합청사,2026-09-05,13:15,23.9,95.4
종합청사,2026-09-05,13:30,23.6,94.3
종합청사,2026-09-05,13:45,22.6,90.4
종합청사,2026-09-05,14:00,22.4,89.6
종합청사,2026-09-05,14:15,23.5,94.0
종합청사,2026-09-05,14:30,22.9,91.8
종합청사,2026-09-05,14:45,21.7,86.8
종합청사,2026-09-05,15:00,21.8,87.1
종합청사,2026-09-05,15:15,22.7,90.7
종합청사,2026-09-05,15:30,22.3,89.3
종합청사,2026-09-05,15:45,22.6,90.4
종합청사,2026-09-05,16:00,24.3,97.2
종합청사,2026-09-05,16:15,23.7,94.7
종합청사,2026-09-05,16:30,24.9,99.7
종합청사,2026-09-05,16:45,23.5,94.0
종합청사,2026-09-05,17:00,24.1,96.5
종합청사,2026-09-05,17:15,22.9,91.8
종합청사,2026-09-05,17:30,24.8,99.0
종합청사,2026-09-05,17:45,23.9,95.4
종합청사,2026-09-05,18:00,23.7,94.7
종합청사,2026-09-05,18:15,26.6,106.6
종합청사,2026-09-05,18:30,32.9,131.4
종합청사,2026-09-05,18:45,23.2,92.9
종합청사,2026-09-05,19:00,23.1,92.5
종합청사,2026-09-05,19:15,22.7,90.7
종합청사,2026-09-05,19:30,22.0,87.8
종합청사,2026-09-05,19:45,22.1,88.2
종합청사,2026-09-05,20:00,21.7,86.8
종합청사,2026-09-05,20:15,21.7,86.8
종합청사,2026-09-05,20:30,21.3,85.3
종합청사,2026-09-05,20:45,20.9,83.5
종합청사,2026-09-05,21:00,21.1,84.2
종합청사,2026-09-05,21:15,25.0,100.1
종합청사,2026-09-05,21:30,18.6,74.5
종합청사,2026-09-05,21:45,18.3,73.1
종합청사,2026-09-05,22:00,17.3,69.1
종합청사,2026-09-05,22:15,18.2,72.7
종합청사,2026-09-05,22:30,17.4,69.5
종합청사,2026-09-05,22:45,17.5,69.8
종합청사,2026-09-05,23:00,16.8,67.3
종합청사,2026-09-05,23:15,16.6,66.2
종합청사,2026-09-05,23:30,16.5,65.9
종합청사,2026-09-05,23:45,16.2,64.8
종합청사,2026-09-05,24:00,15.4,61.6
종합청사,2026-09-06,00:15,13.3,53.3
종합청사,2026-09-06,00:30,12.5,50.0
종합청사,2026-09-06,00:45,13.1,52.6
종합청사,2026-09-06,01:00,12.5,50.0
종합청사,2026-09-06,01:15,12.4,49.7
종합청사,2026-09-06,01:30,12.7,50.8
종합청사,2026-09-06,01:45,12.5,50.0
종합청사,2026-09-06,02:00,12.4,49.7
종합청사,2026-09-06,02:15,12.9,51.5
종합청사,2026-09-06,02:30,13.2,52.9
종합청사,2026-09-06,02:45,12.8,51.1
종합청사,2026-09-06,03:00,12.4,49.7
종합청사,2026-09-06,03:15,12.5,50.0
종합청사,2026-09-06,03:30,12.2,49.0
종합청사,2026-09-06,03:45,12.9,51.5
종합청사,2026-09-06,04:00,12.7,50.8
종합청사,2026-09-06,04:15,13.0,51.8
종합청사,2026-09-06,04:30,13.6,54.4
종합청사,2026-09-06,04:45,14.6,58.3
종합청사,2026-09-06,05:00,14.3,57.2
종합청사,2026-09-06,05:15,14.6,58.3
종합청사,2026-09-06,05:30,15.1,60.5
종합청사,2026-09-06,05:45,15.7,62.6
종합청사,2026-09-06,06:00,16.1,64.4
종합청사,2026-09-06,06:15,14.2,56.9
종합청사,2026-09-06,06:30,14.6,58.3
종합청사,2026-09-06,06:45,14.4,57.6
종합청사,2026-09-06,07:00,14.2,56.9
종합청사,2026-09-06,07:15,14.9,59.8
종합청사,2026-09-06,07:30,17.1,68.4
종합청사,2026-09-06,07:45,18.1,72.4
종합청사,2026-09-06,08:00,19.4,77.4
종합청사,2026-09-06,08:15,23.6,94.3
종합청사,2026-09-06,08:30,29.7,118.8
종합청사,2026-09-06,08:45,19.4,77.4
종합청사,2026-09-06,09:00,19.3,77.0
종합청사,2026-09-06,09:15,20.2,81.0
종합청사,2026-09-06,09:30,21.4,85.7
종합청사,2026-09-06,09:45,22.4,89.6
종합청사,2026-09-06,10:00,21.7,86.8
종합청사,2026-09-06,10:15,21.9,87.5
종합청사,2026-09-06,10:30,21.2,85.0
종합청사,2026-09-06,10:45,20.9,83.5
종합청사,2026-09-06,11:00,21.2,85.0
종합청사,2026-09-06,11:15,20.6,82.4
종합청사,2026-09-06,11:30,21.1,84.6
종합청사,2026-09-06,11:45,22.1,88.6
종합청사,2026-09-06,12:00,22.0,87.8
종합청사,2026-09-06,12:15,21.7,86.8
종합청사,2026-09-06,12:30,22.9,91.4
종합청사,2026-09-06,12:45,22.9,91.8
종합청사,2026-09-06,13:00,23.0,92.2
종합청사,2026-09-06,13:15,22.3,89.3
종합청사,2026-09-06,13:30,23.9,95.8
종합청사,2026-09-06,13:45,23.7,94.7
종합청사,2026-09-06,14:00,24.0,96.1
종합청사,2026-09-06,14:15,22.5,90.0
종합청사,2026-09-06,14:30,22.5,90.0
종합청사,2026-09-06,14:45,23.8,95.0
종합청사,2026-09-06,15:00,24.2,96.8
종합청사,2026-09-06,15:15,23.0,92.2
종합청사,2026-09-06,15:30,22.5,90.0
종합청사,2026-09-06,15:45,23.3,93.2
종합청사,2026-09-06,16:00,22.5,90.0
종합청사,2026-09-06,16:15,21.5,86.0
종합청사,2026-09-06,16:30,22.1,88.6
종합청사,2026-09-06,16:45,23.2,92.9
종합청사,2026-09-06,17:00,23.0,92.2
종합청사,2026-09-06,17:15,22.6,90.4
종합청사,2026-09-06,17:30,22.7,90.7
종합청사,2026-09-06,17:45,24.1,96.5
종합청사,2026-09-06,18:00,0.0,0.0
종합청사,2026-09-06,18:15,0.0,0.0
종합청사,2026-09-06,18:30,0.0,0.0
종합청사,2026-09-06,18:45,0.0,0.0
종합청사,2026-09-06,19:00,0.0,0.0
종합청사,2026-09-06,19:15,0.0,0.0
종합청사,2026-09-06,19:30,0.0,0.0
종합청사,2026-09-06,19:45,0.0,0.0
종합청사,2026-09-06,20:00,0.0,0.0
종합청사,2026-09-06,20:15,0.0,0.0
종합청사,2026-09-06,20:30,0.0,0.0
종합청사,2026-09-06,20:45,0.0,0.0
종합청사,2026-09-06,21:00,0.0,0.0
종합청사,2026-09-06,21:15,0.0,0.0
종합청사,2026-09-06,21:30,0.0,0.0
종합청사,2026-09-06,21:45,0.0,0.0
종합청사,2026-09-06,22:00,0.0,0.0
종합청사,2026-09-06,22:15,0.0,0.0
종합청사,2026-09-06,22:30,0.0,0.0
종합청사,2026-09-06,22:45,0.0,0.0
종합청사,2026-09-06,23:00,0.0,0.0
종합청사,2026-09-06,23:15,0.0,0.0
종합청사,2026-09-06,23:30,0.0,0.0
종합청사,2026-09-06,23:45,0.0,0.0
종합청사,2026-09-06,24:00,0.0,0.0
